utc_timestamp,Actual_Load,Predicted_Load_All_Features,Predicted_Load_Load_Only
2019-08-09 09:00:00+00:00,7751.000000000001,7864.842144427674,7783.760073154163
2019-08-09 10:00:00+00:00,7496.0,7827.400634010761,7790.102169312836
2019-08-09 11:00:00+00:00,7301.000000000001,7543.765785206944,7563.991739381745
2019-08-09 12:00:00+00:00,7224.000000000001,7300.879311995453,7371.996954549952
2019-08-09 13:00:00+00:00,7164.000000000001,7165.9279394692985,7291.35625467683
2019-08-09 14:00:00+00:00,7212.0,7040.057071674673,7218.585979809475
2019-08-09 15:00:00+00:00,7332.0,7019.422356432225,7250.039699287768
2019-08-09 16:00:00+00:00,7374.000000000001,7059.325738892468,7311.6112861931915
2019-08-09 17:00:00+00:00,7013.0,7000.926091527616,7249.561189074281
2019-08-09 18:00:00+00:00,6820.999999999999,6646.899633124102,6915.840484962546
2019-08-09 19:00:00+00:00,6582.000000000001,6531.543502912837,6691.062421420179
2019-08-09 20:00:00+00:00,6249.000000000001,6320.419476433599,6442.148922263284
2019-08-09 21:00:00+00:00,5747.000000000001,5971.323856754178,6056.797513971518
2019-08-09 22:00:00+00:00,5462.999999999999,5553.453116882597,5614.00161416576
2019-08-09 23:00:00+00:00,5143.0,5308.066616810756,5313.337557870506
2019-08-10 00:00:00+00:00,4988.0,4943.327653671967,5043.11502332351
2019-08-10 01:00:00+00:00,4780.0,4861.807171447437,4886.687520139461
2019-08-10 02:00:00+00:00,4774.0,4779.57783895665,4734.742443112727
2019-08-10 03:00:00+00:00,4971.0,4920.207886525934,4813.126220550136
2019-08-10 04:00:00+00:00,5328.0,5262.155909125168,5091.372958385637
2019-08-10 05:00:00+00:00,5925.000000000001,5662.013122980841,5531.894366463124
2019-08-10 06:00:00+00:00,6373.000000000002,6201.867672244761,6091.441364572161
2019-08-10 07:00:00+00:00,6644.0,6582.293719251901,6487.311796378738
2019-08-10 08:00:00+00:00,6772.0,6779.761718477239,6700.643807459315
2019-08-10 09:00:00+00:00,6893.0,6859.671448516121,6814.760046370587
2019-08-10 10:00:00+00:00,6724.000000000001,6857.152112701669,6837.432008320173
2019-08-10 11:00:00+00:00,6566.000000000001,6666.973441307929,6676.325824673322
2019-08-10 12:00:00+00:00,6519.0,6490.582105932952,6546.628306145361
2019-08-10 13:00:00+00:00,6506.000000000001,6439.097934672359,6516.390976260624
2019-08-10 14:00:00+00:00,6545.000000000002,6411.208755958208,6507.015430898091
2019-08-10 15:00:00+00:00,6682.0,6492.705565784757,6556.494191612521
2019-08-10 16:00:00+00:00,6618.000000000001,6501.3034912004505,6624.289178879661
2019-08-10 17:00:00+00:00,6296.000000000001,6370.709979734725,6483.943750204769
2019-08-10 18:00:00+00:00,6142.0,6057.125875701009,6219.129228687212
2019-08-10 19:00:00+00:00,5847.0,5863.385210110262,6045.793780072938
2019-08-10 20:00:00+00:00,5662.0,5575.624736312635,5774.772355861969
2019-08-10 21:00:00+00:00,5200.0,5345.44208224586,5514.824377439843
2019-08-10 22:00:00+00:00,4938.0,4962.217454318959,5111.790462001328
2019-08-10 23:00:00+00:00,4650.0,4731.9958873127025,4839.745630336192
2019-08-11 00:00:00+00:00,4575.0,4509.769223554243,4594.601827312647
2019-08-11 01:00:00+00:00,4451.0,4480.026434531607,4489.31936183113
2019-08-11 02:00:00+00:00,4413.0,4448.338519273647,4389.071299859336
2019-08-11 03:00:00+00:00,4520.0,4526.107515774103,4395.785121396448
2019-08-11 04:00:00+00:00,4683.0,4721.558588746432,4534.22925247686
2019-08-11 05:00:00+00:00,5184.0,4995.344354537556,4778.301357418953
2019-08-11 06:00:00+00:00,5530.0,5498.088606086038,5247.636029725476
2019-08-11 07:00:00+00:00,5790.0,5763.040900630176,5567.007692749579
2019-08-11 08:00:00+00:00,5940.0,5964.428041309929,5808.880696198893
2019-08-11 09:00:00+00:00,6029.000000000002,6053.687615142057,5945.02362141738
2019-08-11 10:00:00+00:00,5831.0,6030.315474150692,5962.256705611382
2019-08-11 11:00:00+00:00,5664.0,5781.643183733041,5782.822193006734
2019-08-11 12:00:00+00:00,5442.0,5574.410752386832,5638.40529999625
2019-08-11 13:00:00+00:00,5414.0,5328.158449996942,5468.859934131845
2019-08-11 14:00:00+00:00,5494.0,5253.211877110014,5456.88564664622
2019-08-11 15:00:00+00:00,5756.000000000002,5309.974164550818,5560.478060089817
2019-08-11 16:00:00+00:00,5974.000000000001,5499.722821684293,5790.815087495035
2019-08-11 17:00:00+00:00,5998.000000000001,5622.90930722805,5916.215719889993
2019-08-11 18:00:00+00:00,6052.0,5643.538780173668,5935.874802640441
2019-08-11 19:00:00+00:00,5917.000000000001,5718.9797358667065,5945.182856469071
2019-08-11 20:00:00+00:00,5840.000000000001,5598.0964501989,5812.527365136842
2019-08-11 21:00:00+00:00,5472.0,5468.077656678684,5632.537469963345
2019-08-11 22:00:00+00:00,5197.0,5168.961654111385,5298.402523413637
2019-08-11 23:00:00+00:00,4905.0,4943.073376167425,5023.1070552532055
2019-08-12 00:00:00+00:00,4777.0,4912.756786364607,4784.177794728976
2019-08-12 01:00:00+00:00,4686.0,4848.197411903118,4656.738259437071
2019-08-12 02:00:00+00:00,4816.0,4845.404779950296,4614.059061720115
2019-08-12 03:00:00+00:00,5387.0,5088.4671863977455,4825.2393855940145
2019-08-12 04:00:00+00:00,6306.0,5709.03084247712,5429.588158335084
2019-08-12 05:00:00+00:00,7184.000000000002,6614.914950888593,6309.244677956327
2019-08-12 06:00:00+00:00,7685.000000000001,7371.039728540641,7067.50799569642
2019-08-12 07:00:00+00:00,7915.000000000001,7790.467664683569,7495.192676697873
2019-08-12 08:00:00+00:00,8071.000000000002,7996.00915833068,7698.092475181824
2019-08-12 09:00:00+00:00,8201.0,8125.185023725103,7855.888204849656
2019-08-12 10:00:00+00:00,8073.000000000001,8133.773949322364,7900.622690321449
2019-08-12 11:00:00+00:00,8045.0,7933.623548711154,7784.897482569952
2019-08-12 12:00:00+00:00,7986.000000000001,7866.965086060827,7733.762601628172
2019-08-12 13:00:00+00:00,7904.000000000001,7822.739533429556,7684.159448102519
2019-08-12 14:00:00+00:00,7813.0,7655.187221932651,7622.45735524282
2019-08-12 15:00:00+00:00,7800.999999999999,7556.576729032025,7577.514249292965
2019-08-12 16:00:00+00:00,7776.000000000001,7574.975163566755,7575.134055601482
2019-08-12 17:00:00+00:00,7389.0,7454.584809814763,7496.6126227934365
2019-08-12 18:00:00+00:00,7050.000000000002,7089.069155655208,7173.250191523201
2019-08-12 19:00:00+00:00,6590.0,6771.9020737941855,6860.214252149836
2019-08-12 20:00:00+00:00,6274.000000000001,6332.630003758401,6451.809060625532
2019-08-12 21:00:00+00:00,5792.0,5979.247917547668,6081.122105260579
2019-08-12 22:00:00+00:00,5628.000000000001,5582.782561623076,5656.992016064322
2019-08-12 23:00:00+00:00,5245.999999999999,5418.916219348021,5445.901460869419
2019-08-13 00:00:00+00:00,5072.0,5129.100063055015,5133.184290174313
2019-08-13 01:00:00+00:00,4954.0,5039.706938780441,4968.4588270036265
2019-08-13 02:00:00+00:00,5036.0,5044.977289248831,4909.7300621576
2019-08-13 03:00:00+00:00,5541.0,5294.410229019345,5116.672107895257
2019-08-13 04:00:00+00:00,6388.0,5955.797087842483,5744.009515407689
2019-08-13 05:00:00+00:00,7239.0,6870.561313225156,6608.359799727869
2019-08-13 06:00:00+00:00,7737.000000000001,7664.488273875382,7361.11247247322
2019-08-13 07:00:00+00:00,7909.000000000001,8121.160028655507,7789.048425818649
2019-08-13 08:00:00+00:00,8088.0,8289.717537164777,7960.066571725562
2019-08-13 09:00:00+00:00,8217.0,8428.24463439924,8112.738318808785
2019-08-13 10:00:00+00:00,8013.000000000001,8415.306955311518,8141.482299607623
2019-08-13 11:00:00+00:00,7947.000000000001,8223.759457074495,7959.642035363499
2019-08-13 12:00:00+00:00,7772.0,8068.671402390698,7874.530715572137
2019-08-13 13:00:00+00:00,7703.0,7860.122423732092,7727.628621011723
2019-08-13 14:00:00+00:00,7583.0,7741.773225742548,7658.391414771434
2019-08-13 15:00:00+00:00,7549.000000000001,7585.808057153867,7584.5520473315155
2019-08-13 16:00:00+00:00,7529.0,7492.991874101382,7549.649677245641
2019-08-13 17:00:00+00:00,7160.0,7359.7158566253875,7421.610342799712
2019-08-13 18:00:00+00:00,6946.000000000001,6991.5159246809835,7083.420113232071
2019-08-13 19:00:00+00:00,6540.0,6733.131338945701,6836.679217622796
2019-08-13 20:00:00+00:00,6187.000000000001,6288.129288823526,6443.757367174808
2019-08-13 21:00:00+00:00,5742.000000000001,5943.317994763658,6049.890007940401
2019-08-13 22:00:00+00:00,5462.0,5594.995260107105,5660.5647397189405
2019-08-13 23:00:00+00:00,5092.0,5336.020677252645,5361.048139124296
2019-08-14 00:00:00+00:00,4952.0,5073.666162728575,5053.203256151573
2019-08-14 01:00:00+00:00,4816.0,5005.713951272285,4912.376334926874
2019-08-14 02:00:00+00:00,4938.0,4982.818531184667,4844.885561182421
2019-08-14 03:00:00+00:00,5436.0,5263.234651949287,5075.59140006419
2019-08-14 04:00:00+00:00,6345.000000000001,5908.325730705633,5679.127533152265
2019-08-14 05:00:00+00:00,7244.000000000002,6840.160065920569,6573.852513705609
2019-08-14 06:00:00+00:00,7622.0,7662.408196409279,7351.1079542170055
2019-08-14 07:00:00+00:00,7616.0,7989.226308894227,7687.767223401084
2019-08-14 08:00:00+00:00,7598.000000000001,7999.287543126694,7742.756289277019
2019-08-14 09:00:00+00:00,7645.000000000002,7979.466461875626,7755.806069308227
2019-08-14 10:00:00+00:00,7473.000000000002,7920.7511709742885,7735.343013263148
2019-08-14 11:00:00+00:00,7406.0,7714.954443671878,7586.445064223331
2019-08-14 12:00:00+00:00,7339.000000000001,7592.87016673892,7508.070355776565
2019-08-14 13:00:00+00:00,7283.0,7469.979614624668,7457.093107032628
2019-08-14 14:00:00+00:00,7111.0,7394.961019648651,7399.37072650837
2019-08-14 15:00:00+00:00,7179.0,7157.076129216278,7269.0531801515235
2019-08-14 16:00:00+00:00,7190.0,7130.928688730569,7298.963504686431
2019-08-14 17:00:00+00:00,6877.000000000001,7020.62985058571,7205.240393286421
2019-08-14 18:00:00+00:00,6760.999999999999,6704.218334375146,6915.532823486336
2019-08-14 19:00:00+00:00,6438.000000000001,6609.804902893187,6718.848934456313
2019-08-14 20:00:00+00:00,6088.000000000001,6264.669966576012,6370.195874344274
2019-08-14 21:00:00+00:00,5602.0,5889.709817103998,5972.378406431555
2019-08-14 22:00:00+00:00,5298.0,5496.972872254486,5531.522704054159
2019-08-14 23:00:00+00:00,4958.0,5271.8061117042125,5227.623966745236
2019-08-15 00:00:00+00:00,4852.0,4759.186608722249,4944.0279607607645
2019-08-15 01:00:00+00:00,4728.0,4710.610649030002,4831.221606625423
2019-08-15 02:00:00+00:00,4667.0,4707.322289132948,4772.0143736941
2019-08-15 03:00:00+00:00,4774.0,4837.017144135326,4863.809973994587
2019-08-15 04:00:00+00:00,4876.0,5173.11755906931,5172.708592674725
2019-08-15 05:00:00+00:00,5325.000000000001,5418.03394262642,5489.829588964624
2019-08-15 06:00:00+00:00,5603.0,5799.550725570516,5933.800590445718
2019-08-15 07:00:00+00:00,5793.0,6018.080374170896,6171.616347120783
2019-08-15 08:00:00+00:00,5900.000000000001,6147.850447577742,6320.5166062209355
2019-08-15 09:00:00+00:00,5999.000000000002,6199.088398026768,6403.572135377262
2019-08-15 10:00:00+00:00,5833.0,6191.989129410938,6423.655529454918
2019-08-15 11:00:00+00:00,5660.0,6007.470884644331,6289.726349329924
2019-08-15 12:00:00+00:00,5623.999999999999,5810.119144544417,6139.079950280368
2019-08-15 13:00:00+00:00,5676.0,5708.271047589672,6096.992676824399
2019-08-15 14:00:00+00:00,5767.000000000002,5680.405693176983,6111.212460866924
2019-08-15 15:00:00+00:00,5949.000000000001,5738.916785968497,6189.320153480417
2019-08-15 16:00:00+00:00,6040.000000000002,5838.4110084030035,6310.897916278643
2019-08-15 17:00:00+00:00,5931.000000000002,5810.682635750141,6287.339641266415
2019-08-15 18:00:00+00:00,5987.000000000001,5731.206564732099,6162.98872422764
2019-08-15 19:00:00+00:00,5784.0,5717.02331872538,6126.5262358556665
2019-08-15 20:00:00+00:00,5608.999999999999,5492.7670025627185,5887.801671841826
2019-08-15 21:00:00+00:00,5224.000000000001,5262.152198525555,5622.885948314229
2019-08-15 22:00:00+00:00,5013.0,4884.797040745179,5245.284422753038
2019-08-15 23:00:00+00:00,4818.0,4726.148445790518,5000.0849400991865
2019-08-16 00:00:00+00:00,4730.0,4912.854807912489,4827.09534557802
2019-08-16 01:00:00+00:00,4606.0,4884.02672989596,4729.431389965752
2019-08-16 02:00:00+00:00,4682.0,4855.9600277207555,4649.33750509957
2019-08-16 03:00:00+00:00,5136.0,5060.225695900616,4813.987982456622
2019-08-16 04:00:00+00:00,5990.000000000001,5606.163701772137,5330.9915660624865
2019-08-16 05:00:00+00:00,6750.000000000002,6470.815057455028,6155.649792461955
2019-08-16 06:00:00+00:00,7162.000000000002,7171.986189096085,6812.938006938275
2019-08-16 07:00:00+00:00,7357.0,7496.532334726439,7147.268785866537
2019-08-16 08:00:00+00:00,7420.0,7624.647340332042,7308.9423715082885
2019-08-16 09:00:00+00:00,7422.0,7644.799190747094,7377.517507848549
2019-08-16 10:00:00+00:00,7185.0,7542.346767590991,7315.724591186846
2019-08-16 11:00:00+00:00,7017.000000000001,7259.381374533664,7089.594643339046
2019-08-16 12:00:00+00:00,6844.0,7039.988166926673,6948.131130835879
2019-08-16 13:00:00+00:00,6757.000000000001,6855.50844985937,6813.050589777677
2019-08-16 14:00:00+00:00,6702.0,6736.8434200832835,6765.680115353454
2019-08-16 15:00:00+00:00,6772.0,6654.195063003891,6763.087694239148
2019-08-16 16:00:00+00:00,6824.0,6670.031515299869,6829.944251442396
2019-08-16 17:00:00+00:00,6594.000000000001,6613.646909607897,6788.05557393306
2019-08-16 18:00:00+00:00,6512.000000000001,6386.451479011142,6584.995546773757
2019-08-16 19:00:00+00:00,6188.0,6346.600161953257,6461.703707022876
2019-08-16 20:00:00+00:00,5943.0,6039.825705300648,6143.836272636833
2019-08-16 21:00:00+00:00,5544.0,5800.22814275371,5834.418459577533
2019-08-16 22:00:00+00:00,5272.0,5486.726806365135,5468.4166450719895
2019-08-16 23:00:00+00:00,4939.0,5257.0996974264435,5189.841835358462
2019-08-17 00:00:00+00:00,4807.0,4852.776400294982,4907.404546849082
2019-08-17 01:00:00+00:00,4597.0,4769.5935325960945,4759.473749815406
2019-08-17 02:00:00+00:00,4611.0,4681.48872193254,4609.626292159943
2019-08-17 03:00:00+00:00,4882.0,4837.246052421267,4693.673405035575
2019-08-17 04:00:00+00:00,5189.999999999999,5235.549876336577,5028.97181843318
2019-08-17 05:00:00+00:00,5723.0,5631.4388853594755,5432.094674289884
2019-08-17 06:00:00+00:00,6081.000000000002,6138.871198405332,5944.509419299889
2019-08-17 07:00:00+00:00,6361.000000000001,6426.772008960463,6276.466364419607
2019-08-17 08:00:00+00:00,6443.000000000001,6588.400659519657,6512.547421225908
2019-08-17 09:00:00+00:00,6517.999999999999,6621.345451332075,6596.997074496493
2019-08-17 10:00:00+00:00,6375.000000000001,6579.667260563648,6600.356331821991
2019-08-17 11:00:00+00:00,6187.000000000001,6374.966561251152,6450.852637200299
2019-08-17 12:00:00+00:00,6087.0,6151.659994940147,6289.993472969787
2019-08-17 13:00:00+00:00,6111.000000000002,6000.494911894393,6207.166259390515
2019-08-17 14:00:00+00:00,6162.000000000001,5967.7607497687195,6228.331241150526
2019-08-17 15:00:00+00:00,6310.000000000001,5985.6181238917525,6298.391662405979
2019-08-17 16:00:00+00:00,6337.000000000001,6057.65352670294,6398.371489719745
2019-08-17 17:00:00+00:00,6067.000000000001,6027.649791403551,6336.5260990326005
2019-08-17 18:00:00+00:00,6042.000000000001,5770.551683632976,6100.996956623445
2019-08-17 19:00:00+00:00,5764.000000000001,5708.499250046765,5999.150385498818
2019-08-17 20:00:00+00:00,5644.0,5466.680418308058,5739.184670673756
2019-08-17 21:00:00+00:00,5198.0,5328.652953739031,5528.520751027015
2019-08-17 22:00:00+00:00,4975.0,4981.8316048336155,5127.627047295237
2019-08-17 23:00:00+00:00,4644.0,4796.8586539825565,4880.908783045362
2019-08-18 00:00:00+00:00,4582.0,4558.531524252168,4612.490986640272
2019-08-18 01:00:00+00:00,4431.0,4535.744965531047,4526.202810462198
2019-08-18 02:00:00+00:00,4394.0,4472.641470497248,4408.635143737459
2019-08-18 03:00:00+00:00,4517.0,4537.760544984193,4423.319347402327
2019-08-18 04:00:00+00:00,4655.0,4765.188707416136,4569.615947331355
2019-08-18 05:00:00+00:00,5101.0,5033.561942625525,4811.375279867394
2019-08-18 06:00:00+00:00,5405.0,5381.895719800704,5235.431026406228
2019-08-18 07:00:00+00:00,5658.000000000001,5649.525888201435,5531.993487759377
2019-08-18 08:00:00+00:00,5785.000000000001,5846.466161261679,5754.081528643961
2019-08-18 09:00:00+00:00,5868.000000000002,5924.848394116321,5870.831432782505
2019-08-18 10:00:00+00:00,5656.0,5898.163001249718,5881.468670445803
2019-08-18 11:00:00+00:00,5563.999999999999,5644.702763685532,5677.921808431451
2019-08-18 12:00:00+00:00,5501.0,5464.387660064898,5558.3587608622465
2019-08-18 13:00:00+00:00,5510.0,5344.678631381521,5508.207270830865
2019-08-18 14:00:00+00:00,5608.0,5312.439785866066,5534.573081301855
2019-08-18 15:00:00+00:00,5879.000000000002,5391.810796006225,5670.030372824414
2019-08-18 16:00:00+00:00,6081.000000000002,5604.672476534458,5914.756451954483
2019-08-18 17:00:00+00:00,6028.000000000001,5738.374210365846,6047.532498960704
2019-08-18 18:00:00+00:00,6174.000000000002,5704.314693891973,6017.413760824665
2019-08-18 19:00:00+00:00,6031.000000000001,5851.728265375358,6076.763235228116
2019-08-18 20:00:00+00:00,5872.0,5753.295404330033,5947.173132082752
2019-08-18 21:00:00+00:00,5462.0,5560.697672879775,5723.049852888235
2019-08-18 22:00:00+00:00,5274.0,5219.166701190083,5349.833854586465
2019-08-18 23:00:00+00:00,5047.0,5049.14012559918,5128.277570492229
2019-08-19 00:00:00+00:00,4994.0,5053.681294745451,4931.178101707235
2019-08-19 01:00:00+00:00,4863.0,5044.85024463053,4862.642058820637
2019-08-19 02:00:00+00:00,4999.0,5052.597338500353,4789.451480259142
2019-08-19 03:00:00+00:00,5629.0,5288.979451843291,5012.659962588544
2019-08-19 04:00:00+00:00,6657.000000000002,5958.914799942358,5669.682572111464
2019-08-19 05:00:00+00:00,7585.000000000002,6961.866057841736,6634.723368313617
2019-08-19 06:00:00+00:00,8112.000000000002,7796.171778022936,7440.368369551308
2019-08-19 07:00:00+00:00,8267.000000000002,8270.91834263586,7893.280388721854
2019-08-19 08:00:00+00:00,8319.000000000002,8415.71205424327,8048.30272803398
2019-08-19 09:00:00+00:00,8453.000000000002,8413.271141275742,8119.048602331411
2019-08-19 10:00:00+00:00,8288.0,8395.712133227133,8176.26949397557
2019-08-19 11:00:00+00:00,8246.0,8183.87311119309,8042.6679431272
2019-08-19 12:00:00+00:00,8190.000000000001,8060.984806106805,7995.549172276485
2019-08-19 13:00:00+00:00,8171.000000000001,7939.981146534479,7939.0251700718145
2019-08-19 14:00:00+00:00,8090.000000000002,7879.4378071972405,7914.677320471233
2019-08-19 15:00:00+00:00,8054.000000000001,7759.930510742473,7873.6062727623
2019-08-19 16:00:00+00:00,8050.0,7747.161422267553,7857.756475979462
2019-08-19 17:00:00+00:00,7749.000000000002,7593.921534565545,7773.900104224997
2019-08-19 18:00:00+00:00,7580.0,7290.13603791553,7496.300206951468
2019-08-19 19:00:00+00:00,7028.000000000001,7120.674791124277,7269.656428353157
2019-08-19 20:00:00+00:00,6602.000000000001,6665.454255636343,6788.797769900603
2019-08-19 21:00:00+00:00,6077.000000000001,6245.119235133534,6348.40978974665
2019-08-19 22:00:00+00:00,5793.0,5832.420509473767,5915.445823974593
2019-08-19 23:00:00+00:00,5498.0,5574.367758526628,5613.290320186928
2019-08-20 00:00:00+00:00,5382.0,5380.796541288542,5357.709339737569
2019-08-20 01:00:00+00:00,5277.0,5309.4922567232725,5238.982312665685
2019-08-20 02:00:00+00:00,5365.0,5321.2749094400615,5188.492899915881
2019-08-20 03:00:00+00:00,5958.000000000002,5592.329602689596,5401.757801245712
2019-08-20 04:00:00+00:00,6902.000000000001,6313.056972910993,6084.776045568089
2019-08-20 05:00:00+00:00,7815.0,7275.589263160335,7019.0950690274485
2019-08-20 06:00:00+00:00,8213.000000000002,8047.397436570486,7829.798616983803
2019-08-20 07:00:00+00:00,8325.000000000002,8379.098313691227,8168.540177591997
2019-08-20 08:00:00+00:00,8374.000000000002,8454.52837444873,8290.528467203547
2019-08-20 09:00:00+00:00,8517.0,8484.365904594366,8362.457276448553
2019-08-20 10:00:00+00:00,8327.000000000002,8520.609223856482,8414.43177507039
2019-08-20 11:00:00+00:00,8307.0,8321.589391259506,8258.373064140498
2019-08-20 12:00:00+00:00,8290.0,8245.635522600154,8204.545377257993
2019-08-20 13:00:00+00:00,8248.000000000002,8142.576965452577,8176.862452440312
2019-08-20 14:00:00+00:00,8216.0,8008.503030767643,8115.91804589646
2019-08-20 15:00:00+00:00,8242.0,7917.642040478509,8082.889857590599
2019-08-20 16:00:00+00:00,8161.000000000002,7881.383958090109,8097.741918864472
2019-08-20 17:00:00+00:00,7866.000000000001,7724.397139555327,7941.784746774992
2019-08-20 18:00:00+00:00,7624.0,7512.783386060911,7669.378122836996
2019-08-20 19:00:00+00:00,7133.0,7226.302009939302,7368.569732059597
2019-08-20 20:00:00+00:00,6786.0,6740.438134318396,6904.799439959662
2019-08-20 21:00:00+00:00,6238.0,6394.977652258504,6521.074546443276
2019-08-20 22:00:00+00:00,5954.0,5934.858037745921,6040.733511772018
2019-08-20 23:00:00+00:00,5674.0,5631.99372492763,5735.759451991196
2019-08-21 00:00:00+00:00,5568.000000000001,5469.861964860486,5493.163885560203
2019-08-21 01:00:00+00:00,5462.999999999999,5485.506356871935,5380.156373407638
2019-08-21 02:00:00+00:00,5537.0,5490.696240181108,5333.962954732929
2019-08-21 03:00:00+00:00,6011.0,5745.087795088225,5532.703255855405
2019-08-21 04:00:00+00:00,6937.000000000001,6388.293142045402,6134.151015226395
2019-08-21 05:00:00+00:00,7835.000000000001,7363.412532562883,7063.633718490572
2019-08-21 06:00:00+00:00,8247.0,8183.573532684707,7829.566322443959
2019-08-21 07:00:00+00:00,8396.000000000002,8529.539169737254,8139.85804089511
2019-08-21 08:00:00+00:00,8467.000000000002,8652.734926132014,8249.573281601111
2019-08-21 09:00:00+00:00,8613.0,8703.228127617534,8322.028898038241
2019-08-21 10:00:00+00:00,8396.000000000002,8705.789322614684,8380.68961752319
2019-08-21 11:00:00+00:00,8312.0,8452.751994617043,8206.252277343958
2019-08-21 12:00:00+00:00,8133.999999999999,8332.109250574898,8129.839286702044
2019-08-21 13:00:00+00:00,8035.000000000001,8120.548481810502,7984.574981524739
2019-08-21 14:00:00+00:00,7931.000000000001,7949.563101452934,7875.043363469751
2019-08-21 15:00:00+00:00,7901.000000000001,7825.332322219755,7814.058188907069
2019-08-21 16:00:00+00:00,7897.0,7731.478624317156,7787.993309130019
2019-08-21 17:00:00+00:00,7517.000000000002,7606.743434188192,7700.2306648986105
2019-08-21 18:00:00+00:00,7449.0,7253.365188653713,7379.243515421454
2019-08-21 19:00:00+00:00,6942.0,7104.580133607952,7227.538613024315
2019-08-21 20:00:00+00:00,6583.000000000001,6623.40529423829,6758.570072042094
2019-08-21 21:00:00+00:00,6090.0,6243.247006410139,6356.057942269912
2019-08-21 22:00:00+00:00,5842.0,5829.731105415323,5911.343850860855
2019-08-21 23:00:00+00:00,5512.000000000001,5608.530581609445,5639.929269531611
2019-08-22 00:00:00+00:00,5395.0,5382.6194820671635,5368.0611434359325
2019-08-22 01:00:00+00:00,5258.0,5311.153976829554,5249.31409052741
2019-08-22 02:00:00+00:00,5342.0,5268.161104318,5142.01409046058
2019-08-22 03:00:00+00:00,5891.0,5454.694517364483,5261.1087139949595
2019-08-22 04:00:00+00:00,6834.000000000001,6055.450757539943,5755.514342677782
2019-08-22 05:00:00+00:00,7717.0,6966.533326283631,6606.673166682035
2019-08-22 06:00:00+00:00,8091.0,7669.279583284608,7342.69682489962
2019-08-22 07:00:00+00:00,8219.0,7979.8334383127785,7666.890492993883
2019-08-22 08:00:00+00:00,8245.000000000002,8067.011604860823,7787.714362802643
2019-08-22 09:00:00+00:00,8344.000000000002,8080.049405670904,7837.631668733127
2019-08-22 10:00:00+00:00,8131.000000000002,8068.888721475645,7860.831296140917
2019-08-22 11:00:00+00:00,8119.000000000001,7839.165182597431,7663.310444333646
2019-08-22 12:00:00+00:00,8041.000000000002,7775.134981931528,7633.7616787199595
2019-08-22 13:00:00+00:00,7989.000000000002,7676.423917524268,7579.229794160137
2019-08-22 14:00:00+00:00,7876.000000000001,7557.149798136016,7551.214207006818
2019-08-22 15:00:00+00:00,7871.999999999999,7441.900393914727,7502.097460584568
2019-08-22 16:00:00+00:00,7839.000000000002,7461.119845879939,7516.981692426279
2019-08-22 17:00:00+00:00,7606.000000000001,7359.229745513507,7442.107095977646
2019-08-22 18:00:00+00:00,7508.000000000001,7147.533820028929,7276.76763541932
2019-08-22 19:00:00+00:00,7043.0,7053.022357794262,7125.724609155059
2019-08-22 20:00:00+00:00,6700.999999999999,6639.041210612346,6721.634642625142
2019-08-22 21:00:00+00:00,6190.000000000001,6273.6237362024285,6355.966871419478
2019-08-22 22:00:00+00:00,5872.0,5855.058178957684,5919.312665240122
2019-08-22 23:00:00+00:00,5476.0,5595.258849977552,5621.532141362897
2019-08-23 00:00:00+00:00,5333.0,5314.48345951254,5303.895176823482
2019-08-23 01:00:00+00:00,5204.0,5243.4238133004865,5163.609399262847
2019-08-23 02:00:00+00:00,5323.0,5225.990731775808,5090.269134526118
2019-08-23 03:00:00+00:00,5890.000000000002,5503.791541088554,5309.967013956055
2019-08-23 04:00:00+00:00,6871.0,6211.357077606334,5968.762054532908
2019-08-23 05:00:00+00:00,7784.000000000001,7197.923993809021,6908.712311795274
2019-08-23 06:00:00+00:00,8195.0,7979.133398764388,7690.631810315328
2019-08-23 07:00:00+00:00,8376.000000000002,8330.780191168544,8041.4645059345385
2019-08-23 08:00:00+00:00,8424.0,8413.673393037547,8189.1138404475905
2019-08-23 09:00:00+00:00,8495.0,8416.390338484265,8232.354995150798
2019-08-23 10:00:00+00:00,8193.0,8383.580083755583,8221.16934422398
2019-08-23 11:00:00+00:00,7945.000000000001,8107.325808721934,7964.707318936401
2019-08-23 12:00:00+00:00,7827.000000000001,7852.983282567304,7741.915212266827
2019-08-23 13:00:00+00:00,7767.000000000001,7622.889083083418,7633.8289500195415
2019-08-23 14:00:00+00:00,7750.0,7524.181730759696,7570.133346251591
2019-08-23 15:00:00+00:00,7819.000000000001,7544.903635967727,7571.26199275247
2019-08-23 16:00:00+00:00,7720.0,7532.975296498195,7629.849819694232
2019-08-23 17:00:00+00:00,7385.000000000001,7371.78706092799,7493.49528240683
2019-08-23 18:00:00+00:00,7238.000000000001,7105.134880016817,7223.333841553883
2019-08-23 19:00:00+00:00,6770.0,6887.926577619315,7015.300737372218
2019-08-23 20:00:00+00:00,6452.000000000001,6465.576539333728,6596.304769152879
2019-08-23 21:00:00+00:00,5987.000000000001,6138.555342987584,6244.085440911668
2019-08-23 22:00:00+00:00,5700.0,5743.676609152472,5823.74761521941
2019-08-23 23:00:00+00:00,5335.0,5484.736461197598,5516.225335896083
2019-08-24 00:00:00+00:00,5209.000000000001,5079.95196915242,5210.628844424212
2019-08-24 01:00:00+00:00,5079.0,4998.518730122792,5066.308369296278
2019-08-24 02:00:00+00:00,5067.0,4981.678375482261,4982.530176359241
2019-08-24 03:00:00+00:00,5311.0,5132.92872500378,5070.770127613016
2019-08-24 04:00:00+00:00,5640.0,5519.097483737159,5386.064250433321
2019-08-24 05:00:00+00:00,6166.0,5976.779374946657,5803.45520554016
2019-08-24 06:00:00+00:00,6558.000000000001,6414.226910306942,6292.64395218582
2019-08-24 07:00:00+00:00,6882.0,6755.267444188142,6650.268158293203
2019-08-24 08:00:00+00:00,6966.0,6993.099790746237,6908.341323784984
2019-08-24 09:00:00+00:00,7035.0,7043.207343506729,6990.283861602301
2019-08-24 10:00:00+00:00,6822.0,7010.570915067814,6989.407085069555
2019-08-24 11:00:00+00:00,6645.000000000001,6747.533915278509,6776.304454257934
2019-08-24 12:00:00+00:00,6584.0,6571.906638056427,6617.098866185798
2019-08-24 13:00:00+00:00,6599.999999999999,6455.07177472205,6572.31938195056
2019-08-24 14:00:00+00:00,6637.000000000001,6437.043119965228,6592.8202064059715
2019-08-24 15:00:00+00:00,6751.0,6440.513474699179,6654.634873303034
2019-08-24 16:00:00+00:00,6604.000000000001,6505.934471072469,6736.19858134813
2019-08-24 17:00:00+00:00,6295.0,6333.391854559136,6548.707854708143
2019-08-24 18:00:00+00:00,6299.000000000001,6072.479913084593,6305.199014388057
2019-08-24 19:00:00+00:00,5946.000000000001,5996.875267884804,6217.0667725208
2019-08-24 20:00:00+00:00,5862.000000000001,5693.223735809143,5909.306131564397
2019-08-24 21:00:00+00:00,5494.0,5542.365723367629,5723.253699784353
2019-08-24 22:00:00+00:00,5157.0,5236.979980827025,5386.332813929873
2019-08-24 23:00:00+00:00,4802.0,4950.7557677870955,5044.753728398451
2019-08-25 00:00:00+00:00,4712.0,4727.757278128795,4761.7059517989255
2019-08-25 01:00:00+00:00,4512.0,4694.012102351874,4655.495978154146
2019-08-25 02:00:00+00:00,4507.0,4605.092044047922,4500.071985746827
2019-08-25 03:00:00+00:00,4627.0,4712.620185363686,4539.384267708471
2019-08-25 04:00:00+00:00,4877.0,4924.683108656602,4680.052166886476
2019-08-25 05:00:00+00:00,5349.0,5241.466846699189,4992.654531352739
2019-08-25 06:00:00+00:00,5638.0,5627.89792092633,5430.022142833555
2019-08-25 07:00:00+00:00,5894.0,5880.226805460413,5717.475028794749
2019-08-25 08:00:00+00:00,6092.000000000002,6071.412985562143,5937.304999754945
2019-08-25 09:00:00+00:00,6222.000000000001,6199.783633494347,6104.589259946091
2019-08-25 10:00:00+00:00,6042.999999999999,6205.098010488201,6141.659934085656
2019-08-25 11:00:00+00:00,5956.0,5990.971147355843,5978.154076470888
2019-08-25 12:00:00+00:00,5796.000000000001,5921.337419845745,5896.9073602016
2019-08-25 13:00:00+00:00,5829.000000000001,5767.690208804698,5782.166615190512
2019-08-25 14:00:00+00:00,5843.000000000001,5676.302574560603,5828.684217119946
2019-08-25 15:00:00+00:00,6028.000000000001,5684.1124841570445,5901.552137958988
2019-08-25 16:00:00+00:00,6186.0,5794.660216695143,6066.590121270486
2019-08-25 17:00:00+00:00,6186.0,5884.363558933919,6148.683757564215
2019-08-25 18:00:00+00:00,6324.000000000002,5973.835251248216,6178.06773840074
2019-08-25 19:00:00+00:00,6030.0,6009.683668379656,6224.227557132978
2019-08-25 20:00:00+00:00,5967.0,5757.957834427553,5969.97222604259
2019-08-25 21:00:00+00:00,5598.000000000001,5653.455914486382,5813.988948223579
2019-08-25 22:00:00+00:00,5419.0,5351.050169687261,5479.576148651429
2019-08-25 23:00:00+00:00,5139.0,5197.680470579553,5275.762007551616
2019-08-26 00:00:00+00:00,5079.0,5153.986229235546,5052.49721438339
2019-08-26 01:00:00+00:00,4984.0,5141.048901344289,4967.1136781160085
2019-08-26 02:00:00+00:00,5091.0,5162.294098096822,4924.028610591808
2019-08-26 03:00:00+00:00,5788.000000000001,5410.388307946756,5137.437622085285
2019-08-26 04:00:00+00:00,6771.000000000001,6180.145851050196,5873.967600320322
2019-08-26 05:00:00+00:00,7706.0,7144.670908383271,6817.843646490787
2019-08-26 06:00:00+00:00,8166.000000000001,7893.204477587504,7632.662311656824
2019-08-26 07:00:00+00:00,8346.000000000002,8265.637887852628,8021.567143071443
2019-08-26 08:00:00+00:00,8356.0,8382.652806472637,8179.62807942665
2019-08-26 09:00:00+00:00,8537.0,8365.166332897885,8223.826375831979
2019-08-26 10:00:00+00:00,8258.0,8407.619202909564,8310.71344593774
2019-08-26 11:00:00+00:00,8190.000000000001,8122.592576572335,8090.821982142131
2019-08-26 12:00:00+00:00,8109.000000000001,7994.691639468303,8017.75721974408
2019-08-26 13:00:00+00:00,8107.0,7857.9660765095405,7957.18312014697
2019-08-26 14:00:00+00:00,7950.000000000001,7770.521733950463,7940.900478066722
2019-08-26 15:00:00+00:00,7975.000000000001,7608.033340589481,7832.579462226414
2019-08-26 16:00:00+00:00,7895.0,7615.017996183544,7862.401012048478
2019-08-26 17:00:00+00:00,7593.000000000001,7494.325885781592,7743.791464120677
2019-08-26 18:00:00+00:00,7446.000000000002,7244.00483684117,7498.686699868427
2019-08-26 19:00:00+00:00,6966.0,7062.045534930952,7258.379308306139
2019-08-26 20:00:00+00:00,6557.0,6630.648431657128,6815.837101875815
2019-08-26 21:00:00+00:00,6083.999999999999,6239.713707132067,6382.48182445133
2019-08-26 22:00:00+00:00,5794.000000000001,5855.400149588584,5964.514224272597
2019-08-26 23:00:00+00:00,5526.0,5624.091281271093,5671.2376895252655
2019-08-27 00:00:00+00:00,5404.0,5474.2507484109365,5446.5295074294245
2019-08-27 01:00:00+00:00,5337.0,5422.018914859115,5328.709492268063
2019-08-27 02:00:00+00:00,5449.0,5467.412183782288,5305.148449189663
2019-08-27 03:00:00+00:00,6042.000000000001,5766.608770302561,5558.688667347278
2019-08-27 04:00:00+00:00,6951.000000000001,6502.536266300938,6257.606757327602
2019-08-27 05:00:00+00:00,7798.000000000002,7446.17012777884,7179.066819037806
2019-08-27 06:00:00+00:00,8199.000000000002,8117.670371439363,7916.20152206373
2019-08-27 07:00:00+00:00,8331.0,8428.861514536717,8247.085474480078
2019-08-27 08:00:00+00:00,8399.0,8507.06149209893,8354.676127161936
2019-08-27 09:00:00+00:00,8462.0,8552.187681248082,8446.937328810962
2019-08-27 10:00:00+00:00,8215.000000000002,8494.741528535233,8434.191778686753
2019-08-27 11:00:00+00:00,8186.0,8239.755198821551,8243.397751297263
2019-08-27 12:00:00+00:00,8157.0,8189.490254132667,8212.52795777833
2019-08-27 13:00:00+00:00,8148.0,8082.865319995141,8182.686779500663
2019-08-27 14:00:00+00:00,8078.000000000001,7992.763712323877,8157.764391872714
2019-08-27 15:00:00+00:00,8089.000000000001,7884.648770872493,8113.38452276375
2019-08-27 16:00:00+00:00,7980.000000000001,7827.753040047025,8099.266168431984
2019-08-27 17:00:00+00:00,7742.0,7660.518938867433,7937.385285036829
2019-08-27 18:00:00+00:00,7608.0,7440.964687878546,7702.990924770888
2019-08-27 19:00:00+00:00,7100.0,7292.573065619294,7470.150526345091
2019-08-27 20:00:00+00:00,6715.0,6835.862686708737,6996.369995842903
2019-08-27 21:00:00+00:00,6224.0,6442.0514055324375,6568.126024544631
2019-08-27 22:00:00+00:00,5881.000000000001,6031.820764997372,6128.4453815311945
2019-08-27 23:00:00+00:00,5565.0,5755.277022799189,5800.061970340366
2019-08-28 00:00:00+00:00,5438.0,5534.28523644175,5537.2962764722315
2019-08-28 01:00:00+00:00,5331.0,5473.283816031086,5417.8937092139895
2019-08-28 02:00:00+00:00,5484.0,5487.442066025516,5362.466624116388
2019-08-28 03:00:00+00:00,6006.0,5795.241973549663,5614.5026396944695
2019-08-28 04:00:00+00:00,6951.000000000001,6478.1492954327805,6251.965080582131
2019-08-28 05:00:00+00:00,7791.0,7446.633046200236,7190.20026283546
2019-08-28 06:00:00+00:00,8137.0,8113.057543689565,7920.481465054658
2019-08-28 07:00:00+00:00,8291.0,8389.686630784277,8214.633890539371
2019-08-28 08:00:00+00:00,8519.0,8501.726101451759,8347.191669649585
2019-08-28 09:00:00+00:00,8624.0,8651.703594281707,8548.749992660709
2019-08-28 10:00:00+00:00,8434.000000000002,8620.168058013769,8563.969295877656
2019-08-28 11:00:00+00:00,8395.0,8399.62882903459,8405.332753246807
2019-08-28 12:00:00+00:00,8373.0,8299.315572583622,8339.004554230638
2019-08-28 13:00:00+00:00,8301.0,8192.899434202069,8302.44035134915
2019-08-28 14:00:00+00:00,8253.0,8050.467350435162,8223.468027133213
2019-08-28 15:00:00+00:00,8165.0,7950.325520185031,8183.048832988619
2019-08-28 16:00:00+00:00,8114.999999999999,7830.298518933753,8109.264063068612
2019-08-28 17:00:00+00:00,7781.000000000001,7729.277615360855,7978.702288463437
2019-08-28 18:00:00+00:00,7716.000000000002,7454.340167640268,7709.360018078829
2019-08-28 19:00:00+00:00,7149.0,7340.096019109672,7521.93735218321
2019-08-28 20:00:00+00:00,6752.000000000001,6844.826588960833,7004.193200148029
2019-08-28 21:00:00+00:00,6282.000000000001,6453.8332817489845,6576.7022869523025
2019-08-28 22:00:00+00:00,5906.000000000001,6059.210651862807,6155.600219927004
2019-08-28 23:00:00+00:00,5593.999999999999,5741.388194390723,5789.331163780053
2019-08-29 00:00:00+00:00,5487.0,5520.439523236723,5526.933853351085
2019-08-29 01:00:00+00:00,5371.0,5490.689263109629,5412.823798678171
2019-08-29 02:00:00+00:00,5447.999999999999,5499.115920816688,5355.892499241982
2019-08-29 03:00:00+00:00,6063.0,5727.105329538368,5561.581071026321
2019-08-29 04:00:00+00:00,6945.0,6470.654700559651,6273.56699915353
2019-08-29 05:00:00+00:00,7861.000000000002,7388.728790523982,7161.952396304292
2019-08-29 06:00:00+00:00,8289.000000000002,8182.000711770588,7936.378221770582
2019-08-29 07:00:00+00:00,8480.000000000002,8580.772621445612,8288.343061843025
2019-08-29 08:00:00+00:00,8661.0,8652.057986968346,8451.329480663928
2019-08-29 09:00:00+00:00,8838.000000000002,8798.814406389598,8612.154789879645
2019-08-29 10:00:00+00:00,8599.0,8867.670167265333,8685.45573070231
2019-08-29 11:00:00+00:00,8635.0,8615.437308911098,8504.3669738362
2019-08-29 12:00:00+00:00,8586.0,8569.986541119708,8513.653351182373
2019-08-29 13:00:00+00:00,8483.000000000002,8459.792333997351,8461.811180235005
2019-08-29 14:00:00+00:00,8339.0,8371.916242432926,8359.92452728464
2019-08-29 15:00:00+00:00,8292.000000000002,8207.865442125356,8246.556433444563
2019-08-29 16:00:00+00:00,8124.0,8030.213691923142,8201.633091087433
2019-08-29 17:00:00+00:00,7803.000000000001,7858.827131246375,8006.279072906153
2019-08-29 18:00:00+00:00,7613.0,7571.91915726198,7745.760826680764
2019-08-29 19:00:00+00:00,7139.000000000001,7327.453550734973,7470.277791797347
2019-08-29 20:00:00+00:00,6781.0,6874.035711135308,7023.391362435532
2019-08-29 21:00:00+00:00,6231.000000000002,6490.208911090531,6622.588111085469
2019-08-29 22:00:00+00:00,5934.0,6009.4936940542875,6126.187451740583
2019-08-29 23:00:00+00:00,5644.0,5710.793332124259,5805.165262713066
2019-08-30 00:00:00+00:00,5539.0,5541.55689527922,5555.2876280821
2019-08-30 01:00:00+00:00,5406.999999999999,5496.708576873803,5443.558749811878
2019-08-30 02:00:00+00:00,5483.0,5476.5602908300525,5376.0591936917
2019-08-30 03:00:00+00:00,6001.000000000001,5732.175040092209,5591.675630325068
2019-08-30 04:00:00+00:00,6925.0,6405.341872867988,6235.101071136347
2019-08-30 05:00:00+00:00,7817.000000000002,7369.993373232066,7166.124366403573
2019-08-30 06:00:00+00:00,8208.0,8125.2878106787175,7936.493142896157
2019-08-30 07:00:00+00:00,8360.000000000002,8468.193612926972,8274.595473946389
2019-08-30 08:00:00+00:00,8436.0,8595.464643286214,8409.6784207419
2019-08-30 09:00:00+00:00,8472.000000000002,8643.855585863937,8493.14038153614
2019-08-30 10:00:00+00:00,8276.0,8542.874386882575,8441.228609423386
2019-08-30 11:00:00+00:00,8077.0,8214.94393554138,8250.377706777763
2019-08-30 12:00:00+00:00,7952.0,8006.570210500676,8076.737606338067
2019-08-30 13:00:00+00:00,7791.0,7946.394022656802,7964.959032372173
2019-08-30 14:00:00+00:00,7777.0,7721.543796114423,7832.1527993241825
2019-08-30 15:00:00+00:00,7814.000000000001,7653.479460189777,7831.9695551683735
2019-08-30 16:00:00+00:00,7778.000000000001,7613.113554141232,7826.627025291572
2019-08-30 17:00:00+00:00,7439.0,7518.321711421353,7708.963241998252
2019-08-30 18:00:00+00:00,7317.000000000001,7217.740328357624,7415.899311018847
2019-08-30 19:00:00+00:00,6742.0,7021.61226184525,7196.8692366638
2019-08-30 20:00:00+00:00,6379.0,6510.579355230758,6683.412280873691
2019-08-30 21:00:00+00:00,5876.000000000001,6138.288892446197,6281.968130371159
2019-08-30 22:00:00+00:00,5629.0,5728.898562844782,5832.275804122701
2019-08-30 23:00:00+00:00,5313.0,5513.205016829628,5555.832542815688
2019-08-31 00:00:00+00:00,5148.0,5140.256189132551,5290.330640094754
2019-08-31 01:00:00+00:00,4985.0,5046.196432634557,5133.013021041003
2019-08-31 02:00:00+00:00,4969.0,4998.032681068703,5016.484260196446
2019-08-31 03:00:00+00:00,5191.0,5139.548932212683,5092.648527202484
2019-08-31 04:00:00+00:00,5561.0,5503.956788327078,5391.590179465374
2019-08-31 05:00:00+00:00,6154.000000000001,5980.825850321602,5836.124824910791
2019-08-31 06:00:00+00:00,6590.0,6464.653597106507,6379.832863312825
2019-08-31 07:00:00+00:00,6863.0,6830.585002981433,6776.378981262853
2019-08-31 08:00:00+00:00,6960.000000000002,7025.949092484153,6999.474693176585
2019-08-31 09:00:00+00:00,7038.000000000001,7078.867896899353,7087.119235966216
2019-08-31 10:00:00+00:00,6844.0,7054.006671477456,7086.9715165173575
2019-08-31 11:00:00+00:00,6643.000000000001,6824.888942777204,6893.749800128052
2019-08-31 12:00:00+00:00,6545.000000000002,6631.787869309738,6724.119153900336
2019-08-31 13:00:00+00:00,6539.000000000001,6469.85039216527,6642.84169813938
2019-08-31 14:00:00+00:00,6602.000000000001,6405.299471489659,6644.592889333837
2019-08-31 15:00:00+00:00,6688.0,6420.306437921521,6716.312819321045
2019-08-31 16:00:00+00:00,6597.000000000002,6422.305804190869,6747.395643938472
2019-08-31 17:00:00+00:00,6375.000000000001,6271.712727846838,6593.002578689721
2019-08-31 18:00:00+00:00,6394.000000000001,6116.093642213285,6421.152394354245
2019-08-31 19:00:00+00:00,5999.000000000002,6094.968092738739,6320.975408523636
2019-08-31 20:00:00+00:00,5805.000000000001,5762.380514135778,5986.092185117027
2019-08-31 21:00:00+00:00,5380.0,5536.186885706287,5731.805816264337
2019-08-31 22:00:00+00:00,5120.0,5177.646706437348,5333.292616102883
2019-08-31 23:00:00+00:00,4844.0,4949.152423810714,5047.282484589118
2019-09-01 00:00:00+00:00,4726.0,4770.550202110067,4813.792606538813
2019-09-01 01:00:00+00:00,4592.0,4699.280004606048,4674.729028896148
2019-09-01 02:00:00+00:00,4513.0,4668.853892802609,4573.931898260323
2019-09-01 03:00:00+00:00,4639.0,4723.119984314448,4556.569271158033
2019-09-01 04:00:00+00:00,4837.0,4962.440854553454,4727.098427416416
2019-09-01 05:00:00+00:00,5309.0,5274.240952321169,5011.7392923166335
2019-09-01 06:00:00+00:00,5630.0,5639.919637603951,5449.458791267634
2019-09-01 07:00:00+00:00,5929.0,5915.887137222527,5757.160437678067
2019-09-01 08:00:00+00:00,6166.0,6161.778009183626,6023.753262742625
2019-09-01 09:00:00+00:00,6320.000000000001,6334.727557306969,6229.775569622158
2019-09-01 10:00:00+00:00,6172.0,6370.34648420237,6292.525851690873
2019-09-01 11:00:00+00:00,6046.0,6169.1500704341015,6151.001049966952
2019-09-01 12:00:00+00:00,5929.0,6023.52862525981,6018.944960768894
2019-09-01 13:00:00+00:00,5934.0,5860.628094224365,5938.955250643864
2019-09-01 14:00:00+00:00,6004.000000000001,5808.015183541371,5950.1396976686765
2019-09-01 15:00:00+00:00,6141.000000000002,5801.442006053352,6044.946090415601
2019-09-01 16:00:00+00:00,6189.000000000001,5944.4819941009455,6170.195401091926
2019-09-01 17:00:00+00:00,6161.0,6002.45051327701,6188.573093216191
2019-09-01 18:00:00+00:00,6238.0,5951.327652648963,6196.900534953219
2019-09-01 19:00:00+00:00,5918.0,5935.983981346079,6164.900917705159
2019-09-01 20:00:00+00:00,5880.0,5674.696164244507,5902.2760257854125
2019-09-01 21:00:00+00:00,5551.0,5576.093872686206,5768.51114137962
2019-09-01 22:00:00+00:00,5401.0,5277.66584654137,5471.1663575531675
2019-09-01 23:00:00+00:00,5132.0,5151.090707506588,5284.123227103839
2019-09-02 00:00:00+00:00,4983.0,5138.896540620904,5065.418858665545
2019-09-02 01:00:00+00:00,4978.0,5059.669493024995,4926.764597996202
2019-09-02 02:00:00+00:00,5155.0,5154.317945308761,4938.44969753571
2019-09-02 03:00:00+00:00,5826.000000000001,5448.653584422892,5217.147853565151
2019-09-02 04:00:00+00:00,6898.0,6174.285075290307,5921.642284190509
2019-09-02 05:00:00+00:00,7833.000000000001,7219.672647564964,6932.380209400794
2019-09-02 06:00:00+00:00,8341.000000000002,8062.373479616038,7736.29961594996
2019-09-02 07:00:00+00:00,8551.000000000002,8512.878302948706,8168.773015449693
2019-09-02 08:00:00+00:00,8720.000000000002,8707.182452701245,8343.509674067116
2019-09-02 09:00:00+00:00,8851.000000000002,8870.581460449399,8515.85444133211
2019-09-02 10:00:00+00:00,8608.0,8875.816819872196,8545.638169255282
2019-09-02 11:00:00+00:00,8578.000000000002,8613.91006891579,8344.100592917644
2019-09-02 12:00:00+00:00,8491.000000000002,8510.576087932228,8297.300855262247
2019-09-02 13:00:00+00:00,8399.0,8373.43845247849,8233.602895111773
2019-09-02 14:00:00+00:00,8257.0,8214.422389925958,8140.270989465539
2019-09-02 15:00:00+00:00,8214.0,8048.515158351628,8051.504447548356
2019-09-02 16:00:00+00:00,8112.000000000002,7920.409455865156,8007.831315835485
2019-09-02 17:00:00+00:00,7835.000000000001,7737.114835468457,7870.741214076518
2019-09-02 18:00:00+00:00,7450.0,7487.088195267614,7643.799289954382
2019-09-02 19:00:00+00:00,6803.0,7069.84143206171,7240.856055449624
2019-09-02 20:00:00+00:00,6423.0,6527.362904413251,6680.789244767434
2019-09-02 21:00:00+00:00,5901.000000000002,6161.260087453294,6282.155999696295
2019-09-02 22:00:00+00:00,5552.0,5732.234025158499,5829.1481233108625
2019-09-02 23:00:00+00:00,5298.0,5435.688524889652,5498.675114910943
2019-09-03 00:00:00+00:00,5212.0,5268.448023467697,5276.2766040051865
2019-09-03 01:00:00+00:00,5099.0,5258.622719074878,5199.3309166027775
2019-09-03 02:00:00+00:00,5197.0,5265.226596384381,5152.018587950465
2019-09-03 03:00:00+00:00,5828.0,5558.866891851473,5393.250919774748
2019-09-03 04:00:00+00:00,6900.000000000002,6343.545402054294,6119.873642855188
2019-09-03 05:00:00+00:00,7778.000000000001,7405.017470759145,7148.02635094594
2019-09-03 06:00:00+00:00,8038.000000000001,8138.1998945070045,7912.186264981243
2019-09-03 07:00:00+00:00,8088.0,8377.2555778624,8145.609863635218
2019-09-03 08:00:00+00:00,8165.0,8427.675551838303,8208.718843747987
2019-09-03 09:00:00+00:00,8238.0,8477.401660577612,8287.787628338669
2019-09-03 10:00:00+00:00,8017.0,8430.626171654656,8273.711288100381
2019-09-03 11:00:00+00:00,7948.000000000002,8194.503507277745,8103.067880974047
2019-09-03 12:00:00+00:00,7763.0,8093.786050233937,8039.8635478145825
2019-09-03 13:00:00+00:00,7667.000000000002,7866.0478579046785,7894.950576701092
2019-09-03 14:00:00+00:00,7609.000000000001,7700.830124074812,7799.529518754501
2019-09-03 15:00:00+00:00,7654.0,7594.367503153142,7755.726819071521
2019-09-03 16:00:00+00:00,7655.000000000001,7562.4753003116175,7759.28121698184
2019-09-03 17:00:00+00:00,7522.000000000001,7488.697012556409,7691.4858842001495
2019-09-03 18:00:00+00:00,7467.999999999999,7330.116188751006,7537.683383293415
2019-09-03 19:00:00+00:00,6846.0,7218.4187857916095,7347.575699557282
2019-09-03 20:00:00+00:00,6432.000000000001,6653.052196554966,6784.584815063835
2019-09-03 21:00:00+00:00,5945.0,6239.034712788221,6342.631870610691
2019-09-03 22:00:00+00:00,5625.0,5814.675573481357,5889.640795679073
2019-09-03 23:00:00+00:00,5340.000000000001,5542.48919245855,5572.059703094944
2019-09-04 00:00:00+00:00,5234.999999999999,5381.506286593846,5330.64225725885
2019-09-04 01:00:00+00:00,5108.000000000001,5311.579495588042,5223.521839673143
2019-09-04 02:00:00+00:00,5200.0,5313.183723275382,5168.067028532091
2019-09-04 03:00:00+00:00,5838.000000000002,5579.9119022021605,5387.6947506535325
2019-09-04 04:00:00+00:00,6931.0,6363.925061185627,6126.639493929805
2019-09-04 05:00:00+00:00,7738.000000000002,7449.98362425637,7164.51127962775
2019-09-04 06:00:00+00:00,7972.000000000001,8078.5992958187535,7846.653744956607
2019-09-04 07:00:00+00:00,7901.999999999999,8244.742245989692,8053.2087576681715
2019-09-04 08:00:00+00:00,7912.000000000001,8189.726747818597,8052.996000152023
2019-09-04 09:00:00+00:00,8006.0,8168.938403200628,8086.791249452929
2019-09-04 10:00:00+00:00,7788.0,8141.799170293434,8101.231979885462
2019-09-04 11:00:00+00:00,7752.0,7900.948363141066,7927.879962503507
2019-09-04 12:00:00+00:00,7680.000000000001,7802.93729984938,7882.939734349165
2019-09-04 13:00:00+00:00,7675.000000000001,7660.111728979096,7808.3404122905395
2019-09-04 14:00:00+00:00,7673.0,7580.775399327931,7790.691667513519
2019-09-04 15:00:00+00:00,7749.000000000002,7514.799133852829,7775.113192362142
2019-09-04 16:00:00+00:00,7759.000000000001,7540.221043886941,7821.124866757269
2019-09-04 17:00:00+00:00,7601.000000000001,7449.475135500443,7751.827920836099
2019-09-04 18:00:00+00:00,7490.0,7398.698602540437,7618.592824367907
2019-09-04 19:00:00+00:00,6873.0,7210.662442869781,7376.713153721241
2019-09-04 20:00:00+00:00,6565.0,6678.421707367785,6812.421987734124
2019-09-04 21:00:00+00:00,6085.0,6368.713754096607,6455.276952890044
2019-09-04 22:00:00+00:00,5779.0,5947.938677753166,6003.072930824993
2019-09-04 23:00:00+00:00,5487.0,5673.5685450638775,5694.237359692482
2019-09-05 00:00:00+00:00,5327.0,5479.628532612903,5450.2257830327835
2019-09-05 01:00:00+00:00,5241.0,5395.526221500659,5299.810792317681
2019-09-05 02:00:00+00:00,5311.0,5407.8401196915165,5258.920291916273
2019-09-05 03:00:00+00:00,5963.000000000001,5662.465832663556,5481.4461072626955
2019-09-05 04:00:00+00:00,7088.000000000001,6453.747516356646,6219.741719998795
2019-09-05 05:00:00+00:00,7844.000000000001,7565.661857279241,7290.907804266075
2019-09-05 06:00:00+00:00,8088.0,8175.723131985447,7949.927149712446
2019-09-05 07:00:00+00:00,8112.000000000002,8368.492364376512,8162.109458070239
2019-09-05 08:00:00+00:00,8252.0,8383.6158435257,8216.609551900421
2019-09-05 09:00:00+00:00,8348.0,8492.71623162627,8362.014424011468
2019-09-05 10:00:00+00:00,8166.000000000001,8485.736169817827,8368.456575708897
2019-09-05 11:00:00+00:00,8129.0,8301.081709549748,8239.101158335458
2019-09-05 12:00:00+00:00,8136.000000000001,8200.33748137705,8196.700222869611
2019-09-05 13:00:00+00:00,8156.0,8146.127246584038,8180.99647134579
2019-09-05 14:00:00+00:00,8154.0,8098.943368921914,8166.913549831947
2019-09-05 15:00:00+00:00,8125.000000000001,8049.332287943831,8161.909412952104
2019-09-05 16:00:00+00:00,8067.000000000001,8024.6162876981325,8107.911011007887
2019-09-05 17:00:00+00:00,7846.000000000001,7873.775050996061,7989.323192564701
2019-09-05 18:00:00+00:00,7607.000000000002,7623.5602256007305,7780.539057378084
2019-09-05 19:00:00+00:00,6916.000000000001,7323.388327192938,7463.4550940442705
2019-09-05 20:00:00+00:00,6535.0,6713.364325867307,6860.576224464164
2019-09-05 21:00:00+00:00,6029.000000000002,6332.444235529997,6434.321346149541
2019-09-05 22:00:00+00:00,5805.000000000001,5900.388789015307,5979.780967628414
2019-09-05 23:00:00+00:00,5497.000000000001,5707.384710370743,5735.082409045521
2019-09-06 00:00:00+00:00,5370.000000000001,5489.837502187451,5475.507454095061
2019-09-06 01:00:00+00:00,5269.000000000001,5427.748787905056,5349.281742355466
2019-09-06 02:00:00+00:00,5384.0,5429.9556058224525,5295.477232209156
2019-09-06 03:00:00+00:00,5917.000000000001,5713.56289074165,5532.825508856776
2019-09-06 04:00:00+00:00,6955.0,6411.779231980907,6194.393818160506
2019-09-06 05:00:00+00:00,7830.000000000001,7456.08216832523,7192.890854392812
2019-09-06 06:00:00+00:00,8221.000000000002,8246.389082941057,7932.792141583432
2019-09-06 07:00:00+00:00,8337.0,8592.132986075863,8252.448240996286
2019-09-06 08:00:00+00:00,8463.0,8688.22115135508,8363.561350533762
2019-09-06 09:00:00+00:00,8524.000000000002,8776.665825759981,8470.711812230358
2019-09-06 10:00:00+00:00,8342.0,8739.891477509453,8462.701319282962
2019-09-06 11:00:00+00:00,8097.0,8508.148648759652,8286.419273383954
2019-09-06 12:00:00+00:00,7933.0,8229.368939355156,8081.874659402918
2019-09-06 13:00:00+00:00,7822.000000000001,7990.064322945021,7930.689402532114
2019-09-06 14:00:00+00:00,7804.0,7831.175322909449,7846.083209434707
2019-09-06 15:00:00+00:00,7760.000000000002,7772.958047657923,7837.974690311014
2019-09-06 16:00:00+00:00,7772.0,7691.101308916783,7793.994511315102
2019-09-06 17:00:00+00:00,7541.000000000001,7599.309352908171,7718.43743632412
2019-09-06 18:00:00+00:00,7198.0,7362.49187473706,7506.057455753748
2019-09-06 19:00:00+00:00,6581.0,6951.991121488394,7086.684382053037
2019-09-06 20:00:00+00:00,6265.0,6399.571172016388,6531.634261459296
2019-09-06 21:00:00+00:00,5824.000000000001,6058.340576655467,6160.539725777318
2019-09-06 22:00:00+00:00,5557.000000000001,5686.313853361666,5769.976311509549
2019-09-06 23:00:00+00:00,5218.0,5445.741186607719,5487.228253885996
2019-09-07 00:00:00+00:00,5081.0,5042.988186767,5195.375582700792
2019-09-07 01:00:00+00:00,4892.0,4950.168243464827,5054.440418997135
2019-09-07 02:00:00+00:00,4916.0,4870.609650985025,4920.964384794653
2019-09-07 03:00:00+00:00,5139.0,5043.659430335208,5023.304877191109
2019-09-07 04:00:00+00:00,5608.0,5433.88242834852,5339.819735659864
2019-09-07 05:00:00+00:00,6196.0,6014.076976412658,5869.216344169056
2019-09-07 06:00:00+00:00,6698.000000000002,6599.82728444255,6418.018556926876
2019-09-07 07:00:00+00:00,7054.0,7063.066337917125,6850.211327679677
2019-09-07 08:00:00+00:00,7235.000000000001,7367.2107179788145,7140.757884144052
2019-09-07 09:00:00+00:00,7388.000000000001,7511.384248310821,7293.89546677161
2019-09-07 10:00:00+00:00,7191.000000000001,7553.575143707761,7353.784910915151
2019-09-07 11:00:00+00:00,6906.0,7316.781778773275,7150.111258560258
2019-09-07 12:00:00+00:00,6763.000000000001,7002.79490828509,6908.401138194333
2019-09-07 13:00:00+00:00,6716.000000000001,6756.2601680207135,6793.475998208675
2019-09-07 14:00:00+00:00,6604.000000000001,6716.516902328803,6769.970974439543
2019-09-07 15:00:00+00:00,6716.000000000001,6616.798459741144,6701.263222232415
2019-09-07 16:00:00+00:00,6733.000000000001,6638.72753689133,6766.282034300179
2019-09-07 17:00:00+00:00,6517.000000000001,6574.725918358108,6716.869340644114
2019-09-07 18:00:00+00:00,6292.0,6355.757794729383,6535.628432385262
2019-09-07 19:00:00+00:00,5857.000000000002,6040.026575518456,6244.462728328638
2019-09-07 20:00:00+00:00,5645.0,5645.620427509454,5861.820054330845
2019-09-07 21:00:00+00:00,5230.0,5397.050967964981,5587.645814183812
2019-09-07 22:00:00+00:00,5009.0,5045.317845482929,5210.298225830472
2019-09-07 23:00:00+00:00,4715.0,4850.387186872369,4966.956712868743
2019-09-08 00:00:00+00:00,4595.0,4650.412055680496,4716.77494658476
2019-09-08 01:00:00+00:00,4427.0,4577.558267569732,4587.408602954375
2019-09-08 02:00:00+00:00,4385.0,4496.4936786662365,4449.895163810718
2019-09-08 03:00:00+00:00,4532.0,4573.403380012589,4461.003987076969
2019-09-08 04:00:00+00:00,4737.0,4840.637741566255,4644.131941657801
2019-09-08 05:00:00+00:00,5189.999999999999,5165.264282625589,4933.523293977639
2019-09-08 06:00:00+00:00,5562.0,5575.351812344609,5368.644758893892
2019-09-08 07:00:00+00:00,5927.000000000001,5922.507751737853,5728.706251197558
2019-09-08 08:00:00+00:00,6197.0,6217.005204610214,6057.966393248772
2019-09-08 09:00:00+00:00,6396.0,6422.5039201469,6298.710003850949
2019-09-08 10:00:00+00:00,6225.999999999999,6500.651548229536,6400.469169529625
2019-09-08 11:00:00+00:00,6106.0,6322.554191120783,6228.576759217323
2019-09-08 12:00:00+00:00,6004.000000000001,6228.184236085009,6106.057567987655
2019-09-08 13:00:00+00:00,5914.000000000001,6026.275844533713,6028.386248123692
2019-09-08 14:00:00+00:00,5965.0,5928.778391985964,5967.546375162544
2019-09-08 15:00:00+00:00,6195.000000000001,5978.914537716855,6040.78740405834
2019-09-08 16:00:00+00:00,6390.0,6138.9129409561665,6220.71799803733
2019-09-08 17:00:00+00:00,6444.000000000002,6233.026208772458,6342.07875069212
2019-09-08 18:00:00+00:00,6308.0,6226.6091337443595,6380.0229025232875
2019-09-08 19:00:00+00:00,5895.000000000001,6027.5334983662715,6183.189169362874
2019-09-08 20:00:00+00:00,5795.0,5683.548281472776,5855.80255993825
2019-09-08 21:00:00+00:00,5529.0,5531.647499563807,5685.184254048411
2019-09-08 22:00:00+00:00,5284.000000000001,5304.217978725805,5442.925201788418
2019-09-08 23:00:00+00:00,5018.0,5088.062841610868,5186.845403366899
2019-09-09 00:00:00+00:00,4897.0,5051.314722256253,4952.462325457949
2019-09-09 01:00:00+00:00,4844.0,4989.2946285078615,4849.7532858017885
2019-09-09 02:00:00+00:00,5001.0,5030.57762409541,4842.904991792343
2019-09-09 03:00:00+00:00,5746.0,5331.861801679177,5103.307967125293
2019-09-09 04:00:00+00:00,7032.0,6131.7442537527295,5880.489232758625
2019-09-09 05:00:00+00:00,7959.000000000002,7353.056679395492,7047.1787571814975
2019-09-09 06:00:00+00:00,8368.000000000002,8213.718507947813,7858.684498779193
2019-09-09 07:00:00+00:00,8435.0,8606.596807042872,8229.361720864219
2019-09-09 08:00:00+00:00,8502.000000000002,8703.426323321672,8333.118849487866
2019-09-09 09:00:00+00:00,8625.000000000002,8757.567185022634,8423.884182827394
2019-09-09 10:00:00+00:00,8386.0,8751.788658340245,8453.25138424635
2019-09-09 11:00:00+00:00,8283.0,8498.618016753926,8262.651297855606
2019-09-09 12:00:00+00:00,8193.0,8328.778624712842,8162.073021855025
2019-09-09 13:00:00+00:00,8049.000000000002,8138.687171652319,8070.971612721653
2019-09-09 14:00:00+00:00,7931.000000000001,7881.7442118830795,7940.9072456266185
2019-09-09 15:00:00+00:00,7908.0,7779.572591746993,7863.274418194913
2019-09-09 16:00:00+00:00,7901.999999999999,7675.635057599156,7841.055359646083
2019-09-09 17:00:00+00:00,7847.000000000002,7603.919773790843,7785.726556634122
2019-09-09 18:00:00+00:00,7566.000000000002,7539.212408996033,7658.391094539316
2019-09-09 19:00:00+00:00,6884.0,7175.994683670161,7291.585930756364
2019-09-09 20:00:00+00:00,6535.0,6611.03220745936,6706.859881779179
2019-09-09 21:00:00+00:00,6018.000000000001,6293.993964731348,6326.070066864991
2019-09-09 22:00:00+00:00,5694.0,5868.935455921865,5857.778322488363
2019-09-09 23:00:00+00:00,5372.0,5603.145819282571,5548.737264334014
2019-09-10 00:00:00+00:00,5344.0,5376.859554668085,5285.657236989108
2019-09-10 01:00:00+00:00,5258.0,5369.942159179535,5238.573843264607
2019-09-10 02:00:00+00:00,5315.0,5380.005532598728,5206.840682146124
2019-09-10 03:00:00+00:00,5989.0,5633.835120300466,5431.150792510334
2019-09-10 04:00:00+00:00,7131.000000000001,6465.687327757068,6238.166909653288
2019-09-10 05:00:00+00:00,7959.000000000002,7594.077713364222,7323.375732005402
2019-09-10 06:00:00+00:00,8148.0,8247.628782699268,8015.1531518711145
2019-09-10 07:00:00+00:00,8054.000000000001,8370.726343385955,8169.1673087720155
2019-09-10 08:00:00+00:00,8042.0,8274.439347891142,8120.434135965113
2019-09-10 09:00:00+00:00,8099.0,8236.601958222878,8135.450939198856
2019-09-10 10:00:00+00:00,7895.0,8180.879683416315,8115.10372108924
2019-09-10 11:00:00+00:00,7792.000000000001,7956.501785804444,7943.454398636394
2019-09-10 12:00:00+00:00,7724.000000000001,7798.1882828459175,7823.9504562867105
2019-09-10 13:00:00+00:00,7709.0,7646.02229918687,7743.817318381261
2019-09-10 14:00:00+00:00,7614.000000000001,7548.142795917671,7712.221710514516
2019-09-10 15:00:00+00:00,7624.0,7427.695181650272,7649.543916973835
2019-09-10 16:00:00+00:00,7745.000000000001,7403.9968383228515,7656.607860289627
2019-09-10 17:00:00+00:00,7762.000000000001,7475.568271020983,7714.88668338199
2019-09-10 18:00:00+00:00,7575.0,7535.898843935684,7695.261079410077
2019-09-10 19:00:00+00:00,6861.000000000001,7259.8973542528975,7381.972332267537
2019-09-10 20:00:00+00:00,6432.000000000001,6635.306264573972,6747.8974500644235
2019-09-10 21:00:00+00:00,5840.999999999999,6210.3948799299815,6296.078071551778
2019-09-10 22:00:00+00:00,5540.0,5715.407548768974,5773.066344899634
2019-09-10 23:00:00+00:00,5313.0,5460.977401015795,5470.439900385741
2019-09-11 00:00:00+00:00,5170.0,5332.244567717472,5280.453958705205
2019-09-11 01:00:00+00:00,5088.0,5270.708358735394,5143.433507587974
2019-09-11 02:00:00+00:00,5208.0,5301.806478518391,5105.7781776888605
2019-09-11 03:00:00+00:00,5876.000000000001,5610.851487976199,5372.366190315487
2019-09-11 04:00:00+00:00,7122.0,6448.703708846789,6168.168979848832
2019-09-11 05:00:00+00:00,7910.000000000002,7643.698090501978,7308.171376467028
2019-09-11 06:00:00+00:00,8172.000000000002,8251.009003857436,7948.627025464436
2019-09-11 07:00:00+00:00,8076.000000000001,8383.41885521361,8120.203143118997
2019-09-11 08:00:00+00:00,8105.0,8270.421012498271,8050.691109382853
2019-09-11 09:00:00+00:00,8116.0,8260.434955338893,8095.087066333667
2019-09-11 10:00:00+00:00,7926.000000000001,8166.804560838147,8044.23390310565
2019-09-11 11:00:00+00:00,7934.000000000001,7953.081648458781,7889.516052109545
2019-09-11 12:00:00+00:00,7830.000000000001,7901.186348760453,7875.900258816827
2019-09-11 13:00:00+00:00,7775.000000000001,7763.502792959961,7797.298068416083
2019-09-11 14:00:00+00:00,7755.0,7665.684805898602,7749.241802151806
2019-09-11 15:00:00+00:00,7766.0,7602.31392242777,7750.454969943907
2019-09-11 16:00:00+00:00,7850.000000000002,7575.44978766326,7769.749430313179
2019-09-11 17:00:00+00:00,7841.000000000001,7609.261824679591,7801.34066526717
2019-09-11 18:00:00+00:00,7538.999999999999,7581.92390144882,7758.400716073705
2019-09-11 19:00:00+00:00,6853.000000000001,7192.943406755151,7359.103817179891
2019-09-11 20:00:00+00:00,6472.0,6594.2599286945015,6760.662794137773
2019-09-11 21:00:00+00:00,5951.0,6188.2050784173525,6339.928293096804
2019-09-11 22:00:00+00:00,5617.0,5786.630215083155,5872.963318348879
2019-09-11 23:00:00+00:00,5299.0,5479.033165370508,5551.921971352636
2019-09-12 00:00:00+00:00,5170.0,5260.151240722678,5275.3230529393795
2019-09-12 01:00:00+00:00,5100.0,5196.906094751965,5157.09179498767
2019-09-12 02:00:00+00:00,5245.999999999999,5232.553685797118,5128.686329372255
2019-09-12 03:00:00+00:00,5869.0,5593.544649089194,5416.7444011266525
2019-09-12 04:00:00+00:00,7145.000000000001,6413.734295754662,6193.748714405209
2019-09-12 05:00:00+00:00,7971.0,7618.038704070965,7342.6132377894755
2019-09-12 06:00:00+00:00,8236.0,8275.124426815766,8018.566416466618
2019-09-12 07:00:00+00:00,8258.0,8539.299668212156,8210.932142759933
2019-09-12 08:00:00+00:00,8308.000000000002,8580.060949213346,8257.232451195363
2019-09-12 09:00:00+00:00,8291.0,8606.842598224976,8313.98978121843
2019-09-12 10:00:00+00:00,8043.999999999999,8509.931795140657,8250.802252952588
2019-09-12 11:00:00+00:00,7967.000000000001,8238.584389617079,8062.415605482887
2019-09-12 12:00:00+00:00,7900.0,8067.110782785935,7999.286799270502
2019-09-12 13:00:00+00:00,7848.0,7943.086333603138,7949.830514472934
2019-09-12 14:00:00+00:00,7804.0,7872.182554471851,7909.681343287849
2019-09-12 15:00:00+00:00,7787.000000000002,7700.922461775335,7872.388251337601
2019-09-12 16:00:00+00:00,7827.000000000001,7643.133833104274,7854.716314671368
2019-09-12 17:00:00+00:00,7809.000000000002,7601.184960832115,7839.4068219807405
2019-09-12 18:00:00+00:00,7598.000000000001,7617.727918401228,7755.589540948615
2019-09-12 19:00:00+00:00,6918.000000000001,7288.068730486078,7410.604533181585
2019-09-12 20:00:00+00:00,6516.0,6675.536523072646,6805.685989415711
2019-09-12 21:00:00+00:00,5963.000000000001,6261.071790554798,6369.648543152343
2019-09-12 22:00:00+00:00,5723.0,5809.063643758975,5892.972069468421
2019-09-12 23:00:00+00:00,5510.0,5598.820916766622,5630.954106516839
2019-09-13 00:00:00+00:00,5349.0,5456.420365674943,5439.234581370734
2019-09-13 01:00:00+00:00,5274.0,5367.792762609269,5295.415432030788
2019-09-13 02:00:00+00:00,5393.0,5408.8156861565185,5274.294910462257
2019-09-13 03:00:00+00:00,6020.000000000001,5696.307038518648,5515.378143765335
2019-09-13 04:00:00+00:00,7108.0,6497.837404529404,6280.286324169831
2019-09-13 05:00:00+00:00,7936.000000000001,7576.346954678674,7317.495514624339
2019-09-13 06:00:00+00:00,8198.0,8243.437409612603,8024.428179066949
2019-09-13 07:00:00+00:00,8152.000000000001,8444.911945101618,8241.876589200321
2019-09-13 08:00:00+00:00,8149.000000000001,8402.909345910588,8236.944869946607
2019-09-13 09:00:00+00:00,8096.0,8367.560678162501,8245.58340630867
2019-09-13 10:00:00+00:00,7826.0,8227.427850585495,8151.547579021426
2019-09-13 11:00:00+00:00,7654.0,7921.066506607046,7898.301249737792
2019-09-13 12:00:00+00:00,7486.000000000001,7701.140008676794,7734.010282555942
2019-09-13 13:00:00+00:00,7435.000000000002,7484.792023096469,7584.350114038904
2019-09-13 14:00:00+00:00,7442.000000000001,7381.9790604714935,7539.8675911956225
2019-09-13 15:00:00+00:00,7626.000000000002,7340.239561524593,7534.913446010836
2019-09-13 16:00:00+00:00,7653.000000000001,7459.312427404469,7675.633500453791
2019-09-13 17:00:00+00:00,7601.000000000001,7449.099114274748,7648.070041109622
2019-09-13 18:00:00+00:00,7265.999999999999,7356.707640809681,7525.422563584627
2019-09-13 19:00:00+00:00,6654.000000000001,6983.105950700443,7104.40827865198
2019-09-13 20:00:00+00:00,6317.0,6425.869227309118,6560.812618643435
2019-09-13 21:00:00+00:00,5798.0,6077.607603045213,6183.065914300443
2019-09-13 22:00:00+00:00,5507.999999999999,5648.9990585205105,5729.947210356744
2019-09-13 23:00:00+00:00,5167.0,5395.011614892424,5432.926695557629
2019-09-14 00:00:00+00:00,5018.0,5017.420068409422,5142.591185461126
2019-09-14 01:00:00+00:00,4839.0,4924.6424503622875,4989.621929240486
2019-09-14 02:00:00+00:00,4850.0,4870.574468517901,4871.767420426787
2019-09-14 03:00:00+00:00,5105.0,5033.4149468982105,4971.882930592853
2019-09-14 04:00:00+00:00,5553.000000000001,5451.40691591379,5335.44093098073
2019-09-14 05:00:00+00:00,6108.000000000001,6007.184361787734,5844.802251651909
2019-09-14 06:00:00+00:00,6572.000000000001,6516.964229795347,6372.661986415043
2019-09-14 07:00:00+00:00,6808.0,6909.684367054998,6781.125428600382
2019-09-14 08:00:00+00:00,6868.0,7094.176299570025,6990.354807089244
2019-09-14 09:00:00+00:00,6825.000000000001,7127.69608688563,7060.787429218098
2019-09-14 10:00:00+00:00,6576.0,7001.459914140607,6969.243315756455
2019-09-14 11:00:00+00:00,6340.000000000001,6698.548956642382,6716.129053720565
2019-09-14 12:00:00+00:00,6203.000000000001,6410.5346369744,6501.166706265853
2019-09-14 13:00:00+00:00,6169.0,6228.274697227488,6387.030945278472
2019-09-14 14:00:00+00:00,6206.000000000001,6131.867386430169,6340.095873768375
2019-09-14 15:00:00+00:00,6351.000000000001,6140.103247975919,6403.463014772074
2019-09-14 16:00:00+00:00,6422.000000000001,6238.24234030894,6515.382717666731
2019-09-14 17:00:00+00:00,6468.000000000001,6264.427260633114,6520.457556662011
2019-09-14 18:00:00+00:00,6313.000000000002,6262.387337672104,6483.857537495022
2019-09-14 19:00:00+00:00,5844.0,6050.9273123510775,6236.571476014646
2019-09-14 20:00:00+00:00,5652.0,5626.319006085145,5823.733535515712
2019-09-14 21:00:00+00:00,5229.0,5394.250152971321,5560.325861090141
2019-09-14 22:00:00+00:00,4998.0,5033.907067056305,5183.121503827742
2019-09-14 23:00:00+00:00,4710.0,4818.831286863154,4928.691968677192
2019-09-15 00:00:00+00:00,4634.0,4616.92915496821,4681.617185223159
2019-09-15 01:00:00+00:00,4489.0,4585.129312231374,4578.603848785467
2019-09-15 02:00:00+00:00,4437.0,4538.482212973249,4464.40195347885
2019-09-15 03:00:00+00:00,4613.0,4615.672949989548,4474.787443607079
2019-09-15 04:00:00+00:00,4886.0,4890.984986771274,4679.053185909571
2019-09-15 05:00:00+00:00,5301.999999999999,5271.526622497732,5012.179053286767
2019-09-15 06:00:00+00:00,5574.0,5640.949886070506,5427.389571303417
2019-09-15 07:00:00+00:00,5717.0,5899.161200756308,5717.961584488643
2019-09-15 08:00:00+00:00,5792.0,6020.206252844443,5881.353932509614
2019-09-15 09:00:00+00:00,5883.0,6058.860367615044,5972.767051176008
2019-09-15 10:00:00+00:00,5683.0,6030.739395945789,5986.776470219178
2019-09-15 11:00:00+00:00,5434.0,5779.786939714289,5797.751124475743
2019-09-15 12:00:00+00:00,5290.0,5502.536473560443,5583.802303065178
2019-09-15 13:00:00+00:00,5314.0,5310.146367099906,5457.285598904659
2019-09-15 14:00:00+00:00,5477.0,5284.370275576572,5487.809713011381
2019-09-15 15:00:00+00:00,5755.000000000001,5414.60700015884,5664.441049191714
2019-09-15 16:00:00+00:00,6081.000000000002,5632.336042082235,5913.056559884256
2019-09-15 17:00:00+00:00,6231.000000000002,5862.056726221,6167.002915152131
2019-09-15 18:00:00+00:00,6200.000000000001,6043.883615383745,6238.400047920726
2019-09-15 19:00:00+00:00,5770.000000000002,5910.535964982274,6097.649155003651
2019-09-15 20:00:00+00:00,5690.0,5548.484012970264,5746.9139532094405
2019-09-15 21:00:00+00:00,5328.0,5423.793957800156,5602.9356260339255
2019-09-15 22:00:00+00:00,5148.0,5127.824327877772,5270.367990214627
2019-09-15 23:00:00+00:00,4918.0,4981.956041859888,5063.126323356285
2019-09-16 00:00:00+00:00,4847.0,4994.581647299185,4864.128931905668
2019-09-16 01:00:00+00:00,4777.0,4977.001510044228,4790.36125134036
2019-09-16 02:00:00+00:00,4956.0,5002.917389555808,4766.251430046447
2019-09-16 03:00:00+00:00,5719.0,5330.9642712867035,5059.7708592033205
2019-09-16 04:00:00+00:00,7019.000000000001,6180.580584650226,5897.986968563588
2019-09-16 05:00:00+00:00,7843.0,7395.6417189605845,7070.546611566169
2019-09-16 06:00:00+00:00,8123.000000000002,8054.943117570797,7778.955674762229
2019-09-16 07:00:00+00:00,8112.000000000002,8278.47460459137,8009.373379572213
2019-09-16 08:00:00+00:00,8116.0,8241.118829153053,8020.613325231951
2019-09-16 09:00:00+00:00,8195.0,8222.282936575713,8055.2503826861885
2019-09-16 10:00:00+00:00,7987.0,8178.419576322014,8050.788070781518
2019-09-16 11:00:00+00:00,7947.000000000001,7921.933939421296,7858.650444974412
2019-09-16 12:00:00+00:00,7933.0,7792.458145387385,7800.6493875017595
2019-09-16 13:00:00+00:00,7953.000000000001,7688.369286874676,7763.791079837891
2019-09-16 14:00:00+00:00,7989.000000000002,7634.255849897714,7767.6799924158095
2019-09-16 15:00:00+00:00,8022.000000000002,7639.866388161631,7810.990440184535
2019-09-16 16:00:00+00:00,8058.0,7671.788981161738,7859.101956314106
2019-09-16 17:00:00+00:00,7946.0,7695.28553943904,7886.245510865049
2019-09-16 18:00:00+00:00,7564.0,7607.579848863943,7745.734140717294
2019-09-16 19:00:00+00:00,6855.000000000001,7168.3513204926285,7296.402944852257
2019-09-16 20:00:00+00:00,6461.0,6536.42107671736,6699.530390791331
2019-09-16 21:00:00+00:00,5937.0,6136.0470614430415,6279.352762608131
2019-09-16 22:00:00+00:00,5671.0,5732.578841235623,5815.849155876511
2019-09-16 23:00:00+00:00,5357.0,5506.768176708965,5538.6585840029575
2019-09-17 00:00:00+00:00,5298.0,5293.866514498224,5296.828825560242
2019-09-17 01:00:00+00:00,5189.999999999999,5286.254674926134,5231.037630089389
2019-09-17 02:00:00+00:00,5256.0,5261.565404570889,5176.628491417785
2019-09-17 03:00:00+00:00,5881.000000000001,5565.848676079849,5417.491696783352
2019-09-17 04:00:00+00:00,7061.000000000002,6400.891558648535,6203.477994030347
2019-09-17 05:00:00+00:00,7919.0,7548.428547985109,7298.832655033417
2019-09-17 06:00:00+00:00,8203.0,8287.63960576186,7988.72780276115
2019-09-17 07:00:00+00:00,8201.0,8506.93471137235,8178.014342068801
2019-09-17 08:00:00+00:00,8262.000000000002,8434.644221562356,8174.466776915374
2019-09-17 09:00:00+00:00,8340.0,8452.43372293928,8236.703369951636
2019-09-17 10:00:00+00:00,8060.000000000002,8420.411937830477,8237.620332201286
2019-09-17 11:00:00+00:00,8026.0,8113.183267927421,8008.161780512237
2019-09-17 12:00:00+00:00,7945.000000000001,8002.239698319221,7968.554460063555
2019-09-17 13:00:00+00:00,7849.000000000001,7920.77963295576,7907.522229590608
2019-09-17 14:00:00+00:00,7760.000000000002,7781.6982908901255,7820.720903859943
2019-09-17 15:00:00+00:00,7748.000000000001,7655.468826077738,7759.747404093767
2019-09-17 16:00:00+00:00,7775.000000000001,7629.822469106546,7777.738290642589
2019-09-17 17:00:00+00:00,7707.000000000001,7621.585666405844,7792.435559737526
2019-09-17 18:00:00+00:00,7334.000000000002,7546.143427158397,7676.10747232913
2019-09-17 19:00:00+00:00,6759.0,7083.8881942202015,7205.628361666444
2019-09-17 20:00:00+00:00,6401.0,6527.849111813578,6667.351899248324
2019-09-17 21:00:00+00:00,5915.0,6119.501505562659,6246.493018130245
2019-09-17 22:00:00+00:00,5591.0,5731.739607412617,5808.906960371823
2019-09-17 23:00:00+00:00,5333.0,5491.823104236965,5501.541037436748
2019-09-18 00:00:00+00:00,5214.0,5300.418157476024,5278.83466249618
2019-09-18 01:00:00+00:00,5131.0,5258.050293901276,5166.768313965233
2019-09-18 02:00:00+00:00,5270.0,5293.757044344043,5134.653934702739
2019-09-18 03:00:00+00:00,5889.000000000001,5604.471436578209,5417.481781524603
2019-09-18 04:00:00+00:00,7050.000000000002,6432.179478030294,6210.641221608193
2019-09-18 05:00:00+00:00,7832.0,7578.822910520131,7286.631261459223
2019-09-18 06:00:00+00:00,8061.0,8285.253472098286,7935.469936806394
2019-09-18 07:00:00+00:00,7951.000000000002,8469.016788678084,8084.571024269618
2019-09-18 08:00:00+00:00,8004.0,8396.81123198192,8014.066480070456
2019-09-18 09:00:00+00:00,8012.0,8428.256974742868,8061.131060540981
2019-09-18 10:00:00+00:00,7714.0,8342.871283566416,8007.834964155359
2019-09-18 11:00:00+00:00,7657.0,8042.687206925164,7787.665544973149
2019-09-18 12:00:00+00:00,7571.000000000001,7834.616121251331,7718.827087945979
2019-09-18 13:00:00+00:00,7572.0,7673.902614636649,7637.286342955277
2019-09-18 14:00:00+00:00,7637.000000000002,7608.122115916389,7627.240041067097
2019-09-18 15:00:00+00:00,7755.0,7603.921825332517,7676.3044776356355
2019-09-18 16:00:00+00:00,7868.000000000001,7661.163798824325,7781.868851721777
2019-09-18 17:00:00+00:00,7966.000000000001,7708.3866121977835,7858.014541885702
2019-09-18 18:00:00+00:00,7518.0,7738.775100147185,7841.583746120794
2019-09-18 19:00:00+00:00,6846.0,7220.618675582262,7331.763932734364
2019-09-18 20:00:00+00:00,6503.000000000001,6612.535998763532,6734.47893286572
2019-09-18 21:00:00+00:00,6012.999999999999,6242.042211920431,6341.505973365047
2019-09-18 22:00:00+00:00,5704.0,5814.596460289252,5890.008509783642
2019-09-18 23:00:00+00:00,5406.0,5551.677611620556,5579.818556404713
2019-09-19 00:00:00+00:00,5301.0,5338.133096149791,5325.938333240433
2019-09-19 01:00:00+00:00,5240.0,5300.778569367638,5228.478208177435
2019-09-19 02:00:00+00:00,5401.0,5356.272472546424,5223.290458306601
2019-09-19 03:00:00+00:00,6057.0,5696.892228043581,5512.887037096657
2019-09-19 04:00:00+00:00,7283.0,6554.995668324635,6337.807513203331
2019-09-19 05:00:00+00:00,8049.000000000002,7744.747825302207,7463.420587939155
2019-09-19 06:00:00+00:00,8285.0,8347.929921242649,8096.946351856683
2019-09-19 07:00:00+00:00,8201.0,8522.479716386042,8266.542457097255
2019-09-19 08:00:00+00:00,8085.0,8463.236499871276,8218.792036393032
2019-09-19 09:00:00+00:00,8066.0,8344.489375773157,8130.719423888731
2019-09-19 10:00:00+00:00,7888.000000000002,8228.41938486498,8044.886654364252
2019-09-19 11:00:00+00:00,7881.0,8016.749388941322,7894.336071514173
2019-09-19 12:00:00+00:00,7770.999999999999,7938.913486952032,7869.327577217976
2019-09-19 13:00:00+00:00,7729.000000000001,7782.319605427374,7778.17470469267
2019-09-19 14:00:00+00:00,7726.000000000001,7701.1433145992005,7743.4800482114315
2019-09-19 15:00:00+00:00,7754.000000000001,7659.198001636022,7746.865070463856
2019-09-19 16:00:00+00:00,7859.0,7658.68812741939,7784.0140794897625
2019-09-19 17:00:00+00:00,7908.0,7726.659259007059,7865.088015418291
2019-09-19 18:00:00+00:00,7489.000000000001,7707.374112090235,7825.02033864448
2019-09-19 19:00:00+00:00,6873.0,7248.495125134357,7330.324781349621
2019-09-19 20:00:00+00:00,6533.000000000001,6678.342423290735,6771.168831733845
2019-09-19 21:00:00+00:00,6103.000000000002,6309.425905989672,6373.713137003659
2019-09-19 22:00:00+00:00,5744.000000000001,5945.34030348477,5986.207653021711
2019-09-19 23:00:00+00:00,5477.0,5657.752053808139,5657.123570479224
2019-09-20 00:00:00+00:00,5397.0,5471.322943997969,5420.727051155706
2019-09-20 01:00:00+00:00,5320.0,5458.653501564267,5342.327869507145
2019-09-20 02:00:00+00:00,5451.0,5503.917269468566,5321.66279534493
2019-09-20 03:00:00+00:00,6141.000000000002,5819.400909523917,5592.798116358769
2019-09-20 04:00:00+00:00,7352.000000000001,6672.78617019461,6410.189727520911
2019-09-20 05:00:00+00:00,8083.0,7847.38819949618,7523.935750590736
2019-09-20 06:00:00+00:00,8268.0,8414.28976790809,8131.636655614672
2019-09-20 07:00:00+00:00,8117.000000000001,8512.867180037281,8252.127149849124
2019-09-20 08:00:00+00:00,8054.000000000001,8359.296873245725,8131.662947707692
2019-09-20 09:00:00+00:00,7940.000000000002,8259.501514061634,8073.326177339626
2019-09-20 10:00:00+00:00,7641.0,8066.51984194778,7922.149877602002
2019-09-20 11:00:00+00:00,7400.0,7747.958068674822,7667.441029902971
2019-09-20 12:00:00+00:00,7220.0,7483.719803185182,7448.325091091081
2019-09-20 13:00:00+00:00,7160.0,7261.865561375838,7302.540513846545
2019-09-20 14:00:00+00:00,7208.000000000001,7154.494293598249,7259.51929194134
2019-09-20 15:00:00+00:00,7418.000000000001,7165.233938044031,7333.549499909063
2019-09-20 16:00:00+00:00,7609.000000000001,7309.858257955667,7501.297896936838
2019-09-20 17:00:00+00:00,7666.000000000001,7462.645617363507,7635.086274707802
2019-09-20 18:00:00+00:00,7280.0,7448.170712892047,7578.375432660831
2019-09-20 19:00:00+00:00,6655.0,7021.448579439885,7125.732204530989
2019-09-20 20:00:00+00:00,6342.000000000001,6468.28900678775,6573.10971281406
2019-09-20 21:00:00+00:00,5887.000000000001,6165.642416494824,6206.8184011512385
2019-09-20 22:00:00+00:00,5586.0,5791.729621770242,5787.129871451982
2019-09-20 23:00:00+00:00,5271.0,5531.679592002606,5477.524280465597
2019-09-21 00:00:00+00:00,5171.0,5152.909191996909,5210.089233308813
2019-09-21 01:00:00+00:00,4999.0,5105.386627591058,5095.005777895295
2019-09-21 02:00:00+00:00,5054.0,5050.194092225857,4980.6336618484465
2019-09-21 03:00:00+00:00,5382.0,5250.981618478092,5124.28687790493
2019-09-21 04:00:00+00:00,5791.000000000001,5735.159882192802,5546.70850373101
2019-09-21 05:00:00+00:00,6289.0,6248.9194278261575,6013.441859615192
2019-09-21 06:00:00+00:00,6620.0,6653.8421233559075,6485.965398697476
2019-09-21 07:00:00+00:00,6716.000000000001,6886.274008257556,6764.730510663345
2019-09-21 08:00:00+00:00,6712.0,6919.039793911658,6842.330773016001
2019-09-21 09:00:00+00:00,6685.0,6846.838627202154,6822.000840014866
2019-09-21 10:00:00+00:00,6440.0,6710.649760769088,6729.658623800513
2019-09-21 11:00:00+00:00,6149.000000000001,6408.254339139084,6484.011313847814
2019-09-21 12:00:00+00:00,6005.0,6098.709000592054,6228.894669974926
2019-09-21 13:00:00+00:00,5979.000000000001,5910.062604270147,6111.525654614918
2019-09-21 14:00:00+00:00,6034.000000000001,5843.091213547415,6103.289905602473
2019-09-21 15:00:00+00:00,6268.0,5877.600936464708,6188.452639792297
2019-09-21 16:00:00+00:00,6452.000000000001,6068.181147997915,6389.059178311256
2019-09-21 17:00:00+00:00,6548.000000000002,6228.029184755739,6537.73062872126
2019-09-21 18:00:00+00:00,6400.000000000001,6324.926812579064,6547.9730825180695
2019-09-21 19:00:00+00:00,5934.0,6101.679731193338,6298.080036891021
2019-09-21 20:00:00+00:00,5737.000000000002,5698.736570373485,5893.267879491864
2019-09-21 21:00:00+00:00,5308.0,5472.831696866988,5629.460376750082
2019-09-21 22:00:00+00:00,5091.0,5120.880130281462,5245.013985775724
2019-09-21 23:00:00+00:00,4770.0,4940.649427049325,5004.052976752854
2019-09-22 00:00:00+00:00,4704.0,4735.26814094874,4745.197743036699
2019-09-22 01:00:00+00:00,4553.0,4715.127348965972,4654.643539038056
2019-09-22 02:00:00+00:00,4547.0,4662.707811347234,4537.369758606259
2019-09-22 03:00:00+00:00,4720.0,4792.255956759699,4592.898053455251
2019-09-22 04:00:00+00:00,5042.0,5074.859682118346,4805.523853477499
2019-09-22 05:00:00+00:00,5489.0,5467.3553092311395,5162.968241837742
2019-09-22 06:00:00+00:00,5768.0,5821.38666528523,5570.9410449652405
2019-09-22 07:00:00+00:00,5910.0,6023.901839452251,5811.800502825779
2019-09-22 08:00:00+00:00,6053.999999999999,6091.915087834959,5930.769828301592
2019-09-22 09:00:00+00:00,6184.000000000001,6166.789928064926,6052.66724791487
2019-09-22 10:00:00+00:00,6055.0,6161.756411894992,6089.733243854096
2019-09-22 11:00:00+00:00,5894.0,5935.27198725257,5923.092653573646
2019-09-22 12:00:00+00:00,5730.0,5773.427761605811,5765.030558583947
2019-09-22 13:00:00+00:00,5723.0,5574.856812526365,5647.204775019916
2019-09-22 14:00:00+00:00,5808.000000000002,5527.600373763827,5678.687742937111
2019-09-22 15:00:00+00:00,5986.0,5599.98349406192,5814.347791583183
2019-09-22 16:00:00+00:00,6320.000000000001,5789.5232288182615,6024.155020432006
2019-09-22 17:00:00+00:00,6516.0,6107.809297473512,6306.938095108109
2019-09-22 18:00:00+00:00,6291.000000000001,6210.747854676391,6433.640694625526
2019-09-22 19:00:00+00:00,5888.0,5938.903905232331,6147.069633278532
2019-09-22 20:00:00+00:00,5789.000000000002,5634.529309811065,5819.797862865931
2019-09-22 21:00:00+00:00,5435.0,5495.200138885889,5642.2637807299225
2019-09-22 22:00:00+00:00,5232.0,5224.017718389184,5329.598560330407
2019-09-22 23:00:00+00:00,4985.0,5051.1944875802865,5110.107858292965
2019-09-23 00:00:00+00:00,4940.0,5074.02888529492,4909.333298006648
2019-09-23 01:00:00+00:00,4878.0,5075.176441574598,4850.844310231467
2019-09-23 02:00:00+00:00,5060.0,5110.7208749939045,4840.5016507256205
2019-09-23 03:00:00+00:00,5849.000000000002,5423.995089663019,5139.585238285512
2019-09-23 04:00:00+00:00,7171.0,6290.3657739626415,6003.437375581095
2019-09-23 05:00:00+00:00,7977.000000000001,7494.479946214625,7174.006446937353
2019-09-23 06:00:00+00:00,8182.000000000001,8131.982295867353,7843.999643773884
2019-09-23 07:00:00+00:00,8327.000000000002,8307.493537655484,8003.630532320724
2019-09-23 08:00:00+00:00,8526.0,8430.150283878096,8122.2807396809485
2019-09-23 09:00:00+00:00,8746.0,8618.75670111767,8294.527943774176
2019-09-23 10:00:00+00:00,8590.0,8731.53124535194,8405.354738809407
2019-09-23 11:00:00+00:00,8612.0,8528.52089886492,8270.72488379257
2019-09-23 12:00:00+00:00,8543.000000000002,8465.452848539146,8271.964422501398
2019-09-23 13:00:00+00:00,8516.000000000002,8361.375698999846,8225.003996841848
2019-09-23 14:00:00+00:00,8435.0,8282.009102580734,8219.107107621809
2019-09-23 15:00:00+00:00,8431.000000000002,8172.778286945146,8179.951574651175
2019-09-23 16:00:00+00:00,8471.0,8141.679639596118,8209.852320232872
2019-09-23 17:00:00+00:00,8318.0,8126.014981255275,8232.095575423964
2019-09-23 18:00:00+00:00,7751.000000000001,7899.143492512913,8026.5740787225395
2019-09-23 19:00:00+00:00,7048.0,7305.145648141143,7437.883109161814
2019-09-23 20:00:00+00:00,6748.0,6692.43797486978,6835.020511653552
2019-09-23 21:00:00+00:00,6196.0,6368.366586805746,6483.202349802968
2019-09-23 22:00:00+00:00,5920.000000000002,5912.18487642397,6008.93541195804
2019-09-23 23:00:00+00:00,5591.0,5673.0910864407715,5724.712405490305
2019-09-24 00:00:00+00:00,5484.0,5459.13688861313,5467.670397501572
2019-09-24 01:00:00+00:00,5371.0,5407.7880328889605,5362.816596513711
2019-09-24 02:00:00+00:00,5516.0,5407.603803271126,5306.761301047697
2019-09-24 03:00:00+00:00,6207.0,5739.788777251593,5597.948688653787
2019-09-24 04:00:00+00:00,7385.000000000001,6612.851904425341,6441.7360525381855
2019-09-24 05:00:00+00:00,8217.0,7765.146564799189,7540.249843405725
2019-09-24 06:00:00+00:00,8495.0,8499.522577780433,8224.27444930431
2019-09-24 07:00:00+00:00,8425.0,8740.451549145926,8439.36455979355
2019-09-24 08:00:00+00:00,8469.000000000002,8635.597719587353,8415.17989003654
2019-09-24 09:00:00+00:00,8458.000000000002,8676.033586730604,8479.792578038832
2019-09-24 10:00:00+00:00,8188.000000000001,8594.927477798406,8404.019648632266
2019-09-24 11:00:00+00:00,8101.000000000002,8268.010416980138,8200.321019858156
2019-09-24 12:00:00+00:00,8025.0,8143.746605526161,8114.900188661339
2019-09-24 13:00:00+00:00,8032.000000000001,8002.76232531863,8037.770712135012
2019-09-24 14:00:00+00:00,8043.999999999999,7931.372563645489,8018.971341216487
2019-09-24 15:00:00+00:00,8124.0,7917.208705786225,8025.0551602349815
2019-09-24 16:00:00+00:00,8264.0,7972.473900540719,8092.269093572819
2019-09-24 17:00:00+00:00,8181.0,8010.413170238217,8170.018037662482
2019-09-24 18:00:00+00:00,7619.0,7851.041339743051,7991.547633637731
2019-09-24 19:00:00+00:00,7033.999999999999,7253.708798235517,7410.249381488109
2019-09-24 20:00:00+00:00,6681.000000000001,6736.481166028355,6885.920785047796
2019-09-24 21:00:00+00:00,6179.000000000001,6372.794009564349,6487.532636119539
2019-09-24 22:00:00+00:00,5878.000000000001,5938.361980488464,6032.838182161372
2019-09-24 23:00:00+00:00,5561.0,5694.113834394835,5735.072867667829
2019-09-25 00:00:00+00:00,5446.0,5508.511229149411,5470.113392931166
2019-09-25 01:00:00+00:00,5361.0,5469.599756411912,5360.414575373112
2019-09-25 02:00:00+00:00,5507.0,5494.535021486162,5336.625370490483
2019-09-25 03:00:00+00:00,6165.000000000001,5814.931597944189,5619.850310525004
2019-09-25 04:00:00+00:00,7396.999999999999,6626.171544240839,6424.593754281877
2019-09-25 05:00:00+00:00,8289.000000000002,7817.639914396387,7549.625850688173
2019-09-25 06:00:00+00:00,8619.000000000002,8587.599998459591,8272.341580034428
2019-09-25 07:00:00+00:00,8630.000000000002,8826.815233932084,8487.787720426913
2019-09-25 08:00:00+00:00,8770.000000000002,8832.954538398311,8509.80568466505
2019-09-25 09:00:00+00:00,8848.0,8904.033673038837,8613.550062030776
2019-09-25 10:00:00+00:00,8648.0,8874.237438836573,8591.052450223528
2019-09-25 11:00:00+00:00,8619.000000000002,8689.037402808337,8426.062224117344
2019-09-25 12:00:00+00:00,8506.0,8591.791510106903,8381.883794525216
2019-09-25 13:00:00+00:00,8394.0,8440.089251484393,8299.574483904033
2019-09-25 14:00:00+00:00,8360.000000000002,8308.885486591189,8231.119667842691
2019-09-25 15:00:00+00:00,8368.000000000002,8245.17723477499,8235.747301815485
2019-09-25 16:00:00+00:00,8428.000000000002,8216.205997669847,8274.815801153974
2019-09-25 17:00:00+00:00,8236.0,8225.830723778736,8332.176570994196
2019-09-25 18:00:00+00:00,7713.000000000001,7927.984507643053,8059.0086570295025
2019-09-25 19:00:00+00:00,7112.000000000001,7358.842307021486,7496.055570264927
2019-09-25 20:00:00+00:00,6820.999999999999,6788.101694719455,6958.932627784101
2019-09-25 21:00:00+00:00,6250.000000000001,6484.433777110105,6609.164312063349
2019-09-25 22:00:00+00:00,5876.000000000001,6017.799618815728,6104.828679822569
2019-09-25 23:00:00+00:00,5548.0,5657.273940102342,5746.327685935645
2019-09-26 00:00:00+00:00,5477.999999999999,5454.6741760506575,5475.4628356111125
2019-09-26 01:00:00+00:00,5331.999999999999,5444.96829307022,5405.375535996528
2019-09-26 02:00:00+00:00,5520.0,5428.909112020036,5341.186578432786
2019-09-26 03:00:00+00:00,6167.0,5785.697311540472,5660.1641835209075
2019-09-26 04:00:00+00:00,7370.0,6629.179676277646,6473.880029984894
2019-09-26 05:00:00+00:00,8197.0,7800.884929601381,7578.953876303637
2019-09-26 06:00:00+00:00,8433.0,8471.42969917987,8259.198706305811
2019-09-26 07:00:00+00:00,8402.0,8649.62427058093,8416.821458515893
2019-09-26 08:00:00+00:00,8455.0,8610.175406228458,8381.524268959141
2019-09-26 09:00:00+00:00,8557.000000000002,8610.145021313177,8422.604294481132
2019-09-26 10:00:00+00:00,8332.0,8610.824362671186,8446.908334234793
2019-09-26 11:00:00+00:00,8245.000000000002,8384.935187002739,8277.815211991614
2019-09-26 12:00:00+00:00,8154.0,8235.857494827704,8183.287507885666
2019-09-26 13:00:00+00:00,8108.000000000001,8109.8240308729955,8099.446884115862
2019-09-26 14:00:00+00:00,8089.000000000001,8011.615663823189,8062.404932951104
2019-09-26 15:00:00+00:00,8072.0,8021.225565562377,8054.588928203688
2019-09-26 16:00:00+00:00,8146.0,7982.098307568767,8067.536252129598
2019-09-26 17:00:00+00:00,8087.000000000001,7982.6970443588525,8117.0921446363
2019-09-26 18:00:00+00:00,7563.000000000001,7802.913246268359,7950.44708536822
2019-09-26 19:00:00+00:00,6972.0,7241.008809328818,7396.673079072502
2019-09-26 20:00:00+00:00,6689.999999999999,6698.354767143589,6872.188437163715
2019-09-26 21:00:00+00:00,6174.000000000002,6388.152339603771,6535.7186637235845
2019-09-26 22:00:00+00:00,5803.0,5928.684529854035,6056.299727705304
2019-09-26 23:00:00+00:00,5484.0,5629.340515967696,5705.337765314264
2019-09-27 00:00:00+00:00,5371.0,5419.479579775784,5449.487017520826
2019-09-27 01:00:00+00:00,5265.000000000001,5362.090876008034,5339.938429371306
2019-09-27 02:00:00+00:00,5391.0,5380.662952672778,5302.373893448628
2019-09-27 03:00:00+00:00,6117.0,5698.18954094486,5581.68124386275
2019-09-27 04:00:00+00:00,7378.0,6596.514688484649,6448.291984343439
2019-09-27 05:00:00+00:00,8204.0,7832.778366708144,7584.106746050222
2019-09-27 06:00:00+00:00,8457.0,8482.306339325936,8246.320982531084
2019-09-27 07:00:00+00:00,8391.0,8635.843356034025,8399.92652300429
2019-09-27 08:00:00+00:00,8412.000000000002,8556.902318842494,8342.865503852869
2019-09-27 09:00:00+00:00,8426.000000000002,8516.198839746343,8343.339299662679
2019-09-27 10:00:00+00:00,8133.999999999999,8425.423744430625,8276.938572218514
2019-09-27 11:00:00+00:00,7799.0,8096.932919222604,8007.553531293817
2019-09-27 12:00:00+00:00,7614.000000000001,7733.494542945522,7718.370056408026
2019-09-27 13:00:00+00:00,7574.000000000002,7510.280526592316,7566.81253194116
2019-09-27 14:00:00+00:00,7602.0,7430.677641168129,7545.456516306445
2019-09-27 15:00:00+00:00,7749.000000000002,7436.805120592002,7606.54375862908
2019-09-27 16:00:00+00:00,7898.000000000001,7559.517644829104,7758.288875467156
2019-09-27 17:00:00+00:00,7837.0,7694.850814137753,7874.70365872562
2019-09-27 18:00:00+00:00,7368.0,7559.032650447473,7713.075867658451
2019-09-27 19:00:00+00:00,6703.000000000001,7038.11850701495,7198.708449115327
2019-09-27 20:00:00+00:00,6420.0,6421.585614490885,6625.85585795755
2019-09-27 21:00:00+00:00,5920.000000000002,6162.294223489337,6287.833098688991
2019-09-27 22:00:00+00:00,5607.0,5737.9285842678255,5831.944715495795
2019-09-27 23:00:00+00:00,5316.999999999999,5450.690042430768,5514.739064327607
2019-09-28 00:00:00+00:00,5174.0,5123.926026258457,5272.94859665621
2019-09-28 01:00:00+00:00,5027.0,5047.443888585357,5125.4385210900955
2019-09-28 02:00:00+00:00,4976.0,5017.165150690037,5037.847838342401
2019-09-28 03:00:00+00:00,5237.0,5175.293577636529,5120.832493558523
2019-09-28 04:00:00+00:00,5731.0,5620.525487067855,5489.999304255184
2019-09-28 05:00:00+00:00,6356.999999999999,6168.291527510313,6015.090996361392
2019-09-28 06:00:00+00:00,6754.000000000001,6769.527088010958,6560.401299263754
2019-09-28 07:00:00+00:00,7052.000000000001,7104.221574373572,6866.257395909732
2019-09-28 08:00:00+00:00,7231.0,7288.493912325774,7086.040204883009
2019-09-28 09:00:00+00:00,7378.0,7444.221369072724,7213.217617459824
2019-09-28 10:00:00+00:00,7100.0,7483.957876913852,7250.182318487262
2019-09-28 11:00:00+00:00,6850.000000000001,7162.287721449711,6962.183517040424
2019-09-28 12:00:00+00:00,6677.0,6861.5397168116915,6735.477108041677
2019-09-28 13:00:00+00:00,6645.000000000001,6656.878549884366,6599.928900269665
2019-09-28 14:00:00+00:00,6617.0,6530.480514484972,6589.376923019187
2019-09-28 15:00:00+00:00,6717.000000000002,6542.991694845522,6626.472557063218
2019-09-28 16:00:00+00:00,6820.999999999999,6597.398891426761,6747.878450155055
2019-09-28 17:00:00+00:00,6756.0,6675.531679162982,6838.724793449595
2019-09-28 18:00:00+00:00,6434.0,6526.087518717852,6725.664152490843
2019-09-28 19:00:00+00:00,5933.000000000001,6135.334495033367,6345.368725473221
2019-09-28 20:00:00+00:00,5815.000000000001,5693.36983215077,5916.096793991988
2019-09-28 21:00:00+00:00,5415.0,5505.389238569076,5705.767564945422
2019-09-28 22:00:00+00:00,5114.0,5169.061207624316,5344.5330752113005
2019-09-28 23:00:00+00:00,4824.0,4924.21874819805,5037.125824491526
2019-09-29 00:00:00+00:00,4739.0,4711.332500487972,4799.792428942888
2019-09-29 01:00:00+00:00,4552.0,4679.58447278612,4695.974446077844
2019-09-29 02:00:00+00:00,4583.0,4598.565324457179,4553.334009396234
2019-09-29 03:00:00+00:00,4758.0,4742.787971737489,4630.394152168658
2019-09-29 04:00:00+00:00,5050.0,5037.121411328018,4860.736103035019
2019-09-29 05:00:00+00:00,5490.0,5447.641356364657,5212.032897601158
2019-09-29 06:00:00+00:00,5778.000000000002,5828.701540816434,5621.261366993152
2019-09-29 07:00:00+00:00,5888.0,6062.221983612236,5883.877954428505
2019-09-29 08:00:00+00:00,5964.0,6148.653908687736,6006.93167906481
2019-09-29 09:00:00+00:00,6072.000000000001,6190.396778519044,6099.749194954315
2019-09-29 10:00:00+00:00,5812.0,6176.312422642577,6132.183362657604
2019-09-29 11:00:00+00:00,5558.0,5873.97772627365,5889.756271408688
2019-09-29 12:00:00+00:00,5414.0,5586.339671357116,5656.995309388576
2019-09-29 13:00:00+00:00,5385.000000000001,5408.417408711272,5547.128932280014
2019-09-29 14:00:00+00:00,5539.0,5333.355843736416,5540.466425344138
2019-09-29 15:00:00+00:00,5857.000000000002,5454.650009379293,5696.657073733613
2019-09-29 16:00:00+00:00,6255.000000000001,5742.789868529575,6004.86245604582
2019-09-29 17:00:00+00:00,6484.000000000001,6091.236620709756,6331.588389745183
2019-09-29 18:00:00+00:00,6270.0,6255.224917365807,6430.648477216692
2019-09-29 19:00:00+00:00,5816.000000000001,5994.022555406355,6154.880122190928
2019-09-29 20:00:00+00:00,5775.000000000001,5618.625929973913,5792.3145710839035
2019-09-29 21:00:00+00:00,5416.0,5518.163611102755,5661.219263679863
2019-09-29 22:00:00+00:00,5270.0,5213.724793022272,5333.895291410031
2019-09-29 23:00:00+00:00,5012.0,5076.566048548413,5155.2908113446765
2019-09-30 00:00:00+00:00,4932.0,5079.355259911607,4950.160914914336
2019-09-30 01:00:00+00:00,4844.0,5049.273725803938,4864.787128700396
2019-09-30 02:00:00+00:00,5036.0,5077.574397840773,4838.730986747998
2019-09-30 03:00:00+00:00,5802.000000000001,5421.407063575014,5150.494158711112
2019-09-30 04:00:00+00:00,7198.0,6278.032094225739,5999.526740220415
2019-09-30 05:00:00+00:00,8039.0,7556.337460963356,7220.396375226151
2019-09-30 06:00:00+00:00,8322.000000000002,8225.309878149217,7901.8736689103325
2019-09-30 07:00:00+00:00,8339.0,8444.124273052257,8147.531449276923
2019-09-30 08:00:00+00:00,8376.000000000002,8474.948252945997,8205.747089882943
2019-09-30 09:00:00+00:00,8418.0,8575.78821876686,8285.28217029061
2019-09-30 10:00:00+00:00,8166.000000000001,8529.127046595788,8265.594050709613
2019-09-30 11:00:00+00:00,8032.000000000001,8191.254919927354,8065.634153273125
2019-09-30 12:00:00+00:00,7994.000000000001,7954.855069568361,7942.688652461468
2019-09-30 13:00:00+00:00,7948.000000000002,7862.148025743484,7907.46005445316
2019-09-30 14:00:00+00:00,7939.000000000001,7764.518128196693,7869.494706984697
2019-09-30 15:00:00+00:00,8016.000000000001,7731.9819628104315,7886.526772782665
2019-09-30 16:00:00+00:00,8182.000000000001,7850.743547965083,7981.6202299192
2019-09-30 17:00:00+00:00,8106.000000000001,7945.067345545694,8090.831916548437
2019-09-30 18:00:00+00:00,7522.000000000001,7758.552596209124,7905.884840039305
2019-09-30 19:00:00+00:00,6938.000000000002,7151.0030341019055,7301.987949999702
2019-09-30 20:00:00+00:00,6605.000000000002,6650.518125989565,6809.7685895327395
2019-09-30 21:00:00+00:00,6058.000000000001,6314.796016025761,6427.708928595864
2019-09-30 22:00:00+00:00,5745.000000000001,5869.817674594807,5959.444500647449
2019-09-30 23:00:00+00:00,5456.000000000001,5613.420648624203,5644.163200194245
2019-10-01 00:00:00+00:00,5375.0,5428.617086730019,5404.292267589435
2019-10-01 01:00:00+00:00,5275.0,5416.330887839532,5315.573888572981
2019-10-01 02:00:00+00:00,5466.0,5471.649737561421,5285.573086848313
2019-10-01 03:00:00+00:00,6168.000000000001,5861.756554475698,5621.9877300180815
2019-10-01 04:00:00+00:00,7401.000000000001,6747.67861495162,6479.090707238656
2019-10-01 05:00:00+00:00,8164.000000000002,7921.404251847646,7615.527596548775
2019-10-01 06:00:00+00:00,8302.0,8522.627860947206,8253.531149203105
2019-10-01 07:00:00+00:00,8174.999999999999,8556.463663122895,8342.352955356386
2019-10-01 08:00:00+00:00,8128.000000000001,8416.165570954683,8260.522072224308
2019-10-01 09:00:00+00:00,8133.000000000001,8326.308314237735,8226.931234442336
2019-10-01 10:00:00+00:00,7879.000000000001,8210.511427017844,8157.620933211503
2019-10-01 11:00:00+00:00,7843.0,7925.633357840624,7943.284122983021
2019-10-01 12:00:00+00:00,7763.0,7838.7876623594175,7898.756778143311
2019-10-01 13:00:00+00:00,7766.0,7711.529509778691,7837.799360977442
2019-10-01 14:00:00+00:00,7794.0,7661.751562380927,7841.691482935075
2019-10-01 15:00:00+00:00,7848.0,7658.295934106709,7884.0582680066445
2019-10-01 16:00:00+00:00,8066.0,7711.060966004434,7964.262007371623
2019-10-01 17:00:00+00:00,8109.000000000001,7875.772902373241,8102.243339288354
2019-10-01 18:00:00+00:00,7578.0,7822.805216347947,7977.492351753139
2019-10-01 19:00:00+00:00,6912.0,7287.38926979394,7426.063938914137
2019-10-01 20:00:00+00:00,6550.000000000001,6701.976630185487,6840.65748803499
2019-10-01 21:00:00+00:00,6051.000000000002,6319.539773070856,6432.844211039028
2019-10-01 22:00:00+00:00,5690.0,5894.272762070945,5982.128013392666
2019-10-01 23:00:00+00:00,5474.0,5587.05749891137,5631.522674502258
2019-10-02 00:00:00+00:00,5373.0,5451.314829027312,5443.613932348432
2019-10-02 01:00:00+00:00,5253.0,5399.001933192828,5344.803931016964
2019-10-02 02:00:00+00:00,5426.000000000001,5412.512044794476,5300.166461592172
2019-10-02 03:00:00+00:00,6083.999999999999,5761.66669784752,5611.850048428703
2019-10-02 04:00:00+00:00,7360.000000000001,6603.681450030432,6434.9165335413145
2019-10-02 05:00:00+00:00,8239.0,7832.901304341604,7608.973546379715
2019-10-02 06:00:00+00:00,8550.0,8637.729961089073,8331.615237762191
2019-10-02 07:00:00+00:00,8709.0,8887.582792899502,8552.882681555991
2019-10-02 08:00:00+00:00,8950.000000000002,9036.321652580787,8694.192914136422
2019-10-02 09:00:00+00:00,9068.0,9180.080487777414,8887.434378768745
2019-10-02 10:00:00+00:00,8791.000000000002,9187.465787844369,8915.158679024647
2019-10-02 11:00:00+00:00,8756.000000000002,8941.089089452184,8703.053227118715
2019-10-02 12:00:00+00:00,8670.0,8855.678433843888,8648.824305723207
2019-10-02 13:00:00+00:00,8552.0,8718.764167239236,8563.59845148417
2019-10-02 14:00:00+00:00,8502.000000000002,8551.280511300585,8472.269510535694
2019-10-02 15:00:00+00:00,8441.0,8450.863783934745,8441.281624867956
2019-10-02 16:00:00+00:00,8558.0,8368.718240252672,8425.017509094223
2019-10-02 17:00:00+00:00,8325.000000000002,8412.196854968846,8476.121846175163
2019-10-02 18:00:00+00:00,7731.0,8066.156360107149,8160.233822734623
2019-10-02 19:00:00+00:00,7119.0,7411.073303818074,7553.068136838168
2019-10-02 20:00:00+00:00,6790.999999999999,6860.916177988298,7017.548873586407
2019-10-02 21:00:00+00:00,6325.0,6493.336031484184,6624.671293532152
2019-10-02 22:00:00+00:00,5991.000000000002,6082.222931204124,6180.060393057985
2019-10-02 23:00:00+00:00,5743.0,5815.393068994485,5852.707555942277
2019-10-03 00:00:00+00:00,5647.0,5676.767254011612,5648.743078148564
2019-10-03 01:00:00+00:00,5584.0,5643.280178898935,5539.966768279214
2019-10-03 02:00:00+00:00,5668.0,5693.8931146394825,5544.28725463455
2019-10-03 03:00:00+00:00,6392.000000000001,5976.1498533394015,5785.019928412786
2019-10-03 04:00:00+00:00,7568.000000000001,6877.188968830847,6654.155561867325
2019-10-03 05:00:00+00:00,8367.0,8024.14458963124,7750.568898490146
2019-10-03 06:00:00+00:00,8608.0,8734.236970763452,8408.804957436516
2019-10-03 07:00:00+00:00,8551.000000000002,8947.467526935434,8591.942254348365
2019-10-03 08:00:00+00:00,8597.0,8919.852695275591,8578.885614508674
2019-10-03 09:00:00+00:00,8667.0,8896.952102707135,8641.964770642146
2019-10-03 10:00:00+00:00,8545.0,8852.320532954805,8627.506682359697
2019-10-03 11:00:00+00:00,8446.0,8684.273299473789,8517.767279196083
2019-10-03 12:00:00+00:00,8264.0,8554.454932088209,8420.260697577378
2019-10-03 13:00:00+00:00,8157.0,8315.111016164623,8268.24236032256
2019-10-03 14:00:00+00:00,8094.0,8208.600332459684,8181.926112240757
2019-10-03 15:00:00+00:00,8197.0,8051.497355872465,8127.526992620166
2019-10-03 16:00:00+00:00,8471.0,8124.916300154859,8226.87929663371
2019-10-03 17:00:00+00:00,8368.000000000002,8301.298672722054,8398.894499743146
2019-10-03 18:00:00+00:00,7821.0,8068.066838943747,8173.59664535168
2019-10-03 19:00:00+00:00,7167.000000000001,7487.867648197638,7607.082657242142
2019-10-03 20:00:00+00:00,6796.000000000001,6914.920712768655,7045.036994996664
2019-10-03 21:00:00+00:00,6287.0,6527.7609682044695,6633.978876734531
2019-10-03 22:00:00+00:00,5916.000000000001,6084.378867970132,6160.36084209236
2019-10-03 23:00:00+00:00,5662.0,5776.675737381041,5805.117084434828
2019-10-04 00:00:00+00:00,5570.0,5607.04702947763,5588.511405444971
2019-10-04 01:00:00+00:00,5474.0,5592.503869352914,5494.938530677594
2019-10-04 02:00:00+00:00,5618.0,5631.627828609705,5455.822093900089
2019-10-04 03:00:00+00:00,6322.0,5987.221248602621,5761.400928878953
2019-10-04 04:00:00+00:00,7593.000000000001,6881.813715275596,6619.742442232877
2019-10-04 05:00:00+00:00,8456.000000000002,8112.043989419226,7779.714910564274
2019-10-04 06:00:00+00:00,8543.000000000002,8799.954479871067,8483.077238673262
2019-10-04 07:00:00+00:00,8492.0,8761.625924542657,8529.562996175371
2019-10-04 08:00:00+00:00,8458.000000000002,8694.06682454304,8499.733111191379
2019-10-04 09:00:00+00:00,8433.0,8638.220118358888,8482.824378294106
2019-10-04 10:00:00+00:00,8097.0,8603.054059745557,8396.955492372208
2019-10-04 11:00:00+00:00,7860.000000000001,8150.576912022325,8075.542391476331
2019-10-04 12:00:00+00:00,7677.000000000001,7901.9264530787805,7850.496055970379
2019-10-04 13:00:00+00:00,7632.0,7663.768195910177,7699.752951116303
2019-10-04 14:00:00+00:00,7749.000000000002,7649.363935379262,7667.391748654383
2019-10-04 15:00:00+00:00,7871.999999999999,7732.5570849904325,7790.509739331495
2019-10-04 16:00:00+00:00,8101.000000000002,7837.882287017756,7931.437196944455
2019-10-04 17:00:00+00:00,7912.000000000001,7956.088243322562,8079.809826899092
2019-10-04 18:00:00+00:00,7372.000000000002,7660.994460684344,7805.744163997515
2019-10-04 19:00:00+00:00,6750.000000000002,7078.920341242654,7226.377482423143
2019-10-04 20:00:00+00:00,6452.000000000001,6528.5659470357805,6684.342197183871
2019-10-04 21:00:00+00:00,6018.000000000001,6213.065272922711,6326.845456994645
2019-10-04 22:00:00+00:00,5720.999999999999,5808.511724025391,5917.098360567786
2019-10-04 23:00:00+00:00,5446.0,5563.783375041031,5621.580464975146
2019-10-05 00:00:00+00:00,5245.0,5240.9406111653825,5383.842483570939
2019-10-05 01:00:00+00:00,5077.0,5121.473142962228,5199.407915583897
2019-10-05 02:00:00+00:00,5121.0,5069.204351660745,5076.6020709360855
2019-10-05 03:00:00+00:00,5402.0,5288.109793014251,5214.414264044238
2019-10-05 04:00:00+00:00,5853.0,5764.36854204567,5615.981277183035
2019-10-05 05:00:00+00:00,6517.000000000001,6307.761289352108,6137.759357091652
2019-10-05 06:00:00+00:00,6976.000000000001,6919.505832522911,6711.537971517874
2019-10-05 07:00:00+00:00,7180.000000000001,7324.732824898556,7104.394073381419
2019-10-05 08:00:00+00:00,7310.0,7502.23937711619,7287.340827938962
2019-10-05 09:00:00+00:00,7405.000000000002,7615.689818841976,7410.197042642288
2019-10-05 10:00:00+00:00,7115.000000000001,7591.988750994585,7399.005159085823
2019-10-05 11:00:00+00:00,6902.000000000001,7232.962808265864,7117.806079792051
2019-10-05 12:00:00+00:00,6708.000000000001,7006.176148249163,6912.680526727598
2019-10-05 13:00:00+00:00,6708.000000000001,6791.961232761691,6760.110303061576
2019-10-05 14:00:00+00:00,6798.000000000001,6690.5538647377925,6763.315898462896
2019-10-05 15:00:00+00:00,6956.000000000001,6796.085009739401,6858.663242252852
2019-10-05 16:00:00+00:00,7146.0,6869.68944847186,7012.8729020464825
2019-10-05 17:00:00+00:00,6960.000000000002,6979.4072272484045,7125.165041553669
2019-10-05 18:00:00+00:00,6564.000000000002,6725.377281316499,6883.071798857558
2019-10-05 19:00:00+00:00,6169.0,6272.041477876166,6444.667708898386
2019-10-05 20:00:00+00:00,5985.000000000001,5921.880693897483,6107.9684571802
2019-10-05 21:00:00+00:00,5563.0,5705.662286027687,5859.915880230978
2019-10-05 22:00:00+00:00,5286.0,5339.263050196801,5466.9869434053435
2019-10-05 23:00:00+00:00,4990.0,5103.857469735707,5184.552465882072
2019-10-06 00:00:00+00:00,4904.0,4874.664452634565,4934.6169982860065
2019-10-06 01:00:00+00:00,4704.0,4830.9254651958245,4821.3049872006095
2019-10-06 02:00:00+00:00,4665.0,4755.727782010047,4683.709645656902
2019-10-06 03:00:00+00:00,4825.0,4837.083475061267,4711.205381550812
2019-10-06 04:00:00+00:00,5101.0,5114.659607484984,4921.259411991252
2019-10-06 05:00:00+00:00,5552.0,5509.26003426172,5262.275336036537
2019-10-06 06:00:00+00:00,5884.000000000001,5953.963926390663,5686.086992705012
2019-10-06 07:00:00+00:00,6082.0,6217.047781443039,5967.52555292495
2019-10-06 08:00:00+00:00,6263.000000000001,6378.00120668258,6138.025101833541
2019-10-06 09:00:00+00:00,6339.0,6496.736272645344,6299.745719025332
2019-10-06 10:00:00+00:00,6142.0,6433.78406048378,6281.660329842368
2019-10-06 11:00:00+00:00,5986.0,6176.958980040281,6069.878399942251
2019-10-06 12:00:00+00:00,5866.0,6028.919507109404,5911.616271663688
2019-10-06 13:00:00+00:00,5858.0,5873.4785634511445,5817.495833187032
2019-10-06 14:00:00+00:00,6014.0,5840.780829929452,5849.041171971083
2019-10-06 15:00:00+00:00,6339.0,5977.981376696098,6039.0418687242445
2019-10-06 16:00:00+00:00,6805.0,6245.3722076665435,6371.712172661244
2019-10-06 17:00:00+00:00,6788.000000000002,6604.6792124290805,6745.848603244157
2019-10-06 18:00:00+00:00,6490.000000000001,6495.977601202058,6660.587820006241
2019-10-06 19:00:00+00:00,6068.0,6148.58883623315,6320.952875121238
2019-10-06 20:00:00+00:00,5999.000000000002,5792.653470180502,5988.462101003852
2019-10-06 21:00:00+00:00,5720.999999999999,5663.072748050392,5834.1144190019895
2019-10-06 22:00:00+00:00,5518.0,5431.09058904431,5579.555517589116
2019-10-06 23:00:00+00:00,5328.0,5255.379282740349,5356.396034005046
2019-10-07 00:00:00+00:00,5217.0,5295.710815022824,5194.238227654955
2019-10-07 01:00:00+00:00,5146.0,5239.726400132565,5079.913095618602
2019-10-07 02:00:00+00:00,5394.0,5264.085025894355,5063.048079151289
2019-10-07 03:00:00+00:00,6152.000000000002,5631.542736713863,5410.300710628264
2019-10-07 04:00:00+00:00,7525.000000000002,6495.856637241265,6267.012755110766
2019-10-07 05:00:00+00:00,8518.000000000002,7765.064342639355,7478.811287182812
2019-10-07 06:00:00+00:00,8839.0,8641.165584573388,8290.99948017814
2019-10-07 07:00:00+00:00,8849.000000000002,8921.502944452253,8545.831264225677
2019-10-07 08:00:00+00:00,8867.0,8955.424971935861,8574.635422480143
2019-10-07 09:00:00+00:00,8886.0,8966.506209753616,8602.319657079794
2019-10-07 10:00:00+00:00,8641.000000000002,8898.309427560196,8551.400194939177
2019-10-07 11:00:00+00:00,8556.0,8632.859680061229,8332.967665583794
2019-10-07 12:00:00+00:00,8408.0,8476.19903129402,8254.067539673202
2019-10-07 13:00:00+00:00,8302.0,8279.876205213804,8135.754215403119
2019-10-07 14:00:00+00:00,8283.0,8141.820020996365,8068.15210217365
2019-10-07 15:00:00+00:00,8364.0,8112.683602268096,8094.487737889313
2019-10-07 16:00:00+00:00,8662.0,8181.451853213901,8222.782604263464
2019-10-07 17:00:00+00:00,8525.0,8345.61110928559,8425.701343717634
2019-10-07 18:00:00+00:00,7927.0,8089.8450940572475,8186.138548044534
2019-10-07 19:00:00+00:00,7278.0,7479.995851054603,7598.112564462474
2019-10-07 20:00:00+00:00,6919.000000000002,6913.2207844757195,7049.400786137396
2019-10-07 21:00:00+00:00,6431.0,6539.37896801143,6655.3845596893
2019-10-07 22:00:00+00:00,6025.0,6114.303144123366,6218.809735611184
2019-10-07 23:00:00+00:00,5810.000000000001,5794.063815379812,5848.281793927517
2019-10-08 00:00:00+00:00,5733.0,5662.701655800944,5665.657213543701
2019-10-08 01:00:00+00:00,5625.0,5652.570662634314,5583.771257697429
2019-10-08 02:00:00+00:00,5758.000000000001,5677.314028907466,5561.315401356309
2019-10-08 03:00:00+00:00,6422.000000000001,6018.439106079612,5856.655002968422
2019-10-08 04:00:00+00:00,7757.000000000002,6879.875146182766,6695.014394204049
2019-10-08 05:00:00+00:00,8597.0,8171.834900490272,7904.2651696352805
2019-10-08 06:00:00+00:00,8777.0,8878.358176590305,8573.877671588962
2019-10-08 07:00:00+00:00,8658.000000000002,8947.292510357236,8681.689906084437
2019-10-08 08:00:00+00:00,8600.000000000002,8815.348248122127,8586.161700212673
2019-10-08 09:00:00+00:00,8552.0,8722.075558874394,8545.919799754136
2019-10-08 10:00:00+00:00,8265.000000000002,8559.707278900063,8441.349623588405
2019-10-08 11:00:00+00:00,8204.0,8266.793799364052,8216.621990332198
2019-10-08 12:00:00+00:00,8084.000000000001,8182.091523568917,8144.534227037982
2019-10-08 13:00:00+00:00,8078.000000000001,7987.346594178021,8048.794139523595
2019-10-08 14:00:00+00:00,8088.0,7906.77404303225,8048.491293399959
2019-10-08 15:00:00+00:00,8234.0,7881.9610445498,8072.738803384467
2019-10-08 16:00:00+00:00,8501.0,8024.086899716665,8246.175649214922
2019-10-08 17:00:00+00:00,8369.0,8282.462448537812,8440.655912456574
2019-10-08 18:00:00+00:00,7768.000000000002,8030.180380371124,8192.310456791163
2019-10-08 19:00:00+00:00,7134.999999999999,7438.71969306361,7568.300823685257
2019-10-08 20:00:00+00:00,6760.999999999999,6889.425820950128,7003.378445834198
2019-10-08 21:00:00+00:00,6255.999999999999,6513.496546384471,6591.810746485771
2019-10-08 22:00:00+00:00,5901.000000000002,6072.832416877091,6117.63874305849
2019-10-08 23:00:00+00:00,5668.0,5789.232628912587,5797.187494096301
2019-10-09 00:00:00+00:00,5566.0,5636.245534368615,5599.852654641456
2019-10-09 01:00:00+00:00,5460.0,5591.327241122141,5492.705850047347
2019-10-09 02:00:00+00:00,5580.0,5592.608562256089,5459.318913972445
2019-10-09 03:00:00+00:00,6249.000000000001,5917.878130126647,5729.123950161782
2019-10-09 04:00:00+00:00,7540.0,6781.185083695271,6576.789024462396
2019-10-09 05:00:00+00:00,8452.0,8012.513432524232,7765.117851244742
2019-10-09 06:00:00+00:00,8661.0,8764.097916630239,8511.40717638425
2019-10-09 07:00:00+00:00,8599.0,8891.756561419912,8687.724128260923
2019-10-09 08:00:00+00:00,8660.000000000002,8843.575844495706,8685.739161176853
2019-10-09 09:00:00+00:00,8668.0,8854.619955640226,8750.468599150854
2019-10-09 10:00:00+00:00,8464.000000000002,8740.865101416917,8679.356019172496
2019-10-09 11:00:00+00:00,8427.0,8513.969131497926,8517.753906414928
2019-10-09 12:00:00+00:00,8438.0,8427.469549787955,8464.314185249756
2019-10-09 13:00:00+00:00,8486.000000000002,8366.202952626854,8448.475086962544
2019-10-09 14:00:00+00:00,8591.0,8356.229769927731,8474.616856087045
2019-10-09 15:00:00+00:00,8680.0,8409.66324000202,8550.829978057967
2019-10-09 16:00:00+00:00,8832.000000000002,8563.528328866674,8659.936001230772
2019-10-09 17:00:00+00:00,8496.0,8594.896772278002,8715.289208078053
2019-10-09 18:00:00+00:00,7912.000000000001,8130.785306172992,8304.180125542563
2019-10-09 19:00:00+00:00,7243.000000000001,7552.05374502606,7704.683231790311
2019-10-09 20:00:00+00:00,6864.000000000001,6986.062846342665,7118.951753369596
2019-10-09 21:00:00+00:00,6386.999999999999,6602.214614301153,6709.021213212454
2019-10-09 22:00:00+00:00,5982.999999999999,6180.766731891647,6264.731273067674
2019-10-09 23:00:00+00:00,5709.999999999999,5863.548709758219,5900.52646291868
2019-10-10 00:00:00+00:00,5622.0,5688.593458696242,5672.894580311549
2019-10-10 01:00:00+00:00,5561.0,5697.009375419081,5587.578886216061
2019-10-10 02:00:00+00:00,5714.000000000001,5745.041775479714,5568.5917582870325
2019-10-10 03:00:00+00:00,6385.0,6080.500084933736,5876.231594262449
2019-10-10 04:00:00+00:00,7638.0,6930.199740261257,6702.132714988473
2019-10-10 05:00:00+00:00,8560.0,8159.913024675603,7852.085189380241
2019-10-10 06:00:00+00:00,8714.0,8907.930857557089,8594.013107086925
2019-10-10 07:00:00+00:00,8636.000000000002,8974.628585018254,8691.195503760095
2019-10-10 08:00:00+00:00,8645.0,8907.282747727642,8647.6435141526
2019-10-10 09:00:00+00:00,8746.0,8883.697937740713,8668.816612023622
2019-10-10 10:00:00+00:00,8502.000000000002,8877.512044028503,8703.282933750463
2019-10-10 11:00:00+00:00,8502.000000000002,8610.787793038571,8501.318585642804
2019-10-10 12:00:00+00:00,8403.0,8514.86047954717,8465.897169319749
2019-10-10 13:00:00+00:00,8336.0,8354.154929878592,8375.418609056942
2019-10-10 14:00:00+00:00,8319.000000000002,8261.431944394293,8321.558210926294
2019-10-10 15:00:00+00:00,8382.000000000002,8219.704143654442,8336.313862692234
2019-10-10 16:00:00+00:00,8665.0,8295.541101985782,8448.758226601154
2019-10-10 17:00:00+00:00,8461.000000000002,8506.173863431797,8610.786550632702
2019-10-10 18:00:00+00:00,7890.000000000001,8178.589179174571,8307.384541221752
2019-10-10 19:00:00+00:00,7198.0,7574.460132605146,7706.322942117899
2019-10-10 20:00:00+00:00,6898.0,6961.157863853659,7094.711876749475
2019-10-10 21:00:00+00:00,6427.000000000001,6625.138469005793,6736.426987464311
2019-10-10 22:00:00+00:00,6112.0,6187.676372012647,6285.441774088773
2019-10-10 23:00:00+00:00,5819.000000000002,5918.637744025949,5982.454373856253
2019-10-11 00:00:00+00:00,5669.000000000001,5732.9595795568275,5741.984028274857
2019-10-11 01:00:00+00:00,5600.0,5666.099837871732,5607.918931623924
2019-10-11 02:00:00+00:00,5745.000000000001,5726.5273471513065,5597.505625572321
2019-10-11 03:00:00+00:00,6399.0,6086.608858707162,5895.41728257147
2019-10-11 04:00:00+00:00,7676.0,6962.632119189239,6724.8450457572435
2019-10-11 05:00:00+00:00,8529.000000000002,8210.677438170169,7905.952311472432
2019-10-11 06:00:00+00:00,8664.0,8888.403478961873,8562.256910617383
2019-10-11 07:00:00+00:00,8497.000000000002,8897.856016762662,8645.434929434048
2019-10-11 08:00:00+00:00,8419.0,8704.003492935211,8516.521576234181
2019-10-11 09:00:00+00:00,8283.0,8591.85467524028,8461.83136404189
2019-10-11 10:00:00+00:00,7965.0,8358.661094555075,8276.27024755708
2019-10-11 11:00:00+00:00,7714.0,8015.96191798237,7995.135582095964
2019-10-11 12:00:00+00:00,7550.0,7744.850538882934,7766.477390155776
2019-10-11 13:00:00+00:00,7518.0,7525.580992376578,7631.719143291245
2019-10-11 14:00:00+00:00,7548.0,7452.721254821778,7630.11434743256
2019-10-11 15:00:00+00:00,7786.000000000001,7477.617108479661,7681.383526520577
2019-10-11 16:00:00+00:00,8148.0,7704.047270061456,7923.471878902964
2019-10-11 17:00:00+00:00,7991.000000000001,8003.127061780963,8136.449104645053
2019-10-11 18:00:00+00:00,7462.000000000001,7770.954635891447,7869.941708668584
2019-10-11 19:00:00+00:00,6918.000000000001,7216.361049981429,7304.346783153602
2019-10-11 20:00:00+00:00,6627.000000000002,6732.698242427659,6822.093211994242
2019-10-11 21:00:00+00:00,6142.0,6428.6016429009715,6485.792068104999
2019-10-11 22:00:00+00:00,5750.999999999999,6029.12649333178,6045.9837806744
2019-10-11 23:00:00+00:00,5474.0,5714.111197369794,5681.347014272365
2019-10-12 00:00:00+00:00,5271.0,5366.2121748242935,5426.157836196267
2019-10-12 01:00:00+00:00,5165.0,5233.034978544386,5238.111568835163
2019-10-12 02:00:00+00:00,5194.000000000001,5230.749730367126,5179.90018461995
2019-10-12 03:00:00+00:00,5491.0,5409.314304620709,5306.860777190282
2019-10-12 04:00:00+00:00,5941.000000000001,5875.465740892342,5712.082689273572
2019-10-12 05:00:00+00:00,6546.0,6459.40116219435,6239.9380121880895
2019-10-12 06:00:00+00:00,6843.0,7011.705111979853,6786.327401536522
2019-10-12 07:00:00+00:00,6954.000000000001,7164.590314721386,7032.477454098035
2019-10-12 08:00:00+00:00,6913.000000000001,7202.796378268564,7133.900213398339
2019-10-12 09:00:00+00:00,6852.0,7117.141385443451,7112.1691273529
2019-10-12 10:00:00+00:00,6561.000000000001,6946.927930557615,6985.190115041744
2019-10-12 11:00:00+00:00,6296.000000000001,6610.512231447571,6709.515427645002
2019-10-12 12:00:00+00:00,6159.000000000001,6317.56732440222,6463.356887442605
2019-10-12 13:00:00+00:00,6170.000000000001,6142.205352531866,6360.018067853516
2019-10-12 14:00:00+00:00,6194.0,6113.624973506223,6388.16447597177
2019-10-12 15:00:00+00:00,6507.000000000002,6155.867140606138,6455.2284505036
2019-10-12 16:00:00+00:00,6930.000000000002,6401.6732203693455,6750.622880604303
2019-10-12 17:00:00+00:00,6799.000000000002,6779.981975342508,7012.54599418951
2019-10-12 18:00:00+00:00,6364.000000000001,6591.65368411339,6796.9605044475475
2019-10-12 19:00:00+00:00,5966.000000000001,6177.643223162365,6356.893675629209
2019-10-12 20:00:00+00:00,5872.0,5810.914508677777,6005.325804504879
2019-10-12 21:00:00+00:00,5511.0,5645.489739593868,5815.16284924744
2019-10-12 22:00:00+00:00,5129.0,5332.053829065439,5464.708968713939
2019-10-12 23:00:00+00:00,4888.0,5017.765434781412,5103.691682333331
2019-10-13 00:00:00+00:00,4794.0,4843.142005437512,4893.835020938241
2019-10-13 01:00:00+00:00,4648.0,4787.922852226771,4776.7459971324815
2019-10-13 02:00:00+00:00,4626.0,4736.886728916506,4663.755183005374
2019-10-13 03:00:00+00:00,4834.0,4832.659247241956,4701.966219667847
2019-10-13 04:00:00+00:00,5143.0,5138.079610259917,4944.04432850688
2019-10-13 05:00:00+00:00,5619.999999999999,5539.271808538295,5307.029780174607
2019-10-13 06:00:00+00:00,5916.000000000001,5984.882699685535,5746.420746827264
2019-10-13 07:00:00+00:00,6094.000000000001,6184.639987137641,6011.87231849562
2019-10-13 08:00:00+00:00,6190.000000000001,6302.348805320483,6175.618530063851
2019-10-13 09:00:00+00:00,6278.0,6321.823375125302,6256.6377494986855
2019-10-13 10:00:00+00:00,6006.0,6270.2826667877725,6259.911549730394
2019-10-13 11:00:00+00:00,5762.0,5943.703172154559,6008.6014492493805
2019-10-13 12:00:00+00:00,5601.0,5674.591948053718,5794.785890282283
2019-10-13 13:00:00+00:00,5565.0,5493.806684600988,5675.568972942093
2019-10-13 14:00:00+00:00,5739.999999999999,5441.382536889173,5681.9348582457405
2019-10-13 15:00:00+00:00,6100.000000000002,5627.5631380588175,5899.121065718389
2019-10-13 16:00:00+00:00,6705.000000000001,6005.655896148695,6288.8121431874115
2019-10-13 17:00:00+00:00,6724.000000000001,6536.129424069994,6720.339065704041
2019-10-13 18:00:00+00:00,6389.000000000001,6479.0263119504125,6641.86042810822
2019-10-13 19:00:00+00:00,6006.0,6129.5664901644495,6281.176868004115
2019-10-13 20:00:00+00:00,5957.000000000001,5823.665385414483,5978.642577345343
2019-10-13 21:00:00+00:00,5619.999999999999,5741.815012115936,5859.7870510737885
2019-10-13 22:00:00+00:00,5402.999999999999,5440.490719723784,5542.4974890722515
2019-10-13 23:00:00+00:00,5174.999999999999,5251.97994348552,5326.777871969042
2019-10-14 00:00:00+00:00,5123.000000000001,5274.121138051497,5129.884988166219
2019-10-14 01:00:00+00:00,5046.0,5262.377467998351,5066.439978737075
2019-10-14 02:00:00+00:00,5250.000000000001,5303.447645200563,5057.608510333122
2019-10-14 03:00:00+00:00,6072.000000000001,5647.382273156264,5374.546815454864
2019-10-14 04:00:00+00:00,7429.000000000001,6555.248120047699,6276.23699145575
2019-10-14 05:00:00+00:00,8328.0,7833.180803653084,7508.517910734161
2019-10-14 06:00:00+00:00,8569.0,8594.873653709972,8256.387643556438
2019-10-14 07:00:00+00:00,8481.0,8701.212036483392,8449.44012623117
2019-10-14 08:00:00+00:00,8491.000000000002,8570.766780895781,8395.887993377211
2019-10-14 09:00:00+00:00,8515.0,8518.187998299027,8413.983058602002
2019-10-14 10:00:00+00:00,8265.000000000002,8403.477808361544,8362.39910724443
2019-10-14 11:00:00+00:00,8153.000000000002,8099.71468850335,8143.337629049085
2019-10-14 12:00:00+00:00,8042.0,7948.548947269916,8019.526617260173
2019-10-14 13:00:00+00:00,8017.0,7764.46994541384,7914.3261928552265
2019-10-14 14:00:00+00:00,8035.000000000001,7683.653003368917,7905.741112806139
2019-10-14 15:00:00+00:00,8156.0,7723.442405070916,7962.745478960547
2019-10-14 16:00:00+00:00,8580.0,7953.653121527789,8157.3258734771025
2019-10-14 17:00:00+00:00,8302.0,8262.650143504932,8443.48385775253
2019-10-14 18:00:00+00:00,7682.0,7920.653054707203,8094.614100904283
2019-10-14 19:00:00+00:00,7056.0,7295.266035297861,7480.405228484512
2019-10-14 20:00:00+00:00,6681.000000000001,6754.811996014534,6944.927477670326
2019-10-14 21:00:00+00:00,6196.0,6386.441960116189,6546.395093253287
2019-10-14 22:00:00+00:00,5905.0,5970.004257715619,6092.415172648363
2019-10-14 23:00:00+00:00,5638.999999999999,5735.651549555078,5818.311308085468
2019-10-15 00:00:00+00:00,5512.000000000001,5593.414548875086,5603.4621369901515
2019-10-15 01:00:00+00:00,5458.0,5542.787855965897,5482.742969009263
2019-10-15 02:00:00+00:00,5578.999999999999,5607.229264166921,5485.087684502485
2019-10-15 03:00:00+00:00,6288.000000000001,5929.830182671669,5768.890923862351
2019-10-15 04:00:00+00:00,7547.000000000002,6855.6504369406775,6659.444494371442
2019-10-15 05:00:00+00:00,8437.0,8095.311955043995,7820.993306750485
2019-10-15 06:00:00+00:00,8636.000000000002,8859.68112321599,8529.666544957361
2019-10-15 07:00:00+00:00,8547.0,8904.668552736799,8645.61160300832
2019-10-15 08:00:00+00:00,8595.000000000002,8778.44448899657,8569.374307882106
2019-10-15 09:00:00+00:00,8487.0,8741.6694391111,8596.94334423513
2019-10-15 10:00:00+00:00,8171.000000000001,8531.013837315397,8441.330950542215
2019-10-15 11:00:00+00:00,8101.000000000002,8221.092438492202,8188.276744452649
2019-10-15 12:00:00+00:00,7999.000000000001,8090.680435959309,8104.4470194924215
2019-10-15 13:00:00+00:00,7974.0,7955.581277145634,8026.338974018813
2019-10-15 14:00:00+00:00,7962.000000000002,7888.796835386748,8011.310503037066
2019-10-15 15:00:00+00:00,8109.000000000001,7866.241901334823,8040.766547319738
2019-10-15 16:00:00+00:00,8514.0,8039.451605123993,8234.288666386255
2019-10-15 17:00:00+00:00,8225.0,8356.121243549527,8484.672924637827
2019-10-15 18:00:00+00:00,7609.000000000001,7970.104963437827,8105.263494130421
2019-10-15 19:00:00+00:00,6989.000000000001,7333.051497851086,7478.557131878583
2019-10-15 20:00:00+00:00,6650.0,6763.020358611742,6919.596131632783
2019-10-15 21:00:00+00:00,6157.000000000001,6397.860763712781,6532.813432503342
2019-10-15 22:00:00+00:00,5838.000000000002,5977.763698297226,6077.4174866913645
2019-10-15 23:00:00+00:00,5633.0,5719.859730514433,5776.182435907695
2019-10-16 00:00:00+00:00,5506.0,5586.789356189911,5595.45426868957
2019-10-16 01:00:00+00:00,5396.000000000001,5498.178536765676,5476.835824248403
2019-10-16 02:00:00+00:00,5552.0,5477.494912673896,5429.046329006732
2019-10-16 03:00:00+00:00,6263.000000000001,5876.085603449692,5730.954118295179
2019-10-16 04:00:00+00:00,7557.000000000001,6817.0524863444025,6606.734561973307
2019-10-16 05:00:00+00:00,8522.0,8072.401388537829,7807.6716968573155
2019-10-16 06:00:00+00:00,8792.0,8907.148255611166,8574.081222464034
2019-10-16 07:00:00+00:00,8682.000000000002,9126.648027984706,8753.529728358886
2019-10-16 08:00:00+00:00,8624.0,8994.049777847646,8688.45831909055
2019-10-16 09:00:00+00:00,8552.0,8911.102262108156,8639.19627087313
2019-10-16 10:00:00+00:00,8249.0,8749.29406417533,8521.59067524668
2019-10-16 11:00:00+00:00,8133.000000000001,8432.91358174165,8286.09065810106
2019-10-16 12:00:00+00:00,7965.0,8270.112996364936,8195.231497056668
2019-10-16 13:00:00+00:00,7923.000000000001,8065.907893966756,8079.350579937493
2019-10-16 14:00:00+00:00,7939.000000000001,7968.820731551846,8068.470006817977
2019-10-16 15:00:00+00:00,8096.0,7952.943526882634,8109.140107273233
2019-10-16 16:00:00+00:00,8508.0,8118.904951658262,8285.660369860061
2019-10-16 17:00:00+00:00,8285.0,8391.063641182442,8499.713163325412
2019-10-16 18:00:00+00:00,7703.0,8064.604838781407,8172.545349657815
2019-10-16 19:00:00+00:00,7084.0,7488.934621785313,7564.14333543341
2019-10-16 20:00:00+00:00,6766.000000000002,6909.699275737717,7007.676275537813
2019-10-16 21:00:00+00:00,6263.000000000001,6555.307267909625,6641.324733234036
2019-10-16 22:00:00+00:00,5957.000000000001,6101.734306777763,6166.699923772292
2019-10-16 23:00:00+00:00,5735.0,5843.384455608871,5871.711801368712
2019-10-17 00:00:00+00:00,5571.0,5713.190575299684,5681.284643266419
2019-10-17 01:00:00+00:00,5545.0,5623.399814865945,5540.176643261913
2019-10-17 02:00:00+00:00,5700.0,5698.637209730058,5563.418265839384
2019-10-17 03:00:00+00:00,6329.000000000001,6035.145995672662,5865.161540774776
2019-10-17 04:00:00+00:00,7620.000000000001,6860.102109275155,6675.740510993366
2019-10-17 05:00:00+00:00,8518.000000000002,8131.155894415819,7882.170527156234
2019-10-17 06:00:00+00:00,8611.000000000002,8902.69674394506,8593.73677096161
2019-10-17 07:00:00+00:00,8485.0,8876.976598052883,8638.201957028326
2019-10-17 08:00:00+00:00,8333.000000000002,8740.996963415553,8542.908118564334
2019-10-17 09:00:00+00:00,8270.000000000002,8575.388027216362,8445.75213768133
2019-10-17 10:00:00+00:00,7974.0,8409.275230766667,8327.742003015712
2019-10-17 11:00:00+00:00,7843.0,8114.416537517504,8101.225244983408
2019-10-17 12:00:00+00:00,7746.000000000002,7937.631128376979,7972.3629348831855
2019-10-17 13:00:00+00:00,7697.000000000002,7782.738770052308,7884.464108709395
2019-10-17 14:00:00+00:00,7729.000000000001,7683.4441833402425,7846.233441252483
2019-10-17 15:00:00+00:00,8007.000000000001,7689.158077839709,7894.226843092272
2019-10-17 16:00:00+00:00,8434.000000000002,7930.916722357026,8186.35332918498
2019-10-17 17:00:00+00:00,8200.0,8288.805047795933,8442.74781120526
2019-10-17 18:00:00+00:00,7634.000000000001,7983.39684686673,8112.648650410979
2019-10-17 19:00:00+00:00,6982.000000000002,7391.1412911141115,7511.486495922807
2019-10-17 20:00:00+00:00,6679.000000000002,6813.125498157294,6948.067413473383
2019-10-17 21:00:00+00:00,6190.000000000001,6486.398118357049,6593.1583656689045
2019-10-17 22:00:00+00:00,5866.0,6072.902369609513,6147.530485323043
2019-10-17 23:00:00+00:00,5599.0,5817.024833854029,5834.004047412133
2019-10-18 00:00:00+00:00,5479.0,5632.9995194234125,5595.291261246022
2019-10-18 01:00:00+00:00,5389.0,5577.110746374506,5491.311255720335
2019-10-18 02:00:00+00:00,5505.0,5595.490469534143,5465.783877627165
2019-10-18 03:00:00+00:00,6173.000000000001,5901.0468685254655,5729.188329886025
2019-10-18 04:00:00+00:00,7443.000000000002,6767.0257740619945,6572.975168930765
2019-10-18 05:00:00+00:00,8409.000000000002,7998.804733958127,7745.093201117593
2019-10-18 06:00:00+00:00,8607.0,8795.55197598457,8489.41373371366
2019-10-18 07:00:00+00:00,8547.0,8845.847481803374,8592.162390137706
2019-10-18 08:00:00+00:00,8495.0,8737.76627747275,8520.952580432266
2019-10-18 09:00:00+00:00,8382.000000000002,8622.877589670645,8450.844186351831
2019-10-18 10:00:00+00:00,8069.0,8413.73187964733,8281.897900504797
2019-10-18 11:00:00+00:00,7796.0,8055.663663544493,7991.767424797071
2019-10-18 12:00:00+00:00,7652.0,7785.342626131842,7750.955230540223
2019-10-18 13:00:00+00:00,7612.000000000001,7586.365307918843,7634.950924715361
2019-10-18 14:00:00+00:00,7686.000000000002,7502.823409102607,7613.936401934756
2019-10-18 15:00:00+00:00,7856.0,7579.7343362264755,7736.9021882097495
2019-10-18 16:00:00+00:00,8214.0,7793.088635097088,7966.4838077912755
2019-10-18 17:00:00+00:00,7870.0,8050.263484468497,8180.650443070717
2019-10-18 18:00:00+00:00,7327.0,7666.449547008716,7779.217648632237
2019-10-18 19:00:00+00:00,6744.000000000001,7098.68243576672,7221.924371105905
2019-10-18 20:00:00+00:00,6450.0,6592.990750409076,6712.163219178286
2019-10-18 21:00:00+00:00,5988.000000000001,6280.858808183683,6362.13031498742
2019-10-18 22:00:00+00:00,5664.999999999999,5868.537593245102,5919.830207672613
2019-10-18 23:00:00+00:00,5406.0,5603.5540460046395,5606.794488654627
2019-10-19 00:00:00+00:00,5233.0,5257.689363684541,5366.741103137991
2019-10-19 01:00:00+00:00,5136.0,5158.6173823618365,5211.531837198835
2019-10-19 02:00:00+00:00,5148.0,5154.073127267554,5154.76684558226
2019-10-19 03:00:00+00:00,5402.0,5323.973133042683,5273.500995438658
2019-10-19 04:00:00+00:00,5906.000000000001,5762.894872036043,5646.386763629107
2019-10-19 05:00:00+00:00,6546.0,6374.866635392431,6210.806543041791
2019-10-19 06:00:00+00:00,6943.000000000001,6969.105166960579,6755.454993419452
2019-10-19 07:00:00+00:00,7173.000000000002,7213.974333716315,7064.760601218149
2019-10-19 08:00:00+00:00,7270.000000000001,7337.2175836062315,7221.613443695501
2019-10-19 09:00:00+00:00,7317.000000000001,7338.105238801384,7272.058373345853
2019-10-19 10:00:00+00:00,7019.000000000001,7259.361429800621,7224.722208155009
2019-10-19 11:00:00+00:00,6743.0,6921.036714030987,6931.907244070897
2019-10-19 12:00:00+00:00,6648.000000000001,6625.1306291277715,6690.5801771515235
2019-10-19 13:00:00+00:00,6610.000000000001,6515.265536145541,6619.755582964566
2019-10-19 14:00:00+00:00,6618.999999999999,6443.372057160358,6602.101839986827
2019-10-19 15:00:00+00:00,6851.000000000002,6464.5079446179325,6683.886478391404
2019-10-19 16:00:00+00:00,7188.0,6713.611920699008,6965.872651460775
2019-10-19 17:00:00+00:00,6866.000000000001,6975.919513206719,7161.3236166053
2019-10-19 18:00:00+00:00,6459.0,6606.828081924134,6796.46956015166
2019-10-19 19:00:00+00:00,6016.0,6176.212977001092,6373.457815030048
2019-10-19 20:00:00+00:00,5891.0,5796.548060705583,6006.530252895114
2019-10-19 21:00:00+00:00,5531.0,5626.505720105767,5807.496880448466
2019-10-19 22:00:00+00:00,5217.0,5295.386759818723,5442.043954715368
2019-10-19 23:00:00+00:00,4944.0,5035.876761914419,5143.379401986626
2019-10-20 00:00:00+00:00,4848.0,4852.734850164537,4910.6913591164375
2019-10-20 01:00:00+00:00,4687.0,4809.865903907566,4803.586591941439
2019-10-20 02:00:00+00:00,4684.0,4754.5406083685175,4681.668628556412
2019-10-20 03:00:00+00:00,4870.0,4864.71634593766,4740.160302384508
2019-10-20 04:00:00+00:00,5154.0,5159.312081075104,4976.75471848372
2019-10-20 05:00:00+00:00,5678.0,5554.227101063401,5329.202306859837
2019-10-20 06:00:00+00:00,5998.000000000001,6083.329179152424,5803.588961739917
2019-10-20 07:00:00+00:00,6224.0,6294.306912396356,6091.746242440052
2019-10-20 08:00:00+00:00,6427.999999999999,6444.360971725272,6284.330570124575
2019-10-20 09:00:00+00:00,6571.0,6561.696812571217,6455.3550153407805
2019-10-20 10:00:00+00:00,6326.000000000001,6554.002549216584,6483.577155371177
2019-10-20 11:00:00+00:00,6058.000000000001,6258.7903747590735,6233.73462519605
2019-10-20 12:00:00+00:00,5866.0,5989.0521286152125,5997.274988088184
2019-10-20 13:00:00+00:00,5847.0,5786.405058632428,5845.932168224849
2019-10-20 14:00:00+00:00,5928.000000000002,5765.233473840999,5867.426933384504
2019-10-20 15:00:00+00:00,6199.0,5907.976969683143,6016.279215870862
2019-10-20 16:00:00+00:00,6749.000000000001,6192.932240128063,6361.65577574828
2019-10-20 17:00:00+00:00,6571.0,6560.5042684974505,6745.369742876442
2019-10-20 18:00:00+00:00,6257.0,6322.675232270857,6516.75359861757
2019-10-20 19:00:00+00:00,5901.000000000002,5975.148113362522,6175.837592411062
2019-10-20 20:00:00+00:00,5872.0,5677.983257994461,5894.769422759361
2019-10-20 21:00:00+00:00,5596.0,5591.953111404757,5778.928548916267
2019-10-20 22:00:00+00:00,5361.0,5349.318716925929,5508.869709132145
2019-10-20 23:00:00+00:00,5139.0,5151.767335529251,5269.894266300618
2019-10-21 00:00:00+00:00,5045.0,5161.130221517199,5089.00750562929
2019-10-21 01:00:00+00:00,5002.0,5117.068613221622,4992.326144519705
2019-10-21 02:00:00+00:00,5222.0,5176.717242641891,5001.1639129562855
2019-10-21 03:00:00+00:00,5992.0,5537.184501955023,5340.938979220038
2019-10-21 04:00:00+00:00,7432.000000000001,6402.822793427653,6199.288324131158
2019-10-21 05:00:00+00:00,8403.0,7740.104180358887,7477.444996859255
2019-10-21 06:00:00+00:00,8638.0,8593.151160993819,8264.145999942739
2019-10-21 07:00:00+00:00,8531.0,8785.564543434102,8436.904962159724
2019-10-21 08:00:00+00:00,8515.0,8698.241090898897,8375.985719187873
2019-10-21 09:00:00+00:00,8495.0,8666.042101507262,8380.11285982447
2019-10-21 10:00:00+00:00,8263.0,8524.084658828982,8297.192174955946
2019-10-21 11:00:00+00:00,8159.0,8242.573140679944,8084.125710237265
2019-10-21 12:00:00+00:00,8063.000000000002,7995.349452408667,7971.180675329811
2019-10-21 13:00:00+00:00,7969.000000000001,7816.807147373812,7894.41489312469
2019-10-21 14:00:00+00:00,7996.0,7688.151689953876,7835.27975572666
2019-10-21 15:00:00+00:00,8144.999999999999,7709.6943312771755,7900.082432883664
2019-10-21 16:00:00+00:00,8568.000000000002,7923.99775547411,8136.167525482775
2019-10-21 17:00:00+00:00,8254.000000000002,8250.821697028925,8378.51485884659
2019-10-21 18:00:00+00:00,7638.0,7890.849665224432,8000.396321891325
2019-10-21 19:00:00+00:00,6970.000000000001,7282.125149314372,7395.774284164958
2019-10-21 20:00:00+00:00,6700.999999999999,6700.133098324033,6827.745152894905
2019-10-21 21:00:00+00:00,6154.999999999999,6411.510152101026,6512.407773076916
2019-10-21 22:00:00+00:00,5875.000000000001,5956.869838303405,6035.115890433653
2019-10-21 23:00:00+00:00,5612.0,5740.3501255859865,5759.3959747210965
2019-10-22 00:00:00+00:00,5533.999999999999,5583.938284829149,5533.598618404911
2019-10-22 01:00:00+00:00,5421.999999999999,5571.926512199375,5462.268399044934
2019-10-22 02:00:00+00:00,5586.0,5590.58756768883,5420.787638047332
2019-10-22 03:00:00+00:00,6257.0,5949.950205771279,5741.230488905607
2019-10-22 04:00:00+00:00,7582.000000000001,6832.0399739054055,6595.009908084732
2019-10-22 05:00:00+00:00,8541.0,8124.520091142059,7820.532042138702
2019-10-22 06:00:00+00:00,8696.000000000002,8947.42248357163,8583.27896282717
2019-10-22 07:00:00+00:00,8566.0,8938.74207366112,8671.40073132223
2019-10-22 08:00:00+00:00,8499.000000000002,8765.967028392153,8584.15578244453
2019-10-22 09:00:00+00:00,8508.0,8640.589810487776,8511.843733263577
2019-10-22 10:00:00+00:00,8212.0,8523.136659095924,8437.863376747233
2019-10-22 11:00:00+00:00,8140.0,8211.838935045886,8198.336135798116
2019-10-22 12:00:00+00:00,8000.000000000002,8082.754822430634,8117.766307493384
2019-10-22 13:00:00+00:00,8039.0,7896.587645162336,8002.681810416157
2019-10-22 14:00:00+00:00,8075.0,7869.833602303511,8031.030130419288
2019-10-22 15:00:00+00:00,8256.000000000002,7908.1273818069285,8098.128757520496
2019-10-22 16:00:00+00:00,8686.0,8102.052720605357,8344.094197059618
2019-10-22 17:00:00+00:00,8258.0,8436.852257113389,8578.863362239163
2019-10-22 18:00:00+00:00,7635.0,7965.309957144581,8094.562404217973
2019-10-22 19:00:00+00:00,7012.000000000002,7346.8231357793475,7462.114939634492
2019-10-22 20:00:00+00:00,6730.000000000001,6802.435446893525,6915.991011993896
2019-10-22 21:00:00+00:00,6202.0,6483.5432289616365,6568.886208458467
2019-10-22 22:00:00+00:00,5866.0,6034.034621269227,6095.771963763797
2019-10-22 23:00:00+00:00,5574.0,5764.800624710621,5787.849828051996
2019-10-23 00:00:00+00:00,5461.0,5573.364165068271,5541.883546254195
2019-10-23 01:00:00+00:00,5398.0,5524.409760465799,5428.347257611065
2019-10-23 02:00:00+00:00,5560.0,5581.806468275221,5425.566038738954
2019-10-23 03:00:00+00:00,6301.000000000001,5925.235771177987,5737.367163851505
2019-10-23 04:00:00+00:00,7583.0,6847.040216032322,6640.830574228907
2019-10-23 05:00:00+00:00,8539.0,8109.167268834271,7848.747453196653
2019-10-23 06:00:00+00:00,8776.0,8932.028625169212,8617.339608846842
2019-10-23 07:00:00+00:00,8662.0,9002.832771577729,8759.83139045239
2019-10-23 08:00:00+00:00,8621.0,8827.892086222431,8659.361223563506
2019-10-23 09:00:00+00:00,8590.0,8722.06777388107,8615.562326243979
2019-10-23 10:00:00+00:00,8264.0,8564.615811720561,8509.901596281574
2019-10-23 11:00:00+00:00,8151.0,8224.366805133777,8241.591220450942
2019-10-23 12:00:00+00:00,8029.000000000001,8031.754695046804,8114.379271805364
2019-10-23 13:00:00+00:00,8026.0,7880.572829733479,8019.262882730866
2019-10-23 14:00:00+00:00,8092.000000000001,7839.735521121935,8022.97959372893
2019-10-23 15:00:00+00:00,8244.0,7908.192646948036,8116.556747137304
2019-10-23 16:00:00+00:00,8683.0,8126.7214059946555,8343.10914002074
2019-10-23 17:00:00+00:00,8319.000000000002,8452.23005635387,8588.969741299341
2019-10-23 18:00:00+00:00,7717.0,8050.650595407249,8157.981849181938
2019-10-23 19:00:00+00:00,7093.999999999999,7427.958571928215,7544.6063284033935
2019-10-23 20:00:00+00:00,6783.0,6867.275031947104,7001.68356925555
2019-10-23 21:00:00+00:00,6266.000000000001,6526.859757981547,6632.631315605944
2019-10-23 22:00:00+00:00,5903.000000000001,6083.923968619366,6165.942381857477
2019-10-23 23:00:00+00:00,5612.0,5785.469568078709,5832.579117630629
2019-10-24 00:00:00+00:00,5516.0,5575.880927255121,5577.324152574377
2019-10-24 01:00:00+00:00,5427.0,5557.761180624272,5496.7663020473365
2019-10-24 02:00:00+00:00,5616.0,5595.563514751285,5474.520432749734
2019-10-24 03:00:00+00:00,6315.999999999999,5955.621740628259,5795.166455434823
2019-10-24 04:00:00+00:00,7605.0,6849.671517591008,6664.610565332957
2019-10-24 05:00:00+00:00,8575.0,8111.201491469911,7864.0987163275495
2019-10-24 06:00:00+00:00,8692.0,8940.58941205776,8613.952789079302
2019-10-24 07:00:00+00:00,8564.0,8930.543887628512,8666.209329604975
2019-10-24 08:00:00+00:00,8520.0,8733.65948377802,8538.666698360825
2019-10-24 09:00:00+00:00,8528.0,8625.19459882338,8491.38909340382
2019-10-24 10:00:00+00:00,8202.000000000002,8494.48272453277,8413.50572524976
2019-10-24 11:00:00+00:00,8083.0,8147.124669968982,8139.077045365308
2019-10-24 12:00:00+00:00,7997.000000000001,7951.791858039864,8022.9595520205685
2019-10-24 13:00:00+00:00,7940.000000000002,7841.074435368628,7949.722328256279
2019-10-24 14:00:00+00:00,8047.0,7764.241209727572,7919.189066961259
2019-10-24 15:00:00+00:00,8270.000000000002,7874.270742670357,8064.815999109708
2019-10-24 16:00:00+00:00,8635.0,8148.515131786943,8347.256831026112
2019-10-24 17:00:00+00:00,8257.0,8418.977984739435,8541.367316000207
2019-10-24 18:00:00+00:00,7659.000000000002,7988.999177445555,8104.854293038285
2019-10-24 19:00:00+00:00,7074.000000000001,7371.624748773114,7487.828253757673
2019-10-24 20:00:00+00:00,6714.000000000001,6859.023334412643,6973.622485066529
2019-10-24 21:00:00+00:00,6300.0,6493.619176636549,6572.148828261225
2019-10-24 22:00:00+00:00,5944.000000000001,6142.198408192205,6175.560355138302
2019-10-24 23:00:00+00:00,5741.0,5836.843909302218,5838.454219311925
2019-10-25 00:00:00+00:00,5574.0,5724.913592215723,5657.981772825415
2019-10-25 01:00:00+00:00,5507.0,5611.168596029348,5510.48423856129
2019-10-25 02:00:00+00:00,5655.0,5663.448718375164,5498.703105865199
2019-10-25 03:00:00+00:00,6335.000000000002,5998.13596165507,5793.852337940137
2019-10-25 04:00:00+00:00,7512.0,6874.788364751246,6644.937039107521
2019-10-25 05:00:00+00:00,8459.0,8057.189721247532,7776.664790521109
2019-10-25 06:00:00+00:00,8583.0,8847.864622542706,8521.390268746152
2019-10-25 07:00:00+00:00,8470.0,8912.218342236458,8590.878900957028
2019-10-25 08:00:00+00:00,8394.0,8813.333134127373,8494.065684104517
2019-10-25 09:00:00+00:00,8309.0,8666.185450089253,8416.254308144205
2019-10-25 10:00:00+00:00,7978.000000000001,8440.32977650486,8266.576109489017
2019-10-25 11:00:00+00:00,7746.000000000002,8067.734352980407,7959.700204151819
2019-10-25 12:00:00+00:00,7625.000000000001,7794.142461131666,7753.825692759767
2019-10-25 13:00:00+00:00,7577.000000000002,7617.2313319451405,7652.500408214995
2019-10-25 14:00:00+00:00,7621.0,7538.529628915007,7640.038497621774
2019-10-25 15:00:00+00:00,7864.0,7570.57612052922,7723.168690200217
2019-10-25 16:00:00+00:00,8258.0,7844.831621421351,8000.893264254929
2019-10-25 17:00:00+00:00,7858.000000000002,8055.661124310723,8193.308049183157
2019-10-25 18:00:00+00:00,7274.000000000002,7636.489977418456,7745.46492585818
2019-10-25 19:00:00+00:00,6638.000000000002,7043.486937949932,7155.333401580834
2019-10-25 20:00:00+00:00,6343.000000000002,6498.772263759386,6601.644892852932
2019-10-25 21:00:00+00:00,5867.000000000001,6191.101322818073,6261.14340224955
2019-10-25 22:00:00+00:00,5499.0,5775.02593601214,5819.639253401846
2019-10-25 23:00:00+00:00,5213.0,5474.768256586879,5481.934620295122
2019-10-26 00:00:00+00:00,5107.0,4804.105051639546,5224.393261116111
2019-10-26 01:00:00+00:00,4962.0,4760.79011953342,5121.969342782378
2019-10-26 02:00:00+00:00,4941.0,4735.346300541116,5028.917426364142
2019-10-26 03:00:00+00:00,5053.0,4892.039439895377,5115.686678015891
2019-10-26 04:00:00+00:00,5383.0,5231.385582780991,5387.783103773737
2019-10-26 05:00:00+00:00,5928.000000000002,5725.8553601274,5829.71055442963
2019-10-26 06:00:00+00:00,6216.0,6260.590228520153,6318.723885623602
2019-10-26 07:00:00+00:00,6386.000000000001,6405.865850411049,6567.477254328691
2019-10-26 08:00:00+00:00,6443.000000000001,6479.557615591074,6705.800111161603
2019-10-26 09:00:00+00:00,6362.000000000002,6469.265847539544,6750.394721130861
2019-10-26 10:00:00+00:00,6056.000000000001,6277.328816243695,6606.066316264143
2019-10-26 11:00:00+00:00,5823.0,5914.425367355184,6308.191364309678
2019-10-26 12:00:00+00:00,5692.0,5669.616475448087,6108.501222388682
2019-10-26 13:00:00+00:00,5642.0,5497.828717362825,6000.723581826899
2019-10-26 14:00:00+00:00,5793.0,5419.789917998147,5968.868070972205
2019-10-26 15:00:00+00:00,6196.0,5580.74545288329,6144.394174420901
2019-10-26 16:00:00+00:00,6742.0,5924.1119426935675,6537.650412815706
2019-10-26 17:00:00+00:00,6512.000000000001,6360.187835941933,6844.420461702692
2019-10-26 18:00:00+00:00,6205.0,6042.620321665713,6549.643743268274
2019-10-26 19:00:00+00:00,5835.000000000001,5674.058524870077,6187.15029824701
2019-10-26 20:00:00+00:00,5760.0,5345.3870132662005,5867.642594404296
2019-10-26 21:00:00+00:00,5383.0,5216.888839272425,5704.510001694779
2019-10-26 22:00:00+00:00,5158.0,4884.54379945908,5336.682588120603
2019-10-26 23:00:00+00:00,4886.0,4703.210121284665,5095.049564485997
2019-10-27 00:00:00+00:00,4774.0,4858.47402283885,4867.806196138301
2019-10-27 01:00:00+00:00,4650.0,4788.360158398505,4742.304513905708
2019-10-27 02:00:00+00:00,4649.0,4758.2034125652335,4648.888971897772
2019-10-27 03:00:00+00:00,4706.0,4873.1021810698,4693.695183799978
2019-10-27 04:00:00+00:00,4956.0,5046.169646084934,4817.242736362156
2019-10-27 05:00:00+00:00,5274.0,5420.677661747059,5146.870794367505
2019-10-27 06:00:00+00:00,5768.0,5774.886787118808,5466.294837391196
2019-10-27 07:00:00+00:00,5962.0,6117.495303188724,5887.468183891277
2019-10-27 08:00:00+00:00,6036.0,6265.106628882574,6075.062207738796
2019-10-27 09:00:00+00:00,6040.000000000002,6283.508049055354,6151.77072593862
2019-10-27 10:00:00+00:00,6070.000000000002,6170.796277491454,6082.598245061231
2019-10-27 11:00:00+00:00,5808.000000000002,6073.887740902189,6033.54940235902
2019-10-27 12:00:00+00:00,5634.0,5773.588486867408,5792.666466883884
2019-10-27 13:00:00+00:00,5607.0,5571.888926183136,5657.1197763389555
2019-10-27 14:00:00+00:00,5683.0,5525.0564583044215,5664.877608024093
2019-10-27 15:00:00+00:00,6085.0,5628.945021570062,5805.38238302516
2019-10-27 16:00:00+00:00,6805.0,6066.865562469163,6252.079751870648
2019-10-27 17:00:00+00:00,6923.0,6582.113062977847,6728.601449185193
2019-10-27 18:00:00+00:00,6568.0,6572.4889401869395,6729.520621209982
2019-10-27 19:00:00+00:00,6200.000000000001,6206.899836492707,6369.448499652405
2019-10-27 20:00:00+00:00,5834.0,5906.514227309049,6087.397072599933
2019-10-27 21:00:00+00:00,5885.0,5562.9184221353225,5734.611511082796
2019-10-27 22:00:00+00:00,5618.0,5588.759433760566,5708.245778701262
2019-10-27 23:00:00+00:00,5387.0,5370.340058738397,5447.046880015917
2019-10-28 00:00:00+00:00,5149.000000000001,5373.042047402379,5249.992196421239
2019-10-28 01:00:00+00:00,5113.0,5225.500247238897,5057.025780288644
2019-10-28 02:00:00+00:00,5073.0,5296.579393307528,5074.368537166976
2019-10-28 03:00:00+00:00,5331.999999999999,5443.399011164619,5202.768951018317
2019-10-28 04:00:00+00:00,6153.0,5913.264728274439,5699.243193320875
2019-10-28 05:00:00+00:00,7442.000000000001,6750.0134180298755,6520.772908840275
2019-10-28 06:00:00+00:00,8323.0,7864.0501266081665,7553.284691832811
2019-10-28 07:00:00+00:00,8666.000000000002,8551.461780661588,8194.862577915188
2019-10-28 08:00:00+00:00,8740.0,8823.553283635576,8449.843255419839
2019-10-28 09:00:00+00:00,8861.0,8856.342162720708,8500.89305852925
2019-10-28 10:00:00+00:00,8986.0,8882.827480595653,8546.250656760485
2019-10-28 11:00:00+00:00,8808.000000000002,8893.311488517209,8597.873906829867
2019-10-28 12:00:00+00:00,8748.000000000002,8656.89484122721,8434.973125669938
2019-10-28 13:00:00+00:00,8704.000000000002,8529.47421743885,8370.429738982099
2019-10-28 14:00:00+00:00,8732.0,8429.856311613408,8349.58950858316
2019-10-28 15:00:00+00:00,8834.0,8431.533154565393,8430.777177518637
2019-10-28 16:00:00+00:00,9082.0,8560.220702370687,8645.114415281776
2019-10-28 17:00:00+00:00,8910.0,8667.109959416903,8774.148944501801
2019-10-28 18:00:00+00:00,8266.0,8379.303776301274,8498.16873551244
2019-10-28 19:00:00+00:00,7686.000000000002,7726.067784294477,7863.712094168102
2019-10-28 20:00:00+00:00,7077.000000000001,7218.634199843329,7355.9528747569275
2019-10-28 21:00:00+00:00,6752.000000000001,6680.517868600418,6803.336535531755
2019-10-28 22:00:00+00:00,6254.0,6389.962556247675,6488.356289506505
2019-10-28 23:00:00+00:00,5967.0,5985.89003892663,6052.254366771937
2019-10-29 00:00:00+00:00,5717.0,5792.555218535236,5807.640246432267
2019-10-29 01:00:00+00:00,5660.0,5630.523848455735,5598.810796757046
2019-10-29 02:00:00+00:00,5615.0,5676.328047447537,5586.597695045996
2019-10-29 03:00:00+00:00,5758.000000000001,5788.7170030065145,5706.960274462224
2019-10-29 04:00:00+00:00,6542.000000000001,6227.672041867217,6138.590719074511
2019-10-29 05:00:00+00:00,7749.000000000002,7134.614428316479,7004.2252374767695
2019-10-29 06:00:00+00:00,8616.0,8201.802192470483,7989.6926534763015
2019-10-29 07:00:00+00:00,8887.000000000002,8905.547680466554,8627.454053068888
2019-10-29 08:00:00+00:00,8942.000000000002,9121.544742014736,8819.037545660072
2019-10-29 09:00:00+00:00,9022.0,9162.791065130317,8870.495843180523
2019-10-29 10:00:00+00:00,9124.000000000002,9171.290561680515,8879.861865490495
2019-10-29 11:00:00+00:00,8950.000000000002,9190.703604387321,8927.009811668113
2019-10-29 12:00:00+00:00,8917.000000000002,8972.237664466495,8766.615305400837
2019-10-29 13:00:00+00:00,8854.000000000002,8898.231659578358,8746.795036740994
2019-10-29 14:00:00+00:00,8846.000000000002,8800.027048444914,8709.785941882874
2019-10-29 15:00:00+00:00,8884.000000000002,8779.867918096541,8747.735378287056
2019-10-29 16:00:00+00:00,9141.000000000002,8841.503804294549,8880.217484312967
2019-10-29 17:00:00+00:00,8971.0,8916.626236364616,8970.85592813532
2019-10-29 18:00:00+00:00,8367.0,8612.880695819054,8672.763280340714
2019-10-29 19:00:00+00:00,7780.0,7990.941397915001,8060.39027832931
2019-10-29 20:00:00+00:00,7199.000000000001,7432.195669239057,7526.262844102881
2019-10-29 21:00:00+00:00,6893.0,6885.391818294324,6969.116467928232
2019-10-29 22:00:00+00:00,6349.0,6582.193266903121,6639.308520404939
2019-10-29 23:00:00+00:00,6075.000000000001,6133.0332812719325,6159.282107587274
2019-10-30 00:00:00+00:00,5805.000000000001,5930.879596362325,5916.286664035655
2019-10-30 01:00:00+00:00,5716.0,5763.060038544045,5700.862062382221
2019-10-30 02:00:00+00:00,5617.0,5781.218119319899,5664.281676999397
2019-10-30 03:00:00+00:00,5816.000000000001,5884.454241005353,5750.0039949470465
2019-10-30 04:00:00+00:00,6558.000000000001,6334.288916600642,6211.391782711074
2019-10-30 05:00:00+00:00,7808.000000000001,7202.0240579762,7039.267599062188
2019-10-30 06:00:00+00:00,8772.000000000002,8324.592145159708,8071.602650090115
2019-10-30 07:00:00+00:00,9118.0,9106.702617254028,8778.394772696647
2019-10-30 08:00:00+00:00,9164.0,9379.907604451766,9028.868762435817
2019-10-30 09:00:00+00:00,9266.000000000002,9407.490354812076,9062.62439940591
2019-10-30 10:00:00+00:00,9308.0,9418.514508882925,9080.452133298002
2019-10-30 11:00:00+00:00,9028.0,9342.607346832641,9075.617579994292
2019-10-30 12:00:00+00:00,8898.000000000002,9049.512815393462,8842.905599091337
2019-10-30 13:00:00+00:00,8816.000000000002,8826.73744463265,8741.919773524673
2019-10-30 14:00:00+00:00,8814.0,8705.974213391584,8694.158732871394
2019-10-30 15:00:00+00:00,8962.0,8675.881330175847,8725.860590354478
2019-10-30 16:00:00+00:00,9247.000000000002,8857.848826331214,8941.71368881834
2019-10-30 17:00:00+00:00,9123.0,8997.500591174057,9065.85279461811
2019-10-30 18:00:00+00:00,8553.0,8731.442459239715,8808.822234272433
2019-10-30 19:00:00+00:00,8024.000000000001,8116.328515943634,8220.929552456182
2019-10-30 20:00:00+00:00,7411.0,7605.853140112145,7725.820199014031
2019-10-30 21:00:00+00:00,7145.000000000001,7038.091748726228,7148.788493816354
2019-10-30 22:00:00+00:00,6610.000000000001,6758.355864826152,6839.531847488511
2019-10-30 23:00:00+00:00,6300.0,6322.084620905295,6367.330304670923
2019-10-31 00:00:00+00:00,6069.000000000001,6091.587405015984,6099.742692722327
2019-10-31 01:00:00+00:00,5915.0,5948.38154754331,5905.404870950487
2019-10-31 02:00:00+00:00,5881.999999999999,5919.9920198344325,5822.318264249436
2019-10-31 03:00:00+00:00,6055.0,6091.600108318775,5952.691609792571
2019-10-31 04:00:00+00:00,6774.000000000001,6520.163154767261,6393.183627917808
2019-10-31 05:00:00+00:00,7860.000000000001,7365.833267489199,7210.227039221136
2019-10-31 06:00:00+00:00,8761.000000000002,8353.70383270502,8105.421624200173
2019-10-31 07:00:00+00:00,9043.000000000002,9076.495663684707,8768.776732575796
2019-10-31 08:00:00+00:00,9074.0,9269.419810602878,8970.869908931907
2019-10-31 09:00:00+00:00,9195.000000000002,9227.013021132772,9003.00219193812
2019-10-31 10:00:00+00:00,9242.000000000002,9247.260297997704,9030.205174566981
2019-10-31 11:00:00+00:00,9034.000000000002,9181.947033339673,9019.766583683408
2019-10-31 12:00:00+00:00,8940.0,8975.19894203163,8839.79393534267
2019-10-31 13:00:00+00:00,8837.0,8879.948221538622,8753.084061190866
2019-10-31 14:00:00+00:00,8762.0,8745.156746963725,8698.513031497734
2019-10-31 15:00:00+00:00,8866.0,8666.582621263136,8699.038848135815
2019-10-31 16:00:00+00:00,9072.0,8777.331164661762,8869.89809909122
2019-10-31 17:00:00+00:00,8833.0,8851.26022805947,8936.617016816277
2019-10-31 18:00:00+00:00,8277.0,8507.42298221427,8598.349106815218
2019-10-31 19:00:00+00:00,7707.000000000001,7936.655763658886,8032.678112887122
2019-10-31 20:00:00+00:00,7101.000000000001,7407.408995254407,7495.1575478273935
2019-10-31 21:00:00+00:00,6768.000000000001,6885.819131585683,6946.777150249255
2019-10-31 22:00:00+00:00,6267.0,6570.287210410329,6590.256777871529
2019-10-31 23:00:00+00:00,5956.0,6169.49145649203,6157.786770230474
2019-11-01 00:00:00+00:00,5743.0,5617.985730877989,5878.214038430181
2019-11-01 01:00:00+00:00,5633.0,5484.414307309659,5696.487978105912
2019-11-01 02:00:00+00:00,5434.0,5484.218057759544,5642.547973480818
2019-11-01 03:00:00+00:00,5428.0,5510.432561350283,5644.806307169518
2019-11-01 04:00:00+00:00,5654.000000000001,5802.504137785449,5929.501449358869
2019-11-01 05:00:00+00:00,5804.0,6261.880000815546,6366.806470965027
2019-11-01 06:00:00+00:00,6277.000000000001,6516.876149044644,6570.0597612121255
2019-11-01 07:00:00+00:00,6483.0,6807.6957375244665,6916.515601367571
2019-11-01 08:00:00+00:00,6644.0,6907.779300784099,7054.915884047977
2019-11-01 09:00:00+00:00,6810.000000000002,6976.201692950348,7165.286595796856
2019-11-01 10:00:00+00:00,6917.0,7007.863055311727,7224.696102956254
2019-11-01 11:00:00+00:00,6634.000000000001,6979.295324339159,7241.072512781927
2019-11-01 12:00:00+00:00,6385.0,6709.969117926313,7001.429839973878
2019-11-01 13:00:00+00:00,6318.000000000001,6435.082371019415,6800.633930588239
2019-11-01 14:00:00+00:00,6492.000000000001,6329.988370224432,6754.139350985248
2019-11-01 15:00:00+00:00,6760.000000000001,6487.402063392548,6938.1551429953415
2019-11-01 16:00:00+00:00,7218.0,6818.365971745183,7229.155644526314
2019-11-01 17:00:00+00:00,7248.0,7079.655669872068,7467.867934113661
2019-11-01 18:00:00+00:00,6840.000000000002,6950.112759069458,7331.117052170972
2019-11-01 19:00:00+00:00,6524.0,6472.511720442553,6860.8669415971535
2019-11-01 20:00:00+00:00,6217.000000000001,6127.718162040662,6523.513188755535
2019-11-01 21:00:00+00:00,6205.0,5814.937244820992,6177.494228591031
2019-11-01 22:00:00+00:00,5791.000000000001,5755.539948764638,6057.1978837078705
2019-11-01 23:00:00+00:00,5595.0,5386.922358162645,5672.074376861327
2019-11-02 00:00:00+00:00,5319.0,5405.680956372432,5490.590025614985
2019-11-02 01:00:00+00:00,5222.0,5221.227356434619,5250.325954801641
2019-11-02 02:00:00+00:00,5097.0,5196.4531384291495,5159.638625074588
2019-11-02 03:00:00+00:00,5186.0,5201.70128977877,5089.540275200102
2019-11-02 04:00:00+00:00,5560.0,5402.957725269363,5237.893670993345
2019-11-02 05:00:00+00:00,5952.000000000001,5839.500962604987,5632.909460775133
2019-11-02 06:00:00+00:00,6453.0,6272.342361721135,6014.527740167422
2019-11-02 07:00:00+00:00,6841.0,6640.6852735203465,6432.498374962082
2019-11-02 08:00:00+00:00,7063.000000000001,6936.7933778288325,6741.456696954026
2019-11-02 09:00:00+00:00,7160.0,7067.20017508164,6901.232728927325
2019-11-02 10:00:00+00:00,7274.000000000002,7122.693560444751,6919.76123983359
2019-11-02 11:00:00+00:00,7134.000000000001,7085.631292668198,6935.697163442864
2019-11-02 12:00:00+00:00,6913.000000000001,6899.29773987089,6787.775612975346
2019-11-02 13:00:00+00:00,6817.000000000001,6655.5360265019,6610.265481558485
2019-11-02 14:00:00+00:00,6811.0,6487.682050845832,6583.041585492967
2019-11-02 15:00:00+00:00,7022.999999999999,6517.849892206827,6679.338693659204
2019-11-02 16:00:00+00:00,7519.000000000001,6796.354301153996,6978.87453805246
2019-11-02 17:00:00+00:00,7383.000000000002,7180.785852100315,7300.10059863481
2019-11-02 18:00:00+00:00,6886.000000000001,6971.841774175897,7107.923186911051
2019-11-02 19:00:00+00:00,6539.000000000001,6486.461990490324,6644.706613949648
2019-11-02 20:00:00+00:00,6166.0,6171.620702978406,6351.258517524781
2019-11-02 21:00:00+00:00,6127.000000000001,5845.595870560307,6000.926041489748
2019-11-02 22:00:00+00:00,5686.0,5767.855752669109,5895.938150461926
2019-11-02 23:00:00+00:00,5411.000000000001,5412.114388254795,5502.532800576902
2019-11-03 00:00:00+00:00,5169.0,5196.459128265811,5256.991289059506
2019-11-03 01:00:00+00:00,5114.999999999999,5051.830447242961,5046.934086744876
2019-11-03 02:00:00+00:00,4949.0,5060.499404751262,4997.512292717933
2019-11-03 03:00:00+00:00,4932.0,5001.840441193809,4893.546531096044
2019-11-03 04:00:00+00:00,5143.0,5129.3155858521295,4959.256856247229
2019-11-03 05:00:00+00:00,5345.0,5415.850359548196,5207.529901270898
2019-11-03 06:00:00+00:00,5748.000000000002,5722.203624252498,5492.517414249246
2019-11-03 07:00:00+00:00,6046.0,6084.4082594485635,5856.934614297122
2019-11-03 08:00:00+00:00,6352.0,6325.367677178425,6107.599708789078
2019-11-03 09:00:00+00:00,6613.000000000001,6549.066393830157,6340.708666556857
2019-11-03 10:00:00+00:00,6799.000000000002,6656.648438309857,6547.218083411111
2019-11-03 11:00:00+00:00,6604.000000000001,6702.965933809984,6621.09348608887
2019-11-03 12:00:00+00:00,6369.0,6468.414119841297,6426.16686992684
2019-11-03 13:00:00+00:00,6268.0,6214.052078984843,6240.616154530932
2019-11-03 14:00:00+00:00,6261.000000000002,6176.379414625015,6180.968467180317
2019-11-03 15:00:00+00:00,6573.0,6190.885913721442,6271.973912796179
2019-11-03 16:00:00+00:00,7005.0,6521.572333171867,6682.523772455311
2019-11-03 17:00:00+00:00,7067.0,6761.778414770209,7013.31940329798
2019-11-03 18:00:00+00:00,6706.000000000002,6676.019172513774,6950.363322252677
2019-11-03 19:00:00+00:00,6388.0,6361.817882573991,6585.172836496826
2019-11-03 20:00:00+00:00,6022.0,6034.777242124351,6250.028952456803
2019-11-03 21:00:00+00:00,6083.999999999999,5810.6646175357155,5988.06641409462
2019-11-03 22:00:00+00:00,5738.0,5813.344576620472,5946.933447516079
2019-11-03 23:00:00+00:00,5542.000000000001,5484.410897475173,5625.571819212407
2019-11-04 00:00:00+00:00,5364.0,5482.75815215816,5415.63759851921
2019-11-04 01:00:00+00:00,5293.0,5383.964458511818,5273.487308346921
2019-11-04 02:00:00+00:00,5257.0,5399.856041951394,5200.70995244213
2019-11-04 03:00:00+00:00,5411.000000000001,5488.180163130918,5224.58999223312
2019-11-04 04:00:00+00:00,6179.000000000001,5821.183143840337,5517.52480134479
2019-11-04 05:00:00+00:00,7450.0,6667.227314607513,6354.611238138486
2019-11-04 06:00:00+00:00,8366.000000000002,7875.090941499715,7495.687793900056
2019-11-04 07:00:00+00:00,8669.000000000002,8589.050063216042,8260.584136712538
2019-11-04 08:00:00+00:00,8641.000000000002,8825.042855735102,8521.70711565853
2019-11-04 09:00:00+00:00,8495.0,8797.783677344778,8545.330258449781
2019-11-04 10:00:00+00:00,8422.0,8647.58378029606,8477.22975031723
2019-11-04 11:00:00+00:00,8156.0,8474.464219373365,8373.446852189287
2019-11-04 12:00:00+00:00,8172.000000000002,8174.494427714185,8148.203056350817
2019-11-04 13:00:00+00:00,8182.000000000001,8101.827689257943,8143.734374804936
2019-11-04 14:00:00+00:00,8261.0,8060.449318413366,8156.3576577029135
2019-11-04 15:00:00+00:00,8550.0,8126.694698116926,8258.721581711196
2019-11-04 16:00:00+00:00,9056.000000000002,8440.742794933944,8553.722763339523
2019-11-04 17:00:00+00:00,8903.000000000002,8787.466076053723,8896.495097313227
2019-11-04 18:00:00+00:00,8335.0,8531.317759544172,8628.433901628978
2019-11-04 19:00:00+00:00,7696.000000000001,7970.898530169136,8071.19252253985
2019-11-04 20:00:00+00:00,7154.000000000002,7362.869770888107,7452.276048046749
2019-11-04 21:00:00+00:00,6848.000000000002,6907.959337436053,6993.789886706504
2019-11-04 22:00:00+00:00,6355.0,6592.443363174148,6643.32578223848
2019-11-04 23:00:00+00:00,6041.0,6183.324578669753,6208.776222535439
2019-11-05 00:00:00+00:00,5775.000000000001,5945.222081914519,5914.584436910523
2019-11-05 01:00:00+00:00,5659.0,5745.647649092572,5702.27035740327
2019-11-05 02:00:00+00:00,5572.000000000001,5719.770821782531,5605.307320092192
2019-11-05 03:00:00+00:00,5731.0,5756.9492095468295,5581.566196025798
2019-11-05 04:00:00+00:00,6477.000000000002,6112.475051748843,5913.119942247925
2019-11-05 05:00:00+00:00,7731.0,7022.02532210219,6798.849528476801
2019-11-05 06:00:00+00:00,8714.0,8219.256276842116,7963.412616964596
2019-11-05 07:00:00+00:00,9073.000000000002,9046.67857438677,8763.347934747711
2019-11-05 08:00:00+00:00,9168.000000000002,9344.848798796991,9036.22297458086
2019-11-05 09:00:00+00:00,9349.0,9425.811704205442,9110.98881029121
2019-11-05 10:00:00+00:00,9444.000000000002,9553.037068113115,9258.966147521702
2019-11-05 11:00:00+00:00,9181.0,9523.632419889202,9274.055964038167
2019-11-05 12:00:00+00:00,9053.000000000002,9251.666200104928,9075.41383405635
2019-11-05 13:00:00+00:00,8973.0,9097.382141909266,8969.595539812632
2019-11-05 14:00:00+00:00,8995.0,8972.454602342039,8915.268117123007
2019-11-05 15:00:00+00:00,9166.0,8923.011063105976,8961.068161460882
2019-11-05 16:00:00+00:00,9293.0,9109.383332703166,9176.555612818198
2019-11-05 17:00:00+00:00,9084.0,9123.000171098069,9224.471354555719
2019-11-05 18:00:00+00:00,8512.0,8781.083231813313,8907.275548886746
2019-11-05 19:00:00+00:00,7901.999999999999,8190.663628858728,8321.132486728431
2019-11-05 20:00:00+00:00,7288.0,7557.83064371082,7715.616679521953
2019-11-05 21:00:00+00:00,6964.0,7038.593174160983,7179.885374740596
2019-11-05 22:00:00+00:00,6459.0,6697.283888136767,6795.770906264624
2019-11-05 23:00:00+00:00,6191.0,6291.559805146642,6345.959536825543
2019-11-06 00:00:00+00:00,5965.0,6064.739945314695,6074.880594315329
2019-11-06 01:00:00+00:00,5840.999999999999,5933.117718584653,5882.15894875249
2019-11-06 02:00:00+00:00,5780.999999999999,5899.361433172578,5764.655203978926
2019-11-06 03:00:00+00:00,5924.0,5965.039949533703,5772.295501878316
2019-11-06 04:00:00+00:00,6612.0,6325.560380966389,6082.027470146814
2019-11-06 05:00:00+00:00,7822.000000000001,7202.2897352137215,6932.363196866559
2019-11-06 06:00:00+00:00,8702.0,8401.084008141494,8088.9689156104305
2019-11-06 07:00:00+00:00,8816.000000000002,9102.967459037618,8832.320642510824
2019-11-06 08:00:00+00:00,8772.000000000002,9152.593678237132,8932.509009734393
2019-11-06 09:00:00+00:00,8772.000000000002,9100.709756180751,8934.188322139655
2019-11-06 10:00:00+00:00,8829.0,9063.592655271948,8949.710672107021
2019-11-06 11:00:00+00:00,8633.000000000002,8990.878983782879,8915.772452985595
2019-11-06 12:00:00+00:00,8650.0,8779.059812922518,8735.944247032265
2019-11-06 13:00:00+00:00,8662.0,8734.138876072479,8725.97880214526
2019-11-06 14:00:00+00:00,8747.0,8732.829163372544,8736.040618380399
2019-11-06 15:00:00+00:00,9005.0,8786.106256164485,8841.005566153193
2019-11-06 16:00:00+00:00,9302.000000000002,8983.99911696582,9097.15419516915
2019-11-06 17:00:00+00:00,9092.000000000002,9131.06233280767,9274.96584032732
2019-11-06 18:00:00+00:00,8543.000000000002,8807.158970188166,8963.485567292244
2019-11-06 19:00:00+00:00,7910.000000000002,8235.420655660993,8408.000403480073
2019-11-06 20:00:00+00:00,7338.0,7597.878353939047,7773.699532054943
2019-11-06 21:00:00+00:00,7102.000000000002,7102.479636760233,7275.446415336358
2019-11-06 22:00:00+00:00,6586.000000000002,6829.959322058923,6956.928123942875
2019-11-06 23:00:00+00:00,6233.000000000001,6408.795089708916,6495.352978456811
2019-11-07 00:00:00+00:00,5958.000000000002,6154.0879993692615,6172.566741143814
2019-11-07 01:00:00+00:00,5826.000000000001,5977.422261330979,5930.22903772015
2019-11-07 02:00:00+00:00,5754.0,5925.620102908778,5822.023013468654
2019-11-07 03:00:00+00:00,5961.000000000002,5976.830774372461,5814.414592451947
2019-11-07 04:00:00+00:00,6683.000000000001,6375.473643959457,6162.200692133247
2019-11-07 05:00:00+00:00,7915.000000000001,7248.962134827255,7001.507960779289
2019-11-07 06:00:00+00:00,8838.000000000002,8463.118450867649,8153.910061591762
2019-11-07 07:00:00+00:00,8941.0,9168.155144179165,8897.526213347586
2019-11-07 08:00:00+00:00,8772.000000000002,9196.812214550186,8976.116592654753
2019-11-07 09:00:00+00:00,8711.0,9023.980119634478,8875.950630405761
2019-11-07 10:00:00+00:00,8686.0,8930.685941507774,8844.783751497138
2019-11-07 11:00:00+00:00,8468.0,8803.064518360326,8770.039474856749
2019-11-07 12:00:00+00:00,8434.000000000002,8579.115808706052,8592.271546016591
2019-11-07 13:00:00+00:00,8486.000000000002,8472.463772865236,8547.631777970413
2019-11-07 14:00:00+00:00,8588.0,8460.496822762821,8577.365776708422
2019-11-07 15:00:00+00:00,8896.0,8552.106223637184,8692.686862436007
2019-11-07 16:00:00+00:00,9234.000000000002,8866.524379749522,8982.788376930905
2019-11-07 17:00:00+00:00,9114.0,9090.516850186696,9167.749689820641
2019-11-07 18:00:00+00:00,8562.000000000002,8850.469962480853,8926.991806311462
2019-11-07 19:00:00+00:00,8015.0,8282.885730540198,8359.38124603692
2019-11-07 20:00:00+00:00,7396.999999999999,7716.7008512266975,7792.920128194205
2019-11-07 21:00:00+00:00,7136.0,7184.54884200908,7254.178675470384
2019-11-07 22:00:00+00:00,6565.0,6888.832058794631,6923.203109811728
2019-11-07 23:00:00+00:00,6267.0,6418.400534618959,6414.506140455058
2019-11-08 00:00:00+00:00,5982.000000000001,6150.567806365824,6132.026786714734
2019-11-08 01:00:00+00:00,5896.0,5960.988652012776,5890.498636851694
2019-11-08 02:00:00+00:00,5801.0,5908.03538167651,5782.139403345483
2019-11-08 03:00:00+00:00,5998.000000000001,5918.366525156017,5726.821937930427
2019-11-08 04:00:00+00:00,6631.0,6231.744238702661,5971.601022282312
2019-11-08 05:00:00+00:00,7856.0,6887.858916739953,6560.606792611985
2019-11-08 06:00:00+00:00,8730.0,8030.669516219364,7625.82654890162
2019-11-08 07:00:00+00:00,8955.000000000002,8742.830793292878,8317.401268354126
2019-11-08 08:00:00+00:00,8949.0,8892.18754053421,8502.097588965593
2019-11-08 09:00:00+00:00,8962.0,8822.29879608327,8526.147708943026
2019-11-08 10:00:00+00:00,8897.0,8789.611274515388,8555.157866348784
2019-11-08 11:00:00+00:00,8611.000000000002,8631.080576253791,8434.42312645126
2019-11-08 12:00:00+00:00,8474.0,8303.212882679401,8171.923889840878
2019-11-08 13:00:00+00:00,8349.000000000002,8153.710025043082,8061.784694654908
2019-11-08 14:00:00+00:00,8363.000000000002,8035.868803072944,8012.272231207818
2019-11-08 15:00:00+00:00,8637.0,8144.795387033909,8099.352893379661
2019-11-08 16:00:00+00:00,8922.000000000002,8414.11388211338,8417.765293957973
2019-11-08 17:00:00+00:00,8722.0,8590.95286685907,8624.166228148408
2019-11-08 18:00:00+00:00,8139.000000000001,8293.96820325235,8353.79408845915
2019-11-08 19:00:00+00:00,7527.999999999999,7743.162330463754,7820.485250208669
2019-11-08 20:00:00+00:00,6987.000000000001,7172.817928385856,7262.975921850976
2019-11-08 21:00:00+00:00,6793.000000000001,6737.379028312303,6842.867117662228
2019-11-08 22:00:00+00:00,6355.0,6508.748411144207,6574.273233850354
2019-11-08 23:00:00+00:00,6057.0,6156.158022015042,6190.453652267047
2019-11-09 00:00:00+00:00,5807.000000000001,5771.222169449163,5894.632276992318
2019-11-09 01:00:00+00:00,5634.999999999999,5611.1435959487835,5684.90540833213
2019-11-09 02:00:00+00:00,5497.000000000001,5528.040204137876,5526.263728641184
2019-11-09 03:00:00+00:00,5578.0,5522.085060492015,5457.454851102753
2019-11-09 04:00:00+00:00,5851.999999999999,5765.860481724049,5639.605276129686
2019-11-09 05:00:00+00:00,6273.0,6205.3094234049895,6012.219995641359
2019-11-09 06:00:00+00:00,6980.0,6720.2285066747045,6487.883258646869
2019-11-09 07:00:00+00:00,7504.0,7368.054327841972,7101.999539780607
2019-11-09 08:00:00+00:00,7836.000000000001,7812.1084005630855,7530.943948578527
2019-11-09 09:00:00+00:00,7946.0,8063.965230196538,7795.27316723424
2019-11-09 10:00:00+00:00,8028.0,8130.396141283199,7893.8215456781445
2019-11-09 11:00:00+00:00,7817.000000000002,8105.873178195547,7904.386987036689
2019-11-09 12:00:00+00:00,7581.0,7847.934579259028,7694.682621223936
2019-11-09 13:00:00+00:00,7444.0,7540.400504792641,7492.402693005971
2019-11-09 14:00:00+00:00,7476.000000000002,7375.455957657852,7391.420824794287
2019-11-09 15:00:00+00:00,7753.0,7387.827862540797,7477.918328057139
2019-11-09 16:00:00+00:00,8114.999999999999,7676.172856524884,7802.00818789832
2019-11-09 17:00:00+00:00,7916.0,7927.989866967943,8025.816774885073
2019-11-09 18:00:00+00:00,7458.0,7651.421731909044,7736.041312809673
2019-11-09 19:00:00+00:00,7073.0,7171.538672941054,7283.582001720744
2019-11-09 20:00:00+00:00,6682.0,6764.644651510431,6884.969991834849
2019-11-09 21:00:00+00:00,6641.0,6481.31342936368,6574.890405274524
2019-11-09 22:00:00+00:00,6255.999999999999,6367.180114340439,6423.557984599322
2019-11-09 23:00:00+00:00,5950.000000000002,6034.435859885577,6062.9838258391665
2019-11-10 00:00:00+00:00,5708.0,5794.593853888339,5770.726555919304
2019-11-10 01:00:00+00:00,5642.0,5571.072753614473,5568.923612340789
2019-11-10 02:00:00+00:00,5492.0,5531.564480741811,5476.8239688250815
2019-11-10 03:00:00+00:00,5539.0,5475.419650261697,5369.287080358589
2019-11-10 04:00:00+00:00,5729.000000000001,5634.015998783151,5466.714276788587
2019-11-10 05:00:00+00:00,5947.000000000001,5909.9063814509855,5678.668136535586
2019-11-10 06:00:00+00:00,6400.000000000001,6246.372802540813,5972.9775674266675
2019-11-10 07:00:00+00:00,6702.0,6652.824623963794,6405.23746150354
2019-11-10 08:00:00+00:00,6888.000000000001,6911.561899156917,6713.432856540747
2019-11-10 09:00:00+00:00,7052.000000000001,7051.275722372958,6910.469316656296
2019-11-10 10:00:00+00:00,7133.0,7160.041043460869,7074.261068297704
2019-11-10 11:00:00+00:00,6869.000000000001,7117.822835096857,7078.828755312926
2019-11-10 12:00:00+00:00,6586.000000000002,6841.940412342911,6819.818129065314
2019-11-10 13:00:00+00:00,6470.0,6529.919738429432,6581.055770599631
2019-11-10 14:00:00+00:00,6556.000000000002,6384.483348733682,6496.677371302379
2019-11-10 15:00:00+00:00,7007.0,6488.976227928614,6643.035309496555
2019-11-10 16:00:00+00:00,7566.000000000002,6933.47741206275,7088.194254937963
2019-11-10 17:00:00+00:00,7692.0,7350.093817304768,7496.430426072609
2019-11-10 18:00:00+00:00,7350.000000000001,7344.660207479101,7482.317003736377
2019-11-10 19:00:00+00:00,7062.0,6995.616929173136,7138.181981064623
2019-11-10 20:00:00+00:00,6726.0,6689.113610158617,6823.747309414422
2019-11-10 21:00:00+00:00,6790.999999999999,6457.227268650351,6585.907505571247
2019-11-10 22:00:00+00:00,6453.0,6476.352161549661,6535.517282766221
2019-11-10 23:00:00+00:00,6208.0,6240.9063789064,6224.673607878777
2019-11-11 00:00:00+00:00,6035.0,6241.013737811017,5990.677037459206
2019-11-11 01:00:00+00:00,5972.000000000002,6115.02969519885,5844.332617769779
2019-11-11 02:00:00+00:00,5968.000000000001,6096.534225801018,5779.468940665879
2019-11-11 03:00:00+00:00,6214.999999999999,6175.506289618312,5810.841597045321
2019-11-11 04:00:00+00:00,7000.000000000001,6538.412252280114,6160.031310256243
2019-11-11 05:00:00+00:00,8282.0,7368.937874415173,7007.2755425496525
2019-11-11 06:00:00+00:00,9159.0,8541.237424428045,8167.242217571155
2019-11-11 07:00:00+00:00,9378.000000000002,9219.42509054614,8895.809056435712
2019-11-11 08:00:00+00:00,9274.0,9320.678000495322,9065.722107762205
2019-11-11 09:00:00+00:00,9192.0,9159.90409591306,8972.892767834624
2019-11-11 10:00:00+00:00,9193.000000000002,9037.487071660738,8904.451045435017
2019-11-11 11:00:00+00:00,9066.0,8973.726718457618,8832.356572632774
2019-11-11 12:00:00+00:00,9075.000000000002,8826.57320948371,8720.899628125671
2019-11-11 13:00:00+00:00,9057.0,8755.048249724532,8720.983277693
2019-11-11 14:00:00+00:00,9077.0,8624.550090417248,8730.325150019236
2019-11-11 15:00:00+00:00,9271.0,8682.976524122547,8837.189740021162
2019-11-11 16:00:00+00:00,9451.0,8980.89753072814,9123.426972370067
2019-11-11 17:00:00+00:00,9303.0,9052.078312196265,9235.100666362456
2019-11-11 18:00:00+00:00,8734.000000000002,8803.937059825177,8987.27833376345
2019-11-11 19:00:00+00:00,8176.0,8231.676340036196,8419.796605757376
2019-11-11 20:00:00+00:00,7664.000000000001,7689.903787383438,7876.053109504785
2019-11-11 21:00:00+00:00,7353.000000000002,7268.221687953759,7443.619459252415
2019-11-11 22:00:00+00:00,6850.000000000001,6964.041410761675,7091.059410270827
2019-11-11 23:00:00+00:00,6580.000000000001,6553.5302720799755,6640.026378024974
2019-11-12 00:00:00+00:00,6335.000000000002,6331.215566472399,6375.367761584653
2019-11-12 01:00:00+00:00,6259.0,6198.8139671575445,6167.334905490591
2019-11-12 02:00:00+00:00,6136.0,6195.111838570859,6093.840330436921
2019-11-12 03:00:00+00:00,6310.000000000001,6203.582095463701,6053.86539621166
2019-11-12 04:00:00+00:00,7018.0,6576.678681031357,6390.143507334724
2019-11-12 05:00:00+00:00,8218.000000000002,7469.116506681152,7258.098110336962
2019-11-12 06:00:00+00:00,9250.000000000002,8655.804237520088,8403.061934900572
2019-11-12 07:00:00+00:00,9541.0,9550.534913040297,9250.151460389101
2019-11-12 08:00:00+00:00,9573.0,9781.859467166065,9475.187980355453
2019-11-12 09:00:00+00:00,9737.0,9806.783310063061,9528.589117739726
2019-11-12 10:00:00+00:00,9810.000000000002,9913.839189986888,9668.258672207437
2019-11-12 11:00:00+00:00,9687.000000000002,9874.991566984932,9659.95318985122
2019-11-12 12:00:00+00:00,9652.0,9699.684712600108,9544.75334269694
2019-11-12 13:00:00+00:00,9637.0,9625.461448195472,9501.773291310281
2019-11-12 14:00:00+00:00,9651.000000000002,9554.980024227412,9496.714000515358
2019-11-12 15:00:00+00:00,9784.0,9544.427178517151,9555.894490765188
2019-11-12 16:00:00+00:00,9869.0,9632.138172956034,9692.744862689866
2019-11-12 17:00:00+00:00,9634.0,9600.395679911744,9702.404911531332
2019-11-12 18:00:00+00:00,9124.000000000002,9246.479816737938,9372.407450710389
2019-11-12 19:00:00+00:00,8570.000000000002,8697.419467320238,8833.454966955362
2019-11-12 20:00:00+00:00,7986.000000000001,8123.372982170997,8264.845865691024
2019-11-12 21:00:00+00:00,7707.000000000001,7609.12887173438,7747.230615741335
2019-11-12 22:00:00+00:00,7173.000000000002,7307.307735913452,7403.246576142829
2019-11-12 23:00:00+00:00,6888.000000000001,6875.147143723958,6936.674693271723
2019-11-13 00:00:00+00:00,6659.999999999999,6654.242096580938,6663.476553107642
2019-11-13 01:00:00+00:00,6526.000000000002,6508.586443577583,6465.3656856711505
2019-11-13 02:00:00+00:00,6459.0,6461.0530787432845,6345.553373277453
2019-11-13 03:00:00+00:00,6579.0,6512.469453719578,6338.040560919026
2019-11-13 04:00:00+00:00,7234.0,6831.670741122512,6617.219539890567
2019-11-13 05:00:00+00:00,8411.0,7667.791566898344,7431.222855744885
2019-11-13 06:00:00+00:00,9387.0,8832.900323330237,8550.559211170617
2019-11-13 07:00:00+00:00,9687.000000000002,9651.84851150475,9313.125897870397
2019-11-13 08:00:00+00:00,9750.000000000002,9879.519357241083,9527.417300268526
2019-11-13 09:00:00+00:00,9899.0,9928.09714439587,9586.230352250033
2019-11-13 10:00:00+00:00,10024.0,10016.992038481509,9712.725059225662
2019-11-13 11:00:00+00:00,9896.0,10027.743949895179,9756.266591298689
2019-11-13 12:00:00+00:00,9880.0,9871.157256209273,9662.891330427252
2019-11-13 13:00:00+00:00,9715.0,9803.750106395422,9652.403073283156
2019-11-13 14:00:00+00:00,9701.0,9622.300176305329,9549.078143732066
2019-11-13 15:00:00+00:00,9888.0,9602.304792874616,9600.307395986432
2019-11-13 16:00:00+00:00,10035.0,9728.549256875574,9803.474828877284
2019-11-13 17:00:00+00:00,9817.0,9739.855083976066,9851.886879614794
2019-11-13 18:00:00+00:00,9236.000000000002,9409.248466119321,9543.440697734453
2019-11-13 19:00:00+00:00,8618.0,8799.809883912534,8947.965824809347
2019-11-13 20:00:00+00:00,7989.000000000002,8174.829992912349,8335.150018360064
2019-11-13 21:00:00+00:00,7732.000000000001,7668.061117692654,7804.373588293025
2019-11-13 22:00:00+00:00,7246.000000000001,7404.897996707309,7471.981432334834
2019-11-13 23:00:00+00:00,6995.000000000001,6989.117268919035,7022.600600985942
2019-11-14 00:00:00+00:00,6745.0,6798.099257391571,6765.90966958872
2019-11-14 01:00:00+00:00,6638.000000000002,6631.281370138186,6545.590611821388
2019-11-14 02:00:00+00:00,6584.0,6574.795590610053,6447.480165693592
2019-11-14 03:00:00+00:00,6745.0,6633.1868651948025,6458.1529328378165
2019-11-14 04:00:00+00:00,7442.000000000001,6958.4563069377255,6770.216854742844
2019-11-14 05:00:00+00:00,8642.0,7825.5112297339065,7617.7404083126585
2019-11-14 06:00:00+00:00,9480.0,9002.830614748053,8758.30685042242
2019-11-14 07:00:00+00:00,9665.000000000002,9685.417358379615,9417.879933608896
2019-11-14 08:00:00+00:00,9499.0,9742.984381597746,9525.032662879326
2019-11-14 09:00:00+00:00,9370.000000000002,9579.771203698167,9402.101869478394
2019-11-14 10:00:00+00:00,9257.0,9444.594598816491,9311.696833365999
2019-11-14 11:00:00+00:00,9064.000000000002,9241.31141219328,9175.343355924739
2019-11-14 12:00:00+00:00,9015.000000000002,9021.115127631452,9025.329946675385
2019-11-14 13:00:00+00:00,8980.000000000002,8978.892052851515,8987.017903441316
2019-11-14 14:00:00+00:00,9103.000000000002,8909.872563867862,8980.455682959446
2019-11-14 15:00:00+00:00,9400.000000000002,9019.57755154401,9146.422298471802
2019-11-14 16:00:00+00:00,9706.000000000002,9328.771379188247,9443.293333565736
2019-11-14 17:00:00+00:00,9488.0,9496.871352117496,9627.797072065188
2019-11-14 18:00:00+00:00,8947.000000000002,9175.90316355712,9313.297478254504
2019-11-14 19:00:00+00:00,8354.0,8621.710542959796,8759.46331294774
2019-11-14 20:00:00+00:00,7790.000000000002,8007.190279927305,8152.409170262263
2019-11-14 21:00:00+00:00,7574.000000000002,7505.372178268146,7666.098562711082
2019-11-14 22:00:00+00:00,7032.0,7211.103974425363,7356.523760324972
2019-11-14 23:00:00+00:00,6729.0,6773.635244119743,6879.472704561073
2019-11-15 00:00:00+00:00,6469.0,6511.246579818483,6580.834697775586
2019-11-15 01:00:00+00:00,6335.000000000002,6343.095600890203,6364.33829457589
2019-11-15 02:00:00+00:00,6228.000000000001,6287.50367756837,6242.729710178134
2019-11-15 03:00:00+00:00,6372.000000000001,6304.564175229471,6215.4956489322
2019-11-15 04:00:00+00:00,7070.0,6620.660115597539,6500.453311819425
2019-11-15 05:00:00+00:00,8087.000000000001,7482.337977964912,7348.998095132516
2019-11-15 06:00:00+00:00,8902.0,8518.95123259793,8334.648871097763
2019-11-15 07:00:00+00:00,9162.0,9164.789907974444,8992.800611033732
2019-11-15 08:00:00+00:00,9228.000000000002,9304.528780749752,9170.125565213746
2019-11-15 09:00:00+00:00,9264.000000000002,9319.549082838561,9211.414429855018
2019-11-15 10:00:00+00:00,9223.000000000002,9305.326068700646,9216.334853157925
2019-11-15 11:00:00+00:00,8937.0,9164.379168625084,9114.522735715265
2019-11-15 12:00:00+00:00,8730.0,8842.246667992988,8873.169745655225
2019-11-15 13:00:00+00:00,8643.0,8727.105015374456,8693.34759021501
2019-11-15 14:00:00+00:00,8632.0,8603.094339959414,8641.469561443828
2019-11-15 15:00:00+00:00,8885.0,8645.700452826579,8710.497054609754
2019-11-15 16:00:00+00:00,9143.0,8844.576070417259,8976.532183748946
2019-11-15 17:00:00+00:00,8927.0,8939.434543489353,9109.769986169935
2019-11-15 18:00:00+00:00,8280.0,8559.771137876676,8793.577085076542
2019-11-15 19:00:00+00:00,7682.0,7891.557212907162,8150.897288941746
2019-11-15 20:00:00+00:00,7181.000000000002,7322.891119277234,7560.402471306143
2019-11-15 21:00:00+00:00,7050.000000000002,6837.595323124249,7136.839189190262
2019-11-15 22:00:00+00:00,6581.0,6658.312221578515,6911.97411424174
2019-11-15 23:00:00+00:00,6276.0,6336.897877226838,6484.62518539624
2019-11-16 00:00:00+00:00,5971.000000000001,5990.672021719816,6190.708969050217
2019-11-16 01:00:00+00:00,5801.0,5811.977415648885,5921.90647018819
2019-11-16 02:00:00+00:00,5640.0,5708.443410072743,5761.201358762397
2019-11-16 03:00:00+00:00,5779.0,5685.418761912136,5669.823827706829
2019-11-16 04:00:00+00:00,5980.000000000002,5949.615042239523,5879.619137346428
2019-11-16 05:00:00+00:00,6352.0,6319.065657349903,6188.4861451762945
2019-11-16 06:00:00+00:00,6984.000000000001,6802.435864381366,6664.663148395716
2019-11-16 07:00:00+00:00,7421.000000000001,7409.787368323147,7253.367486274249
2019-11-16 08:00:00+00:00,7658.000000000001,7810.3447769937875,7645.692597624671
2019-11-16 09:00:00+00:00,7770.999999999999,7899.108681575147,7844.447413697636
2019-11-16 10:00:00+00:00,7850.000000000002,7953.327796714658,7940.594102417793
2019-11-16 11:00:00+00:00,7542.0,7918.910889396852,7934.747142575022
2019-11-16 12:00:00+00:00,7371.000000000001,7589.508128040331,7645.333287869994
2019-11-16 13:00:00+00:00,7333.000000000001,7397.189198453267,7485.516336275438
2019-11-16 14:00:00+00:00,7385.000000000001,7333.861150425792,7462.960742992344
2019-11-16 15:00:00+00:00,7696.000000000001,7457.240135942931,7575.479928484064
2019-11-16 16:00:00+00:00,8016.000000000001,7761.748841327631,7895.7833272155785
2019-11-16 17:00:00+00:00,7829.0,7909.7807562783555,8074.89965212351
2019-11-16 18:00:00+00:00,7265.999999999999,7605.922646256491,7796.821850537799
2019-11-16 19:00:00+00:00,6910.000000000001,7038.727857324954,7260.526349609351
2019-11-16 20:00:00+00:00,6597.000000000002,6635.872512177984,6882.656504148136
2019-11-16 21:00:00+00:00,6505.0,6372.238886586723,6634.292751913058
2019-11-16 22:00:00+00:00,6073.000000000002,6233.257477209282,6454.213739922233
2019-11-16 23:00:00+00:00,5741.0,5890.470946501665,6052.320640129923
2019-11-17 00:00:00+00:00,5570.0,5644.8279744408665,5736.714009099058
2019-11-17 01:00:00+00:00,5379.0,5540.495629972321,5584.847868586927
2019-11-17 02:00:00+00:00,5226.0,5412.215900359058,5402.21775395234
2019-11-17 03:00:00+00:00,5215.999999999999,5353.037484241327,5309.588351501902
2019-11-17 04:00:00+00:00,5366.000000000001,5436.727844980689,5355.3060730037205
2019-11-17 05:00:00+00:00,5611.0,5658.937490066575,5537.25237065348
2019-11-17 06:00:00+00:00,6113.000000000001,5974.802829032979,5855.631565329943
2019-11-17 07:00:00+00:00,6456.0,6433.019695315316,6318.075488753573
2019-11-17 08:00:00+00:00,6811.0,6742.472355916535,6625.27001530662
2019-11-17 09:00:00+00:00,7033.999999999999,7058.152930418135,6927.494521133898
2019-11-17 10:00:00+00:00,7205.999999999999,7240.3918090180505,7113.540350720877
2019-11-17 11:00:00+00:00,6990.000000000002,7247.988673684823,7163.934060396688
2019-11-17 12:00:00+00:00,6771.000000000001,6981.551770666083,6935.642472759766
2019-11-17 13:00:00+00:00,6617.0,6733.390724029223,6748.524717484051
2019-11-17 14:00:00+00:00,6687.000000000002,6582.177244194248,6656.283991315597
2019-11-17 15:00:00+00:00,7036.000000000001,6675.294634640655,6821.1836945919995
2019-11-17 16:00:00+00:00,7450.0,7016.212654881994,7213.4597180132605
2019-11-17 17:00:00+00:00,7437.000000000001,7291.80014935699,7528.730703170671
2019-11-17 18:00:00+00:00,7031.000000000002,7141.072974630799,7408.1875736071215
2019-11-17 19:00:00+00:00,6722.000000000001,6729.189735589089,7025.156343320504
2019-11-17 20:00:00+00:00,6396.0,6409.01513507313,6707.164546549177
2019-11-17 21:00:00+00:00,6495.000000000001,6172.098448532035,6473.371633925625
2019-11-17 22:00:00+00:00,6117.0,6223.378093269173,6445.987304945389
2019-11-17 23:00:00+00:00,5911.000000000001,5918.43858047669,6093.971170561914
2019-11-18 00:00:00+00:00,5750.000000000001,5957.519644385263,5895.036180064147
2019-11-18 01:00:00+00:00,5640.0,5842.934428694894,5749.5929063649655
2019-11-18 02:00:00+00:00,5576.0,5814.56374280862,5656.307441265095
2019-11-18 03:00:00+00:00,5855.0,5862.356547842109,5657.742931691598
2019-11-18 04:00:00+00:00,6620.0,6259.790050665197,6030.807484306565
2019-11-18 05:00:00+00:00,7849.000000000001,7104.318402484209,6867.586384347654
2019-11-18 06:00:00+00:00,8752.0,8241.082310491416,7984.520162326487
2019-11-18 07:00:00+00:00,9044.0,9028.49262901646,8718.570479261325
2019-11-18 08:00:00+00:00,9053.000000000002,9249.108215420494,8939.855387059864
2019-11-18 09:00:00+00:00,9089.000000000002,9175.69669402367,8947.342842226191
2019-11-18 10:00:00+00:00,9080.0,9162.55920044257,8987.32632207898
2019-11-18 11:00:00+00:00,8798.0,9059.322384550613,8939.202477822977
2019-11-18 12:00:00+00:00,8736.0,8767.393613755961,8717.187831323074
2019-11-18 13:00:00+00:00,8702.0,8647.933138166769,8656.53210503486
2019-11-18 14:00:00+00:00,8814.0,8578.587496113103,8641.077177003257
2019-11-18 15:00:00+00:00,9191.0,8685.558681815139,8788.867377818933
2019-11-18 16:00:00+00:00,9473.0,9055.365041113353,9133.683462787416
2019-11-18 17:00:00+00:00,9346.000000000002,9213.429580327382,9310.812569245414
2019-11-18 18:00:00+00:00,8795.0,8964.974918898883,9073.404116880296
2019-11-18 19:00:00+00:00,8227.0,8420.041333259842,8533.747488407127
2019-11-18 20:00:00+00:00,7613.0,7879.210382089143,7989.433683319156
2019-11-18 21:00:00+00:00,7317.000000000001,7356.813458494515,7483.612781294227
2019-11-18 22:00:00+00:00,6850.000000000001,7026.375367692564,7137.0806774883495
2019-11-18 23:00:00+00:00,6531.000000000001,6635.790908703535,6724.291593847717
2019-11-19 00:00:00+00:00,6306.0,6396.61060454852,6428.725387481635
2019-11-19 01:00:00+00:00,6218.0,6263.683512683823,6239.828056982626
2019-11-19 02:00:00+00:00,6141.000000000002,6236.0876936085015,6145.809197789783
2019-11-19 03:00:00+00:00,6311.0,6287.097642983614,6145.128272309096
2019-11-19 04:00:00+00:00,7027.000000000001,6651.254542146971,6469.414728397375
2019-11-19 05:00:00+00:00,8217.0,7520.223715749963,7328.509014655933
2019-11-19 06:00:00+00:00,9079.0,8709.888040626445,8477.909356302433
2019-11-19 07:00:00+00:00,9265.0,9418.93435873564,9192.012128068493
2019-11-19 08:00:00+00:00,9194.0,9551.790334420753,9335.876484041002
2019-11-19 09:00:00+00:00,9173.0,9493.379348284396,9319.097294343532
2019-11-19 10:00:00+00:00,9133.000000000002,9446.512862628915,9317.526637583434
2019-11-19 11:00:00+00:00,8903.000000000002,9269.369315700029,9242.175895949797
2019-11-19 12:00:00+00:00,8916.0,9014.73026556284,9061.367332329713
2019-11-19 13:00:00+00:00,8888.0,8965.93305795245,9065.374947427756
2019-11-19 14:00:00+00:00,8944.000000000002,8903.950199100993,9056.108250966072
2019-11-19 15:00:00+00:00,9282.0,8971.61830241846,9152.458983679902
2019-11-19 16:00:00+00:00,9478.0,9294.455332500394,9439.393671726964
2019-11-19 17:00:00+00:00,9265.0,9366.835691818196,9527.046646784946
2019-11-19 18:00:00+00:00,8658.000000000002,9052.939930218821,9226.901865210735
2019-11-19 19:00:00+00:00,8106.000000000001,8434.992928271637,8626.956414243521
2019-11-19 20:00:00+00:00,7503.000000000001,7861.506115122521,8057.983941512966
2019-11-19 21:00:00+00:00,7260.000000000001,7346.4393188034,7536.453508533179
2019-11-19 22:00:00+00:00,6787.000000000001,7074.600388202832,7215.852366551806
2019-11-19 23:00:00+00:00,6412.0,6684.27469685092,6786.981420063469
2019-11-20 00:00:00+00:00,6170.000000000001,6410.595119736806,6448.672218265759
2019-11-20 01:00:00+00:00,6099.000000000001,6241.424414997046,6237.308017630184
2019-11-20 02:00:00+00:00,5998.000000000001,6228.473072687453,6165.880251491719
2019-11-20 03:00:00+00:00,6184.000000000001,6243.445141076589,6128.423771211939
2019-11-20 04:00:00+00:00,6833.0,6599.953082207449,6450.123264512497
2019-11-20 05:00:00+00:00,8073.999999999999,7428.615984840381,7252.33102208642
2019-11-20 06:00:00+00:00,9074.0,8656.244602404407,8424.900821233638
2019-11-20 07:00:00+00:00,9364.0,9502.26501844198,9234.182776261825
2019-11-20 08:00:00+00:00,9369.0,9639.836944058794,9454.608112868738
2019-11-20 09:00:00+00:00,9495.0,9610.878707335318,9486.399634051853
2019-11-20 10:00:00+00:00,9538.0,9655.257809414692,9600.961199336502
2019-11-20 11:00:00+00:00,9398.0,9600.725218930509,9589.642567420451
2019-11-20 12:00:00+00:00,9408.000000000002,9500.009150684999,9484.548497952597
2019-11-20 13:00:00+00:00,9376.000000000002,9455.428284466905,9456.952567414328
2019-11-20 14:00:00+00:00,9396.0,9384.46100331554,9434.943923921974
2019-11-20 15:00:00+00:00,9611.0,9401.049818892569,9512.65503252476
2019-11-20 16:00:00+00:00,9658.0,9552.89170798857,9714.985441864608
2019-11-20 17:00:00+00:00,9373.000000000002,9505.40888981133,9689.94038358945
2019-11-20 18:00:00+00:00,8766.0,9088.811043137832,9318.467222250834
2019-11-20 19:00:00+00:00,8212.0,8474.127057907053,8707.01332368176
2019-11-20 20:00:00+00:00,7643.0,7900.493773487631,8128.465594629164
2019-11-20 21:00:00+00:00,7370.0,7413.573320124204,7640.378605368601
2019-11-20 22:00:00+00:00,6843.0,7128.798873389247,7306.844536064771
2019-11-20 23:00:00+00:00,6487.000000000001,6696.823329508091,6840.796462692915
2019-11-21 00:00:00+00:00,6199.0,6419.31993379252,6510.805891087943
2019-11-21 01:00:00+00:00,6088.000000000001,6236.172052967917,6272.306163495264
2019-11-21 02:00:00+00:00,5976.000000000001,6198.87792086292,6172.242649179421
2019-11-21 03:00:00+00:00,6218.0,6222.501091679714,6136.0970698025385
2019-11-21 04:00:00+00:00,6814.0,6642.529651929803,6502.272740974485
2019-11-21 05:00:00+00:00,7987.0,7441.171263142076,7273.985589979151
2019-11-21 06:00:00+00:00,8966.000000000002,8596.946094071978,8379.546779664408
2019-11-21 07:00:00+00:00,9229.0,9403.2234828939,9158.362902507062
2019-11-21 08:00:00+00:00,9200.0,9513.959507424699,9319.050768403773
2019-11-21 09:00:00+00:00,9299.000000000002,9445.155998277543,9281.576689106387
2019-11-21 10:00:00+00:00,9234.000000000002,9459.067477210394,9335.106445782985
2019-11-21 11:00:00+00:00,9052.0,9298.618117360847,9238.173912205937
2019-11-21 12:00:00+00:00,9042.0,9095.896151655137,9095.293058511797
2019-11-21 13:00:00+00:00,8965.0,9015.373227828662,9078.490559417329
2019-11-21 14:00:00+00:00,9007.000000000002,8930.234323881386,9047.84919343237
2019-11-21 15:00:00+00:00,9271.0,9000.64987564561,9154.211528849455
2019-11-21 16:00:00+00:00,9418.0,9285.61598974348,9412.855936884785
2019-11-21 17:00:00+00:00,9179.000000000002,9322.449479294562,9455.826611008855
2019-11-21 18:00:00+00:00,8649.000000000002,8979.90589932093,9126.11583743235
2019-11-21 19:00:00+00:00,8125.000000000001,8417.172892270539,8576.088661503021
2019-11-21 20:00:00+00:00,7598.999999999999,7858.090563280097,8035.115804966134
2019-11-21 21:00:00+00:00,7316.0,7397.241678592796,7584.517995397649
2019-11-21 22:00:00+00:00,6813.0,7085.752100342943,7228.348270883748
2019-11-21 23:00:00+00:00,6473.000000000001,6665.9878547868275,6771.021302373116
2019-11-22 00:00:00+00:00,6198.000000000001,6404.60615244526,6447.297507444144
2019-11-22 01:00:00+00:00,6080.000000000001,6220.825832706605,6209.933823541899
2019-11-22 02:00:00+00:00,6048.000000000001,6170.559966963497,6093.326041848641
2019-11-22 03:00:00+00:00,6241.000000000001,6244.9870087878835,6116.889351894252
2019-11-22 04:00:00+00:00,6908.000000000002,6602.065243452841,6443.201912732534
2019-11-22 05:00:00+00:00,7926.000000000001,7416.46375402034,7225.505337615328
2019-11-22 06:00:00+00:00,8924.0,8441.288755080082,8210.908569330264
2019-11-22 07:00:00+00:00,9152.000000000002,9298.67763910608,9016.59709948742
2019-11-22 08:00:00+00:00,9158.0,9402.829830479834,9195.199161077047
2019-11-22 09:00:00+00:00,9159.0,9371.775426347565,9214.304249816809
2019-11-22 10:00:00+00:00,9079.0,9302.008673298575,9201.9133567401
2019-11-22 11:00:00+00:00,8861.0,9120.690519188849,9072.243915470277
2019-11-22 12:00:00+00:00,8642.0,8875.82393118695,8869.904006407343
2019-11-22 13:00:00+00:00,8509.0,8633.64156899168,8685.624049781485
2019-11-22 14:00:00+00:00,8582.0,8506.486155495142,8588.767524756133
2019-11-22 15:00:00+00:00,8872.0,8603.660423577867,8712.878526686498
2019-11-22 16:00:00+00:00,9062.000000000002,8908.733859682814,8988.671162885914
2019-11-22 17:00:00+00:00,8852.0,8965.111130461853,9067.14377841802
2019-11-22 18:00:00+00:00,8244.0,8626.506117713849,8743.47334070545
2019-11-22 19:00:00+00:00,7750.0,7996.660107174104,8137.337872900225
2019-11-22 20:00:00+00:00,7257.000000000001,7495.436657863351,7634.214351639345
2019-11-22 21:00:00+00:00,7091.000000000002,7070.528525401977,7224.026508123804
2019-11-22 22:00:00+00:00,6644.0,6850.990169466171,6970.245206787293
2019-11-22 23:00:00+00:00,6285.000000000001,6466.861644837716,6554.900145409908
2019-11-23 00:00:00+00:00,5996.000000000001,6029.593079110271,6209.205306782393
2019-11-23 01:00:00+00:00,5862.000000000001,5823.386589637646,5953.817610419569
2019-11-23 02:00:00+00:00,5749.0,5759.113710214943,5820.739487068546
2019-11-23 03:00:00+00:00,5758.000000000001,5783.228227039646,5779.974576463236
2019-11-23 04:00:00+00:00,6012.999999999999,5935.273549036272,5877.282596233634
2019-11-23 05:00:00+00:00,6392.000000000001,6332.486402910347,6216.194085813018
2019-11-23 06:00:00+00:00,7018.0,6834.747838886142,6696.505595292996
2019-11-23 07:00:00+00:00,7430.0,7423.8012799190265,7261.031031209642
2019-11-23 08:00:00+00:00,7644.000000000001,7771.7978833107645,7611.483901220101
2019-11-23 09:00:00+00:00,7721.000000000001,7929.176345279736,7791.269493417637
2019-11-23 10:00:00+00:00,7775.000000000001,7891.817211221193,7857.387477764415
2019-11-23 11:00:00+00:00,7533.000000000001,7821.123065216417,7819.003863658064
2019-11-23 12:00:00+00:00,7394.000000000002,7542.4083964791935,7590.172158718124
2019-11-23 13:00:00+00:00,7350.000000000001,7360.484298261913,7470.1309098585925
2019-11-23 14:00:00+00:00,7412.000000000001,7302.3495447560545,7453.550143519322
2019-11-23 15:00:00+00:00,7708.000000000002,7399.273299736227,7583.019021347976
2019-11-23 16:00:00+00:00,7918.000000000002,7691.8384314944315,7878.757545045989
2019-11-23 17:00:00+00:00,7753.0,7773.893831095235,7979.8287469865
2019-11-23 18:00:00+00:00,7226.0,7481.23639662892,7699.970212373321
2019-11-23 19:00:00+00:00,6829.000000000002,6958.44292884608,7203.830373783526
2019-11-23 20:00:00+00:00,6476.000000000001,6552.364155149713,6811.943848947907
2019-11-23 21:00:00+00:00,6457.999999999999,6265.026740270838,6521.319977602487
2019-11-23 22:00:00+00:00,6065.0,6180.638013535527,6387.9545040806815
2019-11-23 23:00:00+00:00,5750.000000000001,5840.490729338208,6005.4474527942375
2019-11-24 00:00:00+00:00,5500.0,5609.871082205573,5717.705878921823
2019-11-24 01:00:00+00:00,5406.0,5439.1210101417755,5485.562754797844
2019-11-24 02:00:00+00:00,5269.000000000001,5403.327928601139,5377.309586769198
2019-11-24 03:00:00+00:00,5248.0,5360.1637981004515,5275.199992764702
2019-11-24 04:00:00+00:00,5416.0,5466.036307437319,5308.968382541836
2019-11-24 05:00:00+00:00,5658.000000000001,5716.1586124173455,5510.065415102836
2019-11-24 06:00:00+00:00,6150.0,6070.373073185499,5835.547271504926
2019-11-24 07:00:00+00:00,6481.000000000001,6554.517259072623,6296.907662554134
2019-11-24 08:00:00+00:00,6730.000000000001,6811.763528352879,6627.207301911029
2019-11-24 09:00:00+00:00,6959.000000000001,6972.673426144195,6860.495678922988
2019-11-24 10:00:00+00:00,7127.0,7127.803952159136,7067.183820895424
2019-11-24 11:00:00+00:00,6912.0,7132.028619850288,7129.216458776673
2019-11-24 12:00:00+00:00,6679.000000000002,6873.223764023433,6916.8372365413215
2019-11-24 13:00:00+00:00,6567.000000000002,6613.560768558548,6711.382927131583
2019-11-24 14:00:00+00:00,6603.0,6507.518765577517,6647.591615165174
2019-11-24 15:00:00+00:00,7024.0,6588.352322493296,6766.010940390859
2019-11-24 16:00:00+00:00,7324.0,7023.862707069658,7173.9769514776435
2019-11-24 17:00:00+00:00,7376.0,7206.425890289291,7379.387159137276
2019-11-24 18:00:00+00:00,7068.000000000001,7122.805796964811,7296.627762826884
2019-11-24 19:00:00+00:00,6758.000000000002,6792.173355197081,6978.370755120764
2019-11-24 20:00:00+00:00,6439.0,6477.782239849288,6658.60972439831
2019-11-24 21:00:00+00:00,6510.0,6259.247578624769,6442.382594989137
2019-11-24 22:00:00+00:00,6101.0,6254.588631797172,6389.408708649829
2019-11-24 23:00:00+00:00,5856.000000000001,5923.430629846446,6023.658636644491
2019-11-25 00:00:00+00:00,5684.000000000001,5894.809869841132,5792.423896446606
2019-11-25 01:00:00+00:00,5654.000000000001,5798.96138341108,5636.898854382937
2019-11-25 02:00:00+00:00,5598.000000000001,5821.945476588578,5591.7013819821905
2019-11-25 03:00:00+00:00,5844.0,5873.951364778438,5604.55780728923
2019-11-25 04:00:00+00:00,6577.000000000001,6233.107344298306,5950.7330182453525
2019-11-25 05:00:00+00:00,7851.0,7051.32484703306,6753.180356414869
2019-11-25 06:00:00+00:00,8888.0,8252.828268308282,7907.621266210797
2019-11-25 07:00:00+00:00,9195.000000000002,9124.572689126224,8753.856501348973
2019-11-25 08:00:00+00:00,9231.000000000002,9293.042434258967,9000.64717747359
2019-11-25 09:00:00+00:00,9312.0,9272.432638214983,9051.988838412773
2019-11-25 10:00:00+00:00,9320.0,9277.971026274203,9122.80176430885
2019-11-25 11:00:00+00:00,9137.0,9153.319481952029,9056.406186457998
2019-11-25 12:00:00+00:00,9175.0,8931.98141277828,8892.029442263629
2019-11-25 13:00:00+00:00,9146.000000000002,8873.090720455362,8904.975908108912
2019-11-25 14:00:00+00:00,9180.0,8816.068942734835,8909.003426933916
2019-11-25 15:00:00+00:00,9415.0,8923.625728197405,9041.42486169364
2019-11-25 16:00:00+00:00,9434.0,9175.073872404586,9293.506982775614
2019-11-25 17:00:00+00:00,9197.0,9144.963814789144,9286.369458357045
2019-11-25 18:00:00+00:00,8643.0,8823.859612194961,8979.095450465336
2019-11-25 19:00:00+00:00,8048.000000000001,8262.764899971859,8435.142129924776
2019-11-25 20:00:00+00:00,7422.0,7674.704273586401,7851.155492312591
2019-11-25 21:00:00+00:00,7185.0,7172.707502655102,7337.343921614321
2019-11-25 22:00:00+00:00,6656.000000000001,6913.242182117599,7038.998835552622
2019-11-25 23:00:00+00:00,6305.000000000002,6484.9798669123775,6567.868290500806
2019-11-26 00:00:00+00:00,6086.000000000001,6229.791828141915,6251.899759920787
2019-11-26 01:00:00+00:00,5958.000000000002,6114.155983685678,6071.085769102434
2019-11-26 02:00:00+00:00,5891.0,6037.6131834908165,5957.394618031161
2019-11-26 03:00:00+00:00,6086.000000000001,6126.44911877865,5960.7306407057595
2019-11-26 04:00:00+00:00,6844.0,6493.975118853687,6302.538456964018
2019-11-26 05:00:00+00:00,8015.0,7401.568744321742,7193.929354181815
2019-11-26 06:00:00+00:00,9058.0,8552.11689420763,8305.643392246866
2019-11-26 07:00:00+00:00,9306.0,9403.583025982638,9133.046567837091
2019-11-26 08:00:00+00:00,9267.0,9514.565713644917,9304.01870387985
2019-11-26 09:00:00+00:00,9358.0,9456.52377091036,9277.31522271442
2019-11-26 10:00:00+00:00,9410.0,9466.935914806147,9336.876371336704
2019-11-26 11:00:00+00:00,9220.000000000002,9403.610018126481,9315.386595278667
2019-11-26 12:00:00+00:00,9211.0,9236.230915026646,9181.155087990683
2019-11-26 13:00:00+00:00,9160.000000000002,9150.82361234998,9166.75748905824
2019-11-26 14:00:00+00:00,9197.0,9060.42167175661,9142.998310377545
2019-11-26 15:00:00+00:00,9413.0,9110.734647495712,9255.420846618184
2019-11-26 16:00:00+00:00,9541.0,9340.234607370287,9454.75972563599
2019-11-26 17:00:00+00:00,9285.0,9363.494324664247,9488.443160057714
2019-11-26 18:00:00+00:00,8727.0,9025.617216482147,9137.140561380249
2019-11-26 19:00:00+00:00,8228.0,8446.93885375127,8571.600202139687
2019-11-26 20:00:00+00:00,7659.000000000002,7915.618153894496,8036.939056955387
2019-11-26 21:00:00+00:00,7357.0,7433.234734250774,7552.109048370819
2019-11-26 22:00:00+00:00,6815.000000000001,7112.091612149769,7195.590846175462
2019-11-26 23:00:00+00:00,6487.999999999999,6647.407779268495,6695.639483089518
2019-11-27 00:00:00+00:00,6252.000000000001,6394.226221686724,6390.329257928805
2019-11-27 01:00:00+00:00,6113.999999999999,6245.6420082075965,6192.9258917325305
2019-11-27 02:00:00+00:00,6001.000000000001,6177.570070068918,6066.245513689174
2019-11-27 03:00:00+00:00,6218.0,6179.4374321491905,6035.0455294569965
2019-11-27 04:00:00+00:00,6964.0,6558.150603881672,6381.567976722702
2019-11-27 05:00:00+00:00,8158.000000000001,7453.933420387719,7266.451648555798
2019-11-27 06:00:00+00:00,9207.0,8634.6982822248,8423.031207453312
2019-11-27 07:00:00+00:00,9436.000000000002,9522.294813482958,9271.083516601962
2019-11-27 08:00:00+00:00,9485.000000000002,9650.68350527143,9437.529815847625
2019-11-27 09:00:00+00:00,9606.0,9621.672510223829,9505.611652045092
2019-11-27 10:00:00+00:00,9668.000000000002,9738.861540537579,9607.140321122159
2019-11-27 11:00:00+00:00,9499.0,9725.901559286947,9610.425511729689
2019-11-27 12:00:00+00:00,9478.0,9572.962931917722,9487.48955413594
2019-11-27 13:00:00+00:00,9370.000000000002,9486.766074619396,9461.82526317711
2019-11-27 14:00:00+00:00,9321.000000000002,9323.626912889831,9389.22742130213
2019-11-27 15:00:00+00:00,9595.0,9333.21576793543,9412.46725565435
2019-11-27 16:00:00+00:00,9667.0,9501.693511904828,9633.072611945112
2019-11-27 17:00:00+00:00,9386.0,9455.821301344351,9609.78662150168
2019-11-27 18:00:00+00:00,8799.0,9063.52232962058,9239.797354620381
2019-11-27 19:00:00+00:00,8318.0,8470.252585028937,8659.827671500638
2019-11-27 20:00:00+00:00,7678.000000000002,7958.317282751083,8149.499811421427
2019-11-27 21:00:00+00:00,7428.0,7410.257141524038,7601.515360381039
2019-11-27 22:00:00+00:00,6891.000000000001,7115.179881460391,7271.476182594868
2019-11-27 23:00:00+00:00,6496.000000000002,6667.4528355467955,6780.8021014149535
2019-11-28 00:00:00+00:00,6218.0,6368.261702931426,6415.008410016185
2019-11-28 01:00:00+00:00,6087.0,6182.978447682423,6177.965813921016
2019-11-28 02:00:00+00:00,6038.0,6162.35230063016,6050.723733693767
2019-11-28 03:00:00+00:00,6229.0,6256.901182123644,6079.40961261047
2019-11-28 04:00:00+00:00,6914.0,6594.288677875474,6395.325425485199
2019-11-28 05:00:00+00:00,8167.0,7448.401797127862,7223.530055337135
2019-11-28 06:00:00+00:00,9168.000000000002,8671.987641144193,8419.752150996961
2019-11-28 07:00:00+00:00,9347.0,9518.117861719047,9225.660840709328
2019-11-28 08:00:00+00:00,9313.000000000002,9606.79566119084,9355.226595819646
2019-11-28 09:00:00+00:00,9425.000000000002,9527.699528815185,9359.12764342235
2019-11-28 10:00:00+00:00,9485.000000000002,9638.93643940613,9433.227654257684
2019-11-28 11:00:00+00:00,9279.0,9611.096007599566,9428.217848407472
2019-11-28 12:00:00+00:00,9229.0,9366.072718411178,9273.118065547516
2019-11-28 13:00:00+00:00,9182.000000000002,9187.571845530478,9212.769185791582
2019-11-28 14:00:00+00:00,9187.000000000002,9103.454109952052,9182.830115207375
2019-11-28 15:00:00+00:00,9468.000000000002,9152.422150253129,9259.921901645583
2019-11-28 16:00:00+00:00,9582.0,9358.02084709697,9501.309269001058
2019-11-28 17:00:00+00:00,9271.0,9386.593350977579,9516.150291675507
2019-11-28 18:00:00+00:00,8698.0,8996.011876755609,9137.214245788802
2019-11-28 19:00:00+00:00,8215.000000000002,8431.17913025314,8574.865591197628
2019-11-28 20:00:00+00:00,7708.000000000002,7908.667179000273,8066.216793260812
2019-11-28 21:00:00+00:00,7482.0,7490.052580969804,7617.996873015009
2019-11-28 22:00:00+00:00,6959.000000000001,7235.754639085397,7310.766884299869
2019-11-28 23:00:00+00:00,6513.0,6789.2679852006395,6828.407076127941
2019-11-29 00:00:00+00:00,6268.0,6404.580408610063,6424.509064575883
2019-11-29 01:00:00+00:00,6139.0,6266.7262798167185,6210.880487909487
2019-11-29 02:00:00+00:00,6017.000000000001,6223.419661695067,6105.923634122181
2019-11-29 03:00:00+00:00,6167.0,6218.247059402324,6069.180981952378
2019-11-29 04:00:00+00:00,6869.000000000001,6539.354731532802,6364.449919846617
2019-11-29 05:00:00+00:00,8040.000000000001,7379.848380668108,7178.75450004342
2019-11-29 06:00:00+00:00,9028.0,8535.945939157713,8314.798645009438
2019-11-29 07:00:00+00:00,9251.0,9379.898309427263,9100.36145957604
2019-11-29 08:00:00+00:00,9308.0,9537.324263738272,9262.948595524545
2019-11-29 09:00:00+00:00,9254.0,9575.240099498855,9313.575454354284
2019-11-29 10:00:00+00:00,9206.000000000002,9426.302251042629,9262.464778366983
2019-11-29 11:00:00+00:00,9013.0,9354.484337148651,9168.038607077924
2019-11-29 12:00:00+00:00,8849.000000000002,9106.527004387042,8978.642886032283
2019-11-29 13:00:00+00:00,8695.0,8840.900825721008,8827.924323646701
2019-11-29 14:00:00+00:00,8713.0,8671.146468075265,8729.547631986943
2019-11-29 15:00:00+00:00,9029.000000000002,8725.977856133331,8821.872605723272
2019-11-29 16:00:00+00:00,9216.0,8982.876295429922,9100.722061666298
2019-11-29 17:00:00+00:00,8977.000000000002,9041.752056754738,9172.710828485313
2019-11-29 18:00:00+00:00,8503.0,8697.030707400392,8832.221801121335
2019-11-29 19:00:00+00:00,8000.000000000002,8198.952206793876,8348.48946945855
2019-11-29 20:00:00+00:00,7486.000000000001,7689.97081110659,7841.8043872496955
2019-11-29 21:00:00+00:00,7323.000000000002,7261.7919667387605,7413.545654018148
2019-11-29 22:00:00+00:00,6905.000000000001,7061.034789009187,7164.841887605923
2019-11-29 23:00:00+00:00,6636.0,6704.214388325577,6752.019268959387
2019-11-30 00:00:00+00:00,6359.000000000001,6329.746417720808,6478.01184917298
2019-11-30 01:00:00+00:00,6209.000000000001,6148.359970751549,6237.8200697721595
2019-11-30 02:00:00+00:00,6039.000000000001,6073.086124197612,6095.733997731255
2019-11-30 03:00:00+00:00,6116.000000000001,6028.363570350059,5983.917956147113
2019-11-30 04:00:00+00:00,6456.0,6249.695624001876,6144.701441387569
2019-11-30 05:00:00+00:00,6883.000000000001,6724.53536676812,6559.198287911399
2019-11-30 06:00:00+00:00,7534.0,7276.549686338971,7072.895559555906
2019-11-30 07:00:00+00:00,7919.0,7892.087026111124,7650.4913722907995
2019-11-30 08:00:00+00:00,8118.0,8166.661591534559,7980.427660854969
2019-11-30 09:00:00+00:00,8162.0,8307.088286995962,8137.8667123823125
2019-11-30 10:00:00+00:00,8164.000000000002,8319.562588455088,8177.208231090595
2019-11-30 11:00:00+00:00,7991.000000000001,8211.829589182484,8115.667489414888
2019-11-30 12:00:00+00:00,7811.000000000001,7981.471664221322,7948.168215578166
2019-11-30 13:00:00+00:00,7773.000000000001,7747.944998819187,7795.209675078794
2019-11-30 14:00:00+00:00,7918.000000000002,7670.048884616554,7780.8811379437175
2019-11-30 15:00:00+00:00,8318.0,7814.018302665361,7970.416087086125
2019-11-30 16:00:00+00:00,8636.000000000002,8191.366460923634,8320.538235107948
2019-11-30 17:00:00+00:00,8470.0,8360.702446001007,8503.274275362532
2019-11-30 18:00:00+00:00,7991.000000000001,8108.195042264462,8240.106958075026
2019-11-30 19:00:00+00:00,7703.0,7639.576833318277,7770.469601829182
2019-11-30 20:00:00+00:00,7338.0,7317.819250016061,7449.24386469483
2019-11-30 21:00:00+00:00,7314.000000000001,7017.6963416049275,7164.8426723668845
2019-11-30 22:00:00+00:00,6879.0,6927.759168924957,7037.112836573239
2019-11-30 23:00:00+00:00,6620.0,6558.957001198662,6634.012305606185
2019-12-01 00:00:00+00:00,6364.000000000001,6369.475713468488,6372.681654682736
2019-12-01 01:00:00+00:00,6271.000000000001,6170.448795296185,6154.297122851714
2019-12-01 02:00:00+00:00,6094.000000000001,6120.595183441143,6045.695558490291
2019-12-01 03:00:00+00:00,6097.000000000001,6050.835800798273,5917.209667063914
2019-12-01 04:00:00+00:00,6255.000000000001,6162.411812103692,5978.730834197349
2019-12-01 05:00:00+00:00,6436.000000000002,6391.7543659463645,6175.57050010243
2019-12-01 06:00:00+00:00,6949.000000000002,6684.261684855957,6456.135724155877
2019-12-01 07:00:00+00:00,7219.000000000001,7163.441659196366,6928.528433530306
2019-12-01 08:00:00+00:00,7455.0,7407.950147309028,7191.737533087676
2019-12-01 09:00:00+00:00,7545.0,7578.169568026383,7414.182792390701
2019-12-01 10:00:00+00:00,7635.0,7562.8591335952615,7513.922611744086
2019-12-01 11:00:00+00:00,7458.0,7525.386103762039,7524.053894613883
2019-12-01 12:00:00+00:00,7259.000000000001,7326.014308510761,7333.723021229589
2019-12-01 13:00:00+00:00,7185.0,7154.185732684543,7162.115231535703
2019-12-01 14:00:00+00:00,7220.0,7063.952877128253,7125.823701584222
2019-12-01 15:00:00+00:00,7568.000000000001,7128.656664637162,7265.7718491176165
2019-12-01 16:00:00+00:00,7811.999999999999,7446.094592731174,7605.540529055724
2019-12-01 17:00:00+00:00,7810.0,7578.079933718772,7782.619690911358
2019-12-01 18:00:00+00:00,7508.000000000001,7453.043332751225,7683.293678361171
2019-12-01 19:00:00+00:00,7194.000000000001,7122.415501567752,7377.496137056274
2019-12-01 20:00:00+00:00,6817.000000000001,6797.192276724604,7055.225608303041
2019-12-01 21:00:00+00:00,6855.000000000001,6521.835284713161,6790.2555922596575
2019-12-01 22:00:00+00:00,6468.000000000001,6483.774511096846,6703.585971149282
2019-12-01 23:00:00+00:00,6264.000000000002,6186.209896604368,6350.446885917566
2019-12-02 00:00:00+00:00,6047.000000000001,6199.766370231632,6146.660615698726
2019-12-02 01:00:00+00:00,5958.000000000002,6060.370139919195,5974.003070577402
2019-12-02 02:00:00+00:00,5906.000000000001,6036.971416334043,5883.907846504399
2019-12-02 03:00:00+00:00,6146.000000000001,6097.470850072765,5894.894040037092
2019-12-02 04:00:00+00:00,6991.0,6459.587491211568,6229.457050896223
2019-12-02 05:00:00+00:00,8256.000000000002,7349.812751463711,7118.546873678706
2019-12-02 06:00:00+00:00,9380.0,8551.601936828138,8294.623678683645
2019-12-02 07:00:00+00:00,9847.0,9506.220979490272,9203.152994006437
2019-12-02 08:00:00+00:00,9955.0,9904.277528553319,9571.9844710365
2019-12-02 09:00:00+00:00,10085.000000000002,9994.283919587664,9674.674987047581
2019-12-02 10:00:00+00:00,10182.0,10070.721680490242,9779.001901685908
2019-12-02 11:00:00+00:00,10060.0,10062.110821929558,9800.710346846903
2019-12-02 12:00:00+00:00,10021.0,9901.153576839424,9703.745282933698
2019-12-02 13:00:00+00:00,9931.0,9801.845444872672,9663.98381086517
2019-12-02 14:00:00+00:00,9959.0,9680.202765839316,9607.554711127228
2019-12-02 15:00:00+00:00,10269.0,9708.984875040649,9701.739008965973
2019-12-02 16:00:00+00:00,10403.0,9909.410950828109,9952.346909376096
2019-12-02 17:00:00+00:00,10216.000000000002,9927.084452297657,10003.809170177728
2019-12-02 18:00:00+00:00,9623.0,9642.624333221165,9733.229640280495
2019-12-02 19:00:00+00:00,9049.0,9040.966018679792,9154.975561595014
2019-12-02 20:00:00+00:00,8488.000000000002,8455.659873622291,8579.697908601805
2019-12-02 21:00:00+00:00,8264.0,8003.942065729802,8123.0135837368125
2019-12-02 22:00:00+00:00,7710.999999999999,7733.728848406513,7823.631136397592
2019-12-02 23:00:00+00:00,7345.000000000002,7275.384458271864,7331.671303942236
2019-12-03 00:00:00+00:00,7127.0,6999.066149484572,7002.521129069744
2019-12-03 01:00:00+00:00,7039.000000000002,6856.964529105542,6810.066498188962
2019-12-03 02:00:00+00:00,6938.000000000002,6834.868226133687,6728.176884620309
2019-12-03 03:00:00+00:00,7086.0,6870.020168099305,6711.121840157805
2019-12-03 04:00:00+00:00,7794.0,7222.587599298656,7035.329845970419
2019-12-03 05:00:00+00:00,9089.000000000002,8097.524257406237,7885.544591146012
2019-12-03 06:00:00+00:00,10144.0,9378.472611893281,9131.200873691834
2019-12-03 07:00:00+00:00,10406.0,10283.216088817704,9992.012207966472
2019-12-03 08:00:00+00:00,10334.0,10415.270214590568,10185.180134046168
2019-12-03 09:00:00+00:00,10311.0,10357.712422594344,10160.291125698814
2019-12-03 10:00:00+00:00,10195.0,10318.402440101045,10161.137924054738
2019-12-03 11:00:00+00:00,9979.000000000002,10144.877341324755,10028.704330764702
2019-12-03 12:00:00+00:00,9900.000000000002,9925.05588385247,9865.098240193314
2019-12-03 13:00:00+00:00,9907.0,9777.676513774088,9789.987509598684
2019-12-03 14:00:00+00:00,10008.0,9727.062602065453,9804.633147022847
2019-12-03 15:00:00+00:00,10393.0,9825.46326451464,9945.512773533874
2019-12-03 16:00:00+00:00,10613.0,10166.747519665549,10264.333545375759
2019-12-03 17:00:00+00:00,10415.0,10255.40872335739,10360.914421454358
2019-12-03 18:00:00+00:00,9818.000000000002,9946.813459636116,10059.075848808034
2019-12-03 19:00:00+00:00,9223.000000000002,9342.298072962802,9477.026148360059
2019-12-03 20:00:00+00:00,8624.0,8742.135600850303,8883.48425513293
2019-12-03 21:00:00+00:00,8332.0,8226.149631858028,8365.812940741902
2019-12-03 22:00:00+00:00,7795.000000000001,7904.81797465132,8001.063017445582
2019-12-03 23:00:00+00:00,7485.0,7450.363703047712,7513.204442759601
2019-12-04 00:00:00+00:00,7223.0,7248.872764750423,7221.662049045866
2019-12-04 01:00:00+00:00,7119.0,7040.019538022535,6994.8203922225075
2019-12-04 02:00:00+00:00,7027.000000000001,6995.572896453237,6888.158401094039
2019-12-04 03:00:00+00:00,7176.0,7028.976948085841,6875.003767002424
2019-12-04 04:00:00+00:00,7860.000000000001,7367.15454344037,7187.044942688555
2019-12-04 05:00:00+00:00,9064.000000000002,8226.630390666493,8026.388475244943
2019-12-04 06:00:00+00:00,10077.000000000002,9432.491090438607,9200.978188507903
2019-12-04 07:00:00+00:00,10234.0,10274.709197303284,10011.441112791657
2019-12-04 08:00:00+00:00,10052.0,10275.740664244653,10131.165505635212
2019-12-04 09:00:00+00:00,9830.0,10084.31880060424,10019.658978624295
2019-12-04 10:00:00+00:00,9628.0,9843.82462898763,9859.88984286611
2019-12-04 11:00:00+00:00,9351.000000000002,9585.564006240895,9661.187698795828
2019-12-04 12:00:00+00:00,9335.000000000002,9340.530519901076,9447.22945728397
2019-12-04 13:00:00+00:00,9411.000000000002,9256.336654850824,9414.409434478728
2019-12-04 14:00:00+00:00,9574.0,9286.646375175636,9468.151998333184
2019-12-04 15:00:00+00:00,10107.000000000002,9483.498323091258,9671.825809410928
2019-12-04 16:00:00+00:00,10264.0,9964.81904759396,10094.810645147738
2019-12-04 17:00:00+00:00,10050.000000000002,9988.288758352315,10139.180874698159
2019-12-04 18:00:00+00:00,9460.000000000002,9658.857385402822,9819.42826930241
2019-12-04 19:00:00+00:00,8902.0,9069.41296515475,9244.45264096173
2019-12-04 20:00:00+00:00,8318.0,8500.450996960657,8661.02596772408
2019-12-04 21:00:00+00:00,8089.000000000001,8001.794796699934,8159.527427852
2019-12-04 22:00:00+00:00,7580.0,7731.306447388248,7843.2818605893335
2019-12-04 23:00:00+00:00,7254.000000000001,7294.161369888962,7366.684984098837
2019-12-05 00:00:00+00:00,7001.000000000002,7034.492328699045,7051.620429370682
2019-12-05 01:00:00+00:00,6878.000000000002,6870.926798116323,6831.538964679118
2019-12-05 02:00:00+00:00,6824.0,6829.380676743718,6724.304690341353
2019-12-05 03:00:00+00:00,6984.000000000001,6898.249924685369,6733.955212456203
2019-12-05 04:00:00+00:00,7658.000000000001,7247.395612335665,7040.073483593132
2019-12-05 05:00:00+00:00,8820.0,8105.8685520225945,7876.872621166761
2019-12-05 06:00:00+00:00,9889.000000000002,9273.649721964559,9007.7947042727
2019-12-05 07:00:00+00:00,10180.0,10171.996753290798,9841.480632482833
2019-12-05 08:00:00+00:00,10146.0,10244.730138596893,10034.858639230104
2019-12-05 09:00:00+00:00,10016.0,10132.918307962838,10015.312176837122
2019-12-05 10:00:00+00:00,9935.000000000002,9946.606851074852,9916.339482735646
2019-12-05 11:00:00+00:00,9757.0,9755.59767598598,9794.70924970182
2019-12-05 12:00:00+00:00,9701.0,9570.610514496635,9652.681846078947
2019-12-05 13:00:00+00:00,9704.0,9468.514793765338,9607.954554568161
2019-12-05 14:00:00+00:00,9809.0,9479.552286438877,9623.579392282649
2019-12-05 15:00:00+00:00,10143.0,9625.631942519001,9797.322819680738
2019-12-05 16:00:00+00:00,10171.0,9938.237613488764,10077.5880238267
2019-12-05 17:00:00+00:00,9882.0,9868.289497429527,10019.931694305438
2019-12-05 18:00:00+00:00,9298.0,9478.584143092754,9648.37117895961
2019-12-05 19:00:00+00:00,8795.0,8874.115896757414,9080.244068234466
2019-12-05 20:00:00+00:00,8230.0,8360.45967414595,8564.929634385502
2019-12-05 21:00:00+00:00,8016.000000000001,7890.194710274486,8086.998875587278
2019-12-05 22:00:00+00:00,7501.0,7629.344990311424,7786.7213188207
2019-12-05 23:00:00+00:00,7126.000000000001,7183.288821342779,7294.349500613175
2019-12-06 00:00:00+00:00,6869.000000000001,6917.720072475122,6950.52368823515
2019-12-06 01:00:00+00:00,6765.000000000001,6727.92924053721,6726.465689108588
2019-12-06 02:00:00+00:00,6659.999999999999,6690.623327103412,6621.5600228098465
2019-12-06 03:00:00+00:00,6818.000000000002,6715.6242633937845,6586.377550140456
2019-12-06 04:00:00+00:00,7511.000000000001,7058.459550742918,6893.655579898471
2019-12-06 05:00:00+00:00,8657.0,7907.126525137249,7724.901274409233
2019-12-06 06:00:00+00:00,9760.000000000002,9070.030717726699,8845.732591286665
2019-12-06 07:00:00+00:00,10092.0,9996.632458994933,9723.379804384278
2019-12-06 08:00:00+00:00,10086.0,10183.081310966778,9976.285333843492
2019-12-06 09:00:00+00:00,10073.0,10100.593097101359,9951.225564906807
2019-12-06 10:00:00+00:00,9908.000000000002,10016.714654843401,9925.951519686048
2019-12-06 11:00:00+00:00,9636.0,9778.386311783399,9752.626383467912
2019-12-06 12:00:00+00:00,9441.000000000002,9504.545793276504,9515.657063760555
2019-12-06 13:00:00+00:00,9344.0,9274.895377330708,9341.77163142987
2019-12-06 14:00:00+00:00,9392.000000000002,9195.611808014713,9281.96627963717
2019-12-06 15:00:00+00:00,9797.0,9290.975577722164,9405.56788023762
2019-12-06 16:00:00+00:00,9962.000000000002,9664.639277233126,9742.741768871925
2019-12-06 17:00:00+00:00,9674.0,9709.780126468075,9794.464077510358
2019-12-06 18:00:00+00:00,9050.0,9341.076587131463,9443.817491239257
2019-12-06 19:00:00+00:00,8519.0,8719.526728888852,8846.460569229297
2019-12-06 20:00:00+00:00,7991.000000000001,8175.3146285468865,8310.585439845141
2019-12-06 21:00:00+00:00,7805.000000000001,7731.128764825768,7873.539421681165
2019-12-06 22:00:00+00:00,7351.0,7504.377081477597,7614.302875221184
2019-12-06 23:00:00+00:00,6988.0,7115.3542929496825,7198.325892170084
2019-12-07 00:00:00+00:00,6725.000000000001,6711.242599654039,6856.6428434976215
2019-12-07 01:00:00+00:00,6560.0,6495.537994219175,6625.4307411096215
2019-12-07 02:00:00+00:00,6383.000000000001,6390.334901240747,6462.216200555052
2019-12-07 03:00:00+00:00,6386.000000000001,6342.530960977885,6359.375886472278
2019-12-07 04:00:00+00:00,6655.0,6502.121217207371,6481.951465079074
2019-12-07 05:00:00+00:00,7013.0,6904.553874064886,6851.850478809712
2019-12-07 06:00:00+00:00,7725.0,7408.209838753307,7328.4727975745245
2019-12-07 07:00:00+00:00,8207.000000000002,8066.411736787644,7953.767288604877
2019-12-07 08:00:00+00:00,8484.0,8443.052047752744,8347.192820845867
2019-12-07 09:00:00+00:00,8550.0,8615.569687669202,8558.483009760062
2019-12-07 10:00:00+00:00,8476.0,8628.206195742287,8594.698513290485
2019-12-07 11:00:00+00:00,8303.000000000002,8532.372779076195,8484.969683504964
2019-12-07 12:00:00+00:00,8135.0,8315.542267569042,8306.908378524458
2019-12-07 13:00:00+00:00,8066.0,8122.598197752132,8168.2708483259385
2019-12-07 14:00:00+00:00,8149.000000000001,7992.332888085699,8149.923641499733
2019-12-07 15:00:00+00:00,8360.000000000002,8081.0349875485135,8321.301570365327
2019-12-07 16:00:00+00:00,8534.0,8289.920312407196,8552.203636845337
2019-12-07 17:00:00+00:00,8310.0,8343.311944606005,8625.025029651319
2019-12-07 18:00:00+00:00,7785.0,8012.8970170420325,8317.271275721652
2019-12-07 19:00:00+00:00,7396.000000000001,7502.15359237783,7833.311393197194
2019-12-07 20:00:00+00:00,7017.000000000001,7098.694993518497,7434.2625064349695
2019-12-07 21:00:00+00:00,6982.000000000002,6800.526523453709,7136.526634129672
2019-12-07 22:00:00+00:00,6546.0,6701.112932380933,6989.508055821139
2019-12-07 23:00:00+00:00,6225.000000000001,6341.749953700575,6589.596299669027
2019-12-08 00:00:00+00:00,5950.000000000002,5800.224018818467,6282.45462867385
2019-12-08 01:00:00+00:00,5809.0,5616.897559385443,6049.066795517619
2019-12-08 02:00:00+00:00,5646.0,5536.620958682717,5896.570635909156
2019-12-08 03:00:00+00:00,5692.0,5484.689437863845,5777.446093135187
2019-12-08 04:00:00+00:00,5911.000000000001,5648.838172964613,5863.120839972202
2019-12-08 05:00:00+00:00,6120.0,5977.024283265581,6087.355524309509
2019-12-08 06:00:00+00:00,6688.0,6335.986022780276,6397.279937602121
2019-12-08 07:00:00+00:00,6998.000000000001,6893.9681068716945,6905.28243395179
2019-12-08 08:00:00+00:00,7274.000000000002,7072.744936789547,7201.18485477565
2019-12-08 09:00:00+00:00,7377.000000000001,7217.932408693679,7426.955552059735
2019-12-08 10:00:00+00:00,7400.0,7237.547178050779,7514.871763587609
2019-12-08 11:00:00+00:00,7158.000000000001,7149.502657894165,7483.2420206817515
2019-12-08 12:00:00+00:00,6975.0,6865.444183247183,7252.728279016658
2019-12-08 13:00:00+00:00,6900.000000000002,6650.057106320837,7098.031743098835
2019-12-08 14:00:00+00:00,7044.000000000001,6577.9924762001465,7056.026322569618
2019-12-08 15:00:00+00:00,7527.000000000001,6766.5727333434525,7247.171414777043
2019-12-08 16:00:00+00:00,7861.000000000002,7258.9216330858,7664.101798902119
2019-12-08 17:00:00+00:00,7899.000000000002,7463.663732240326,7892.21306943394
2019-12-08 18:00:00+00:00,7590.000000000001,7370.977184956495,7820.030111227491
2019-12-08 19:00:00+00:00,7253.0,7030.129138190732,7500.645137530558
2019-12-08 20:00:00+00:00,6910.000000000001,6680.155730899252,7148.882289966945
2019-12-08 21:00:00+00:00,6959.000000000001,6432.990802635384,6901.551052278052
2019-12-08 22:00:00+00:00,6618.000000000001,6407.6179253363025,6827.328904804347
2019-12-08 23:00:00+00:00,6353.000000000001,6122.703470105794,6511.5304636880555
2019-12-09 00:00:00+00:00,6168.000000000001,6365.4243964722245,6252.532067117225
2019-12-09 01:00:00+00:00,6088.000000000001,6243.739831435411,6088.063647035532
2019-12-09 02:00:00+00:00,6012.000000000001,6222.954435151611,6006.516549809384
2019-12-09 03:00:00+00:00,6245.000000000002,6257.40502640753,6001.990781432892
2019-12-09 04:00:00+00:00,7028.000000000001,6607.7115982901005,6358.418521729174
2019-12-09 05:00:00+00:00,8330.000000000002,7457.798805034874,7202.2945311705535
2019-12-09 06:00:00+00:00,9447.000000000002,8683.96939335383,8427.141336349545
2019-12-09 07:00:00+00:00,9842.000000000002,9641.63014350565,9365.483594760204
2019-12-09 08:00:00+00:00,9938.000000000002,9980.905376375069,9698.78089294439
2019-12-09 09:00:00+00:00,10048.0,10062.845211898659,9803.418044894253
2019-12-09 10:00:00+00:00,10131.0,10125.589012492102,9905.695218565352
2019-12-09 11:00:00+00:00,10031.000000000002,10100.99927805945,9924.344873632223
2019-12-09 12:00:00+00:00,10023.0,9899.165167832869,9829.462009204186
2019-12-09 13:00:00+00:00,9908.000000000002,9786.559104182657,9800.2989703706
2019-12-09 14:00:00+00:00,9906.0,9635.754832968794,9732.60479969358
2019-12-09 15:00:00+00:00,10117.0,9698.64085949519,9829.947547399213
2019-12-09 16:00:00+00:00,10201.0,9869.330040389284,10037.496899140491
2019-12-09 17:00:00+00:00,9969.0,9876.794787562818,10065.165007339336
2019-12-09 18:00:00+00:00,9363.0,9591.878951647563,9753.15162897755
2019-12-09 19:00:00+00:00,8714.0,8990.27300453822,9167.73457510674
2019-12-09 20:00:00+00:00,8071.000000000002,8382.269079298832,8552.794952553877
2019-12-09 21:00:00+00:00,7802.0,7802.69515042159,8039.177809672484
2019-12-09 22:00:00+00:00,7280.0,7532.629928089316,7705.351906962196
2019-12-09 23:00:00+00:00,6975.0,7076.213833133023,7228.4958689760615
2019-12-10 00:00:00+00:00,6705.000000000001,6842.721120096606,6946.781113780117
2019-12-10 01:00:00+00:00,6595.0,6677.712463483937,6724.67897324951
2019-12-10 02:00:00+00:00,6568.0,6636.976551242296,6617.945594182665
2019-12-10 03:00:00+00:00,6813.0,6712.8790689745865,6645.35496900591
2019-12-10 04:00:00+00:00,7545.0,7120.044948681049,7026.174976133652
2019-12-10 05:00:00+00:00,8716.0,8048.772191955736,7921.526212429749
2019-12-10 06:00:00+00:00,9847.0,9224.528244039137,9077.804281288958
2019-12-10 07:00:00+00:00,10063.000000000002,10197.630040727016,9991.778752621454
2019-12-10 08:00:00+00:00,10034.0,10367.944627892797,10143.592806558732
2019-12-10 09:00:00+00:00,10060.0,10338.78844557582,10126.055500153008
2019-12-10 10:00:00+00:00,10027.0,10324.533451100047,10128.369940017994
2019-12-10 11:00:00+00:00,9882.0,10177.173536379232,10053.449374454314
2019-12-10 12:00:00+00:00,9882.0,9988.760068301111,9930.453981167348
2019-12-10 13:00:00+00:00,9873.0,9925.327299682938,9923.09218294707
2019-12-10 14:00:00+00:00,9982.000000000002,9873.031001508922,9936.443535102331
2019-12-10 15:00:00+00:00,10388.000000000002,9972.885099631736,10109.36070122129
2019-12-10 16:00:00+00:00,10617.0,10350.502916704167,10458.173460047059
2019-12-10 17:00:00+00:00,10414.0,10400.816252335622,10569.533789654859
2019-12-10 18:00:00+00:00,9826.000000000002,10107.41014768492,10255.287595627198
2019-12-10 19:00:00+00:00,9307.000000000002,9528.390477961277,9655.057731250537
2019-12-10 20:00:00+00:00,8748.000000000002,9017.783250009548,9105.242220104372
2019-12-10 21:00:00+00:00,8534.0,8513.048770922676,8615.6209234022
2019-12-10 22:00:00+00:00,8018.000000000001,8249.40097094655,8311.659095644913
2019-12-10 23:00:00+00:00,7676.0,7819.379968467915,7847.342800414439
2019-12-11 00:00:00+00:00,7448.000000000001,7590.669300485015,7523.2008017147255
2019-12-11 01:00:00+00:00,7348.0,7457.447017967835,7326.539674870847
2019-12-11 02:00:00+00:00,7265.999999999999,7415.416793291548,7232.706024897412
2019-12-11 03:00:00+00:00,7420.0,7426.594887044454,7220.798011073056
2019-12-11 04:00:00+00:00,8121.0,7692.571590501986,7526.045701847653
2019-12-11 05:00:00+00:00,9284.0,8549.691438128346,8370.518026495885
2019-12-11 06:00:00+00:00,10457.0,9718.60596710534,9513.629215009305
2019-12-11 07:00:00+00:00,10622.999999999998,10700.506705727275,10423.986256144657
2019-12-11 08:00:00+00:00,10403.0,10688.804754594184,10507.651928093115
2019-12-11 09:00:00+00:00,10180.0,10378.903088092417,10303.653423364878
2019-12-11 10:00:00+00:00,9978.0,10116.805825725813,10096.921056332225
2019-12-11 11:00:00+00:00,9723.0,9828.411041603633,9882.154654052609
2019-12-11 12:00:00+00:00,9641.0,9615.612254146645,9691.429448231864
2019-12-11 13:00:00+00:00,9715.0,9566.948539170757,9645.561481493452
2019-12-11 14:00:00+00:00,9924.000000000002,9615.888274983934,9740.72466272173
2019-12-11 15:00:00+00:00,10401.0,9863.167930483178,10031.474571596427
2019-12-11 16:00:00+00:00,10572.0,10325.740603819293,10430.935096666446
2019-12-11 17:00:00+00:00,10397.0,10380.867943187202,10498.60646986814
2019-12-11 18:00:00+00:00,9857.0,10079.060602205309,10207.659799020506
2019-12-11 19:00:00+00:00,9342.0,9518.811279650554,9659.93048430749
2019-12-11 20:00:00+00:00,8797.000000000002,8993.908613430305,9122.364825988201
2019-12-11 21:00:00+00:00,8576.000000000002,8517.72429303074,8659.699550596915
2019-12-11 22:00:00+00:00,8052.000000000002,8262.760412040665,8356.545465815923
2019-12-11 23:00:00+00:00,7722.0,7804.57414778282,7880.264176033777
2019-12-12 00:00:00+00:00,7472.000000000001,7520.646157456714,7569.856012264176
2019-12-12 01:00:00+00:00,7363.000000000001,7327.065064261739,7353.907335780898
2019-12-12 02:00:00+00:00,7230.000000000001,7231.165009067798,7256.761619780479
2019-12-12 03:00:00+00:00,7376.0,7227.072045630098,7202.540371633871
2019-12-12 04:00:00+00:00,8082.000000000002,7581.15906508357,7497.480823389795
2019-12-12 05:00:00+00:00,9204.000000000002,8443.551752528363,8336.581445860773
2019-12-12 06:00:00+00:00,10299.0,9600.422416329233,9463.818280772915
2019-12-12 07:00:00+00:00,10548.0,10534.563583277693,10339.628879896873
2019-12-12 08:00:00+00:00,10636.0,10687.764661023675,10499.230954133951
2019-12-12 09:00:00+00:00,10736.0,10680.908049403199,10521.1173421681
2019-12-12 10:00:00+00:00,10689.0,10718.977227108282,10563.225647404617
2019-12-12 11:00:00+00:00,10527.0,10594.353895611779,10473.896250339445
2019-12-12 12:00:00+00:00,10461.0,10401.12563600849,10337.469176191933
2019-12-12 13:00:00+00:00,10392.0,10300.19467721744,10295.2521526169
2019-12-12 14:00:00+00:00,10412.0,10211.098883480114,10281.397739531883
2019-12-12 15:00:00+00:00,10714.0,10265.848345300354,10398.969256722574
2019-12-12 16:00:00+00:00,10779.0,10472.899612378802,10639.662168477047
2019-12-12 17:00:00+00:00,10520.0,10436.875766930747,10616.597154055
2019-12-12 18:00:00+00:00,9926.0,10070.586629937061,10268.73963792704
2019-12-12 19:00:00+00:00,9328.0,9488.07401604508,9692.568493464314
2019-12-12 20:00:00+00:00,8663.000000000002,8909.322194389459,9098.81176949082
2019-12-12 21:00:00+00:00,8418.0,8370.387465325692,8550.338192679956
2019-12-12 22:00:00+00:00,7894.0,8128.054795712155,8227.708478938303
2019-12-12 23:00:00+00:00,7576.000000000001,7654.2719224515085,7742.552962443507
2019-12-13 00:00:00+00:00,7279.000000000001,7417.053360232503,7438.477795378571
2019-12-13 01:00:00+00:00,7150.000000000001,7218.947412609913,7191.043693434905
2019-12-13 02:00:00+00:00,7042.000000000002,7142.057060802852,7065.125554480885
2019-12-13 03:00:00+00:00,7185.0,7192.445882890848,7028.264277662726
2019-12-13 04:00:00+00:00,7867.0,7522.556388499113,7325.147600735793
2019-12-13 05:00:00+00:00,9032.000000000002,8294.97601239238,8140.274654941718
2019-12-13 06:00:00+00:00,10082.0,9511.736397448869,9299.968382636136
2019-12-13 07:00:00+00:00,10395.0,10407.455431231805,10157.158678256614
2019-12-13 08:00:00+00:00,10396.0,10572.337404049063,10392.803322081661
2019-12-13 09:00:00+00:00,10326.0,10525.665981770117,10398.520627185693
2019-12-13 10:00:00+00:00,10154.0,10378.530514892394,10310.546586675173
2019-12-13 11:00:00+00:00,9901.0,10182.47700051906,10117.489040325498
2019-12-13 12:00:00+00:00,9641.0,9928.67130597636,9887.495829346853
2019-12-13 13:00:00+00:00,9543.0,9671.091812380739,9671.632447134096
2019-12-13 14:00:00+00:00,9526.000000000002,9557.199619936504,9610.552683761662
2019-12-13 15:00:00+00:00,9853.000000000002,9569.358872171068,9701.603463303343
2019-12-13 16:00:00+00:00,9945.0,9803.055001596249,9979.787223623762
2019-12-13 17:00:00+00:00,9646.000000000002,9782.536823794295,9970.271305697055
2019-12-13 18:00:00+00:00,9025.0,9364.223082868739,9580.808650538276
2019-12-13 19:00:00+00:00,8515.0,8752.824341260211,8972.782373496106
2019-12-13 20:00:00+00:00,7959.000000000002,8207.717071951261,8441.897649880138
2019-12-13 21:00:00+00:00,7795.000000000001,7729.213510454594,7977.268214591261
2019-12-13 22:00:00+00:00,7274.000000000002,7513.644969076684,7726.304354367053
2019-12-13 23:00:00+00:00,6958.0,7076.318573328043,7246.604501452462
2019-12-14 00:00:00+00:00,6653.000000000001,6692.195514417767,6939.177564692649
2019-12-14 01:00:00+00:00,6494.0,6445.233237658946,6672.135068498596
2019-12-14 02:00:00+00:00,6345.000000000001,6351.058852241878,6511.657505636349
2019-12-14 03:00:00+00:00,6389.000000000001,6351.980434162065,6413.4730811689315
2019-12-14 04:00:00+00:00,6698.000000000002,6546.9510052586675,6551.1726219663915
2019-12-14 05:00:00+00:00,7108.0,7031.190477352268,6938.144754539426
2019-12-14 06:00:00+00:00,7800.999999999999,7550.143792315096,7461.100642779242
2019-12-14 07:00:00+00:00,8246.0,8183.709526813453,8090.279221112769
2019-12-14 08:00:00+00:00,8542.0,8505.08241706436,8472.540186333608
2019-12-14 09:00:00+00:00,8719.0,8789.18447065556,8697.824766327141
2019-12-14 10:00:00+00:00,8715.000000000002,8879.787241148673,8799.980098315356
2019-12-14 11:00:00+00:00,8411.0,8688.556087292312,8743.170171935972
2019-12-14 12:00:00+00:00,8051.000000000001,8348.075286381607,8466.208615811334
2019-12-14 13:00:00+00:00,7923.000000000001,8099.394029230007,8180.094498742773
2019-12-14 14:00:00+00:00,8049.000000000002,7945.544242590205,8101.0263869161845
2019-12-14 15:00:00+00:00,8375.0,8059.848302877251,8260.408723552462
2019-12-14 16:00:00+00:00,8596.0,8287.404726052318,8541.630927069169
2019-12-14 17:00:00+00:00,8390.000000000002,8339.540340552041,8636.630356207053
2019-12-14 18:00:00+00:00,7910.000000000002,8055.120520735529,8333.187579743366
2019-12-14 19:00:00+00:00,7480.0,7590.96395038813,7863.806944999685
2019-12-14 20:00:00+00:00,7042.000000000002,7152.561800978187,7429.7004682607385
2019-12-14 21:00:00+00:00,7057.000000000001,6848.471774270333,7088.064721036197
2019-12-14 22:00:00+00:00,6624.000000000001,6790.112136330449,6972.532920020275
2019-12-14 23:00:00+00:00,6271.000000000001,6450.990884219193,6566.062971401576
2019-12-15 00:00:00+00:00,5990.000000000001,6155.664935513741,6228.420260757795
2019-12-15 01:00:00+00:00,5889.000000000001,5983.898215881145,5981.524546507503
2019-12-15 02:00:00+00:00,5779.0,5930.144153211213,5863.377778726743
2019-12-15 03:00:00+00:00,5780.000000000001,5916.255911163882,5794.932001668485
2019-12-15 04:00:00+00:00,5965.0,6035.221207419386,5862.720350966197
2019-12-15 05:00:00+00:00,6153.0,6282.162042337067,6071.485378341391
2019-12-15 06:00:00+00:00,6781.0,6594.681023175993,6375.475397074533
2019-12-15 07:00:00+00:00,7235.999999999999,7182.813301119743,6932.76036278473
2019-12-15 08:00:00+00:00,7532.000000000001,7524.423655435588,7344.728690813316
2019-12-15 09:00:00+00:00,7689.000000000002,7742.972055710463,7596.256652384684
2019-12-15 10:00:00+00:00,7773.000000000001,7773.273693827742,7715.868713650367
2019-12-15 11:00:00+00:00,7600.0,7701.317130408289,7706.20338336489
2019-12-15 12:00:00+00:00,7349.0,7467.581712989036,7515.06449064196
2019-12-15 13:00:00+00:00,7223.0,7234.391572743597,7305.7327863515075
2019-12-15 14:00:00+00:00,7365.0,7130.51791731399,7251.265710427301
2019-12-15 15:00:00+00:00,7738.000000000002,7278.861431041924,7476.6299451207515
2019-12-15 16:00:00+00:00,7998.0,7673.511116854487,7834.198672351088
2019-12-15 17:00:00+00:00,8012.0,7833.337807252075,8017.240140265234
2019-12-15 18:00:00+00:00,7699.999999999999,7746.248209931266,7929.437469748906
2019-12-15 19:00:00+00:00,7407.999999999999,7414.203921412076,7600.145469724982
2019-12-15 20:00:00+00:00,7032.0,7104.852773600139,7283.77321964116
2019-12-15 21:00:00+00:00,7058.000000000001,6842.605981051364,7018.178174260289
2019-12-15 22:00:00+00:00,6700.999999999999,6806.3582009559395,6936.439556183756
2019-12-15 23:00:00+00:00,6476.000000000001,6498.169103459489,6594.288611933059
2019-12-16 00:00:00+00:00,6262.0,6462.778433748741,6370.6342755269125
2019-12-16 01:00:00+00:00,6163.000000000002,6317.077556693177,6189.6799686707245
2019-12-16 02:00:00+00:00,6115.0,6268.812749771428,6093.406102537274
2019-12-16 03:00:00+00:00,6297.0,6323.687811037198,6104.65215772489
2019-12-16 04:00:00+00:00,7074.000000000001,6638.064464347181,6408.633530166879
2019-12-16 05:00:00+00:00,8395.0,7473.540108825837,7253.873148390734
2019-12-16 06:00:00+00:00,9518.0,8733.725299732512,8495.860930299208
2019-12-16 07:00:00+00:00,9801.000000000002,9714.37610366882,9435.286138226806
2019-12-16 08:00:00+00:00,9791.0,9948.869173553112,9685.318844950336
2019-12-16 09:00:00+00:00,9760.000000000002,9866.738840608861,9712.078942570886
2019-12-16 10:00:00+00:00,9656.0,9799.700820319704,9712.446190848757
2019-12-16 11:00:00+00:00,9428.0,9628.13285026873,9603.111801434236
2019-12-16 12:00:00+00:00,9395.000000000002,9306.887410788062,9414.98970423933
2019-12-16 13:00:00+00:00,9419.000000000002,9239.640135566087,9358.468422331156
2019-12-16 14:00:00+00:00,9453.0,9207.945274706288,9386.766005840062
2019-12-16 15:00:00+00:00,9720.0,9242.385754279445,9482.40463078418
2019-12-16 16:00:00+00:00,9805.0,9510.283066223928,9715.476518637437
2019-12-16 17:00:00+00:00,9600.0,9505.522384467124,9733.027145844833
2019-12-16 18:00:00+00:00,8956.0,9201.073601304508,9437.994259523008
2019-12-16 19:00:00+00:00,8441.0,8565.36807408632,8813.048511153971
2019-12-16 20:00:00+00:00,7901.999999999999,8046.140815549914,8277.750560812854
2019-12-16 21:00:00+00:00,7617.000000000001,7605.466623245202,7829.862808320775
2019-12-16 22:00:00+00:00,7099.000000000001,7304.388812232143,7489.199227032254
2019-12-16 23:00:00+00:00,6740.0,6884.651483399826,7030.4492398573975
2019-12-17 00:00:00+00:00,6435.000000000001,6572.246104291548,6696.417288663602
2019-12-17 01:00:00+00:00,6308.0,6349.329288055884,6442.707184330481
2019-12-17 02:00:00+00:00,6200.000000000001,6308.066391110074,6340.304186991108
2019-12-17 03:00:00+00:00,6389.000000000001,6332.758425112092,6323.5467114869625
2019-12-17 04:00:00+00:00,7067.0,6714.030676584767,6667.45725165397
2019-12-17 05:00:00+00:00,8238.0,7577.716406283586,7499.773086419766
2019-12-17 06:00:00+00:00,9305.000000000002,8758.779059225455,8671.588231829046
2019-12-17 07:00:00+00:00,9604.0,9667.10113682452,9520.749619009515
2019-12-17 08:00:00+00:00,9584.0,9901.709858798386,9734.062697135027
2019-12-17 09:00:00+00:00,9604.0,9858.396454221724,9722.156132516076
2019-12-17 10:00:00+00:00,9602.000000000002,9812.6404864705,9722.365371105334
2019-12-17 11:00:00+00:00,9409.0,9730.817683098974,9674.666452117423
2019-12-17 12:00:00+00:00,9352.0,9523.883935185104,9530.230390143332
2019-12-17 13:00:00+00:00,9294.000000000002,9427.821048138412,9488.34017214401
2019-12-17 14:00:00+00:00,9348.000000000002,9356.792826434661,9469.978309844011
2019-12-17 15:00:00+00:00,9583.000000000002,9440.164018073774,9610.869983609024
2019-12-17 16:00:00+00:00,9684.000000000002,9610.026403665861,9835.7570470207
2019-12-17 17:00:00+00:00,9462.0,9595.465545982199,9853.983831622598
2019-12-17 18:00:00+00:00,8822.0,9249.124124492355,9524.60326959913
2019-12-17 19:00:00+00:00,8293.0,8618.04782482134,8911.393453931822
2019-12-17 20:00:00+00:00,7691.000000000001,8083.748969674046,8370.01307712935
2019-12-17 21:00:00+00:00,7490.0,7573.520597576672,7862.994507740688
2019-12-17 22:00:00+00:00,7012.000000000002,7324.433650907557,7572.981278682005
2019-12-17 23:00:00+00:00,6625.0,6908.000646969902,7126.032534696435
2019-12-18 00:00:00+00:00,6320.000000000001,6587.410284144693,6772.819202401093
2019-12-18 01:00:00+00:00,6178.000000000001,6390.297078867167,6518.940237466851
2019-12-18 02:00:00+00:00,6078.000000000001,6336.442795454086,6389.955113683865
2019-12-18 03:00:00+00:00,6275.000000000002,6372.165466271657,6361.45547970729
2019-12-18 04:00:00+00:00,6949.000000000002,6757.731028971359,6697.523593923881
2019-12-18 05:00:00+00:00,8127.0,7604.106701257411,7513.8905932525195
2019-12-18 06:00:00+00:00,9163.000000000002,8815.172010735178,8694.971622195459
2019-12-18 07:00:00+00:00,9403.000000000002,9704.220539804583,9512.597695289276
2019-12-18 08:00:00+00:00,9330.0,9838.173811869176,9643.704116563767
2019-12-18 09:00:00+00:00,9231.000000000002,9658.167769187174,9547.076906256594
2019-12-18 10:00:00+00:00,9108.000000000002,9495.687358890382,9433.828847321147
2019-12-18 11:00:00+00:00,8814.0,9288.080844539045,9277.840452566876
2019-12-18 12:00:00+00:00,8802.000000000002,8970.779628996306,9040.901723331563
2019-12-18 13:00:00+00:00,8830.000000000002,8919.084150187233,9042.350901968057
2019-12-18 14:00:00+00:00,9032.000000000002,8941.674565243948,9108.637722624464
2019-12-18 15:00:00+00:00,9330.0,9169.3428070335,9370.054878327786
2019-12-18 16:00:00+00:00,9493.000000000002,9456.451918289786,9630.915270618005
2019-12-18 17:00:00+00:00,9299.000000000002,9504.084018346015,9699.014030676726
2019-12-18 18:00:00+00:00,8753.000000000002,9191.97421116504,9400.08954288307
2019-12-18 19:00:00+00:00,8220.0,8627.626603812221,8855.744769410421
2019-12-18 20:00:00+00:00,7661.000000000001,8080.813669482832,8309.433184492204
2019-12-18 21:00:00+00:00,7436.0,7627.854022784334,7839.045750916623
2019-12-18 22:00:00+00:00,6974.0,7366.125029144566,7532.838177034908
2019-12-18 23:00:00+00:00,6581.0,6973.277240851694,7097.924096381741
2019-12-19 00:00:00+00:00,6246.0,6656.695558754772,6735.922986814811
2019-12-19 01:00:00+00:00,6132.000000000001,6425.319596124854,6457.05436323351
2019-12-19 02:00:00+00:00,6014.0,6361.82813213075,6339.114786856813
2019-12-19 03:00:00+00:00,6171.000000000002,6366.231757016604,6296.399189027176
2019-12-19 04:00:00+00:00,6866.000000000001,6705.949557493286,6603.746108841799
2019-12-19 05:00:00+00:00,8031.0,7534.97106083651,7427.922042660007
2019-12-19 06:00:00+00:00,9106.0,8696.847504802801,8581.546334476472
2019-12-19 07:00:00+00:00,9426.0,9619.22866854211,9439.916393944599
2019-12-19 08:00:00+00:00,9368.0,9852.065487858472,9687.223517273012
2019-12-19 09:00:00+00:00,9358.0,9786.963423301904,9656.978875889883
2019-12-19 10:00:00+00:00,9301.0,9679.301850386055,9630.926220692025
2019-12-19 11:00:00+00:00,9084.0,9494.120836877148,9534.40715241014
2019-12-19 12:00:00+00:00,8978.0,9266.519932526886,9360.800433332024
2019-12-19 13:00:00+00:00,8926.0,9122.22983582945,9271.250809122846
2019-12-19 14:00:00+00:00,8941.0,9057.929092930286,9252.36066811161
2019-12-19 15:00:00+00:00,9165.000000000002,9132.094459179572,9346.207225997732
2019-12-19 16:00:00+00:00,9263.0,9326.346581235657,9536.250805365207
2019-12-19 17:00:00+00:00,9009.0,9306.821685356292,9541.936045437757
2019-12-19 18:00:00+00:00,8457.0,8946.733871824254,9195.258751292708
2019-12-19 19:00:00+00:00,7905.0,8374.51357248058,8629.63245305237
2019-12-19 20:00:00+00:00,7319.0,7803.703057166631,8048.677159766079
2019-12-19 21:00:00+00:00,7113.000000000002,7313.525479752556,7551.792192281438
2019-12-19 22:00:00+00:00,6599.999999999999,7059.274206240126,7260.741392597083
2019-12-19 23:00:00+00:00,6224.0,6618.8568081411195,6790.21975846453
2019-12-20 00:00:00+00:00,5947.000000000001,6289.024391926865,6429.038034719023
2019-12-20 01:00:00+00:00,5864.0,6104.568487604148,6190.937333644394
2019-12-20 02:00:00+00:00,5775.000000000001,6105.246679057665,6099.38192050654
2019-12-20 03:00:00+00:00,5949.000000000001,6145.825218769923,6074.333748141922
2019-12-20 04:00:00+00:00,6564.000000000002,6492.010994712007,6390.98190315262
2019-12-20 05:00:00+00:00,7602.0,7281.393585355672,7163.8834175913735
2019-12-20 06:00:00+00:00,8589.000000000002,8368.060661688181,8218.074663064337
2019-12-20 07:00:00+00:00,8777.0,9214.534244219421,9030.51216994683
2019-12-20 08:00:00+00:00,8603.000000000002,9346.160444224026,9164.47688371838
2019-12-20 09:00:00+00:00,8484.0,9162.360728031146,9021.725711287925
2019-12-20 10:00:00+00:00,8314.000000000002,8951.19607846599,8895.509952827037
2019-12-20 11:00:00+00:00,8094.0,8719.238317518197,8703.476553584453
2019-12-20 12:00:00+00:00,7997.000000000001,8425.664768180544,8481.715888025541
2019-12-20 13:00:00+00:00,7984.0,8277.022494367879,8386.79136403408
2019-12-20 14:00:00+00:00,8086.0,8283.23942359499,8374.874764688617
2019-12-20 15:00:00+00:00,8394.0,8392.551705849297,8531.966956857266
2019-12-20 16:00:00+00:00,8620.0,8595.588063334435,8784.150965947023
2019-12-20 17:00:00+00:00,8396.000000000002,8659.848795860678,8871.384465679583
2019-12-20 18:00:00+00:00,7798.000000000002,8321.38980306645,8540.894513203277
2019-12-20 19:00:00+00:00,7310.0,7730.200429408646,7957.490435614987
2019-12-20 20:00:00+00:00,6808.0,7232.597166091406,7443.233874679251
2019-12-20 21:00:00+00:00,6700.999999999999,6824.455954241365,7025.684565395614
2019-12-20 22:00:00+00:00,6259.0,6666.705973829284,6804.146406857499
2019-12-20 23:00:00+00:00,5919.000000000001,6307.401110419746,6387.530211316529
2019-12-21 00:00:00+00:00,5681.0,5869.776827926694,6055.641751114615
2019-12-21 01:00:00+00:00,5507.999999999999,5696.664084630235,5842.602321697504
2019-12-21 02:00:00+00:00,5307.0,5599.948756835152,5678.887910323915
2019-12-21 03:00:00+00:00,5384.0,5538.828067842029,5553.016927261728
2019-12-21 04:00:00+00:00,5668.0,5757.795394751788,5717.888809725088
2019-12-21 05:00:00+00:00,5991.000000000002,6204.582976613066,6087.217919982709
2019-12-21 06:00:00+00:00,6718.0,6698.3524784951405,6537.659065164839
2019-12-21 07:00:00+00:00,7274.000000000002,7375.459865017787,7175.014622223626
2019-12-21 08:00:00+00:00,7699.999999999999,7801.45361061865,7629.461898125495
2019-12-21 09:00:00+00:00,7897.0,8112.291379387053,7968.848814510332
2019-12-21 10:00:00+00:00,8121.0,8205.298023116567,8099.93043230088
2019-12-21 11:00:00+00:00,8090.000000000002,8268.85312356007,8187.333205616662
2019-12-21 12:00:00+00:00,7965.0,8174.295329126143,8085.428893836259
2019-12-21 13:00:00+00:00,7843.0,8025.402144708408,7967.010443256789
2019-12-21 14:00:00+00:00,7847.000000000002,7888.613624691647,7910.138916388327
2019-12-21 15:00:00+00:00,8039.0,7893.995396407446,8001.42163074853
2019-12-21 16:00:00+00:00,8113.0,8038.173749021287,8203.784840587154
2019-12-21 17:00:00+00:00,7852.000000000001,7995.593248843548,8200.0700675337
2019-12-21 18:00:00+00:00,7372.000000000002,7633.860460862772,7866.979749864908
2019-12-21 19:00:00+00:00,6980.0,7131.950911966319,7391.181317712409
2019-12-21 20:00:00+00:00,6595.0,6708.575428791962,6977.4481519387455
2019-12-21 21:00:00+00:00,6593.000000000001,6409.963900114448,6689.163945211829
2019-12-21 22:00:00+00:00,6113.000000000001,6352.980360385044,6567.806041809892
2019-12-21 23:00:00+00:00,5694.999999999999,5979.891722938665,6118.631850139973
2019-12-22 00:00:00+00:00,5400.0,5736.148778907999,5737.140635062833
2019-12-22 01:00:00+00:00,5322.0,5433.032245158742,5486.900687526386
2019-12-22 02:00:00+00:00,5162.0,5404.667214774959,5392.324897798921
2019-12-22 03:00:00+00:00,5193.0,5358.599645918161,5280.700839956358
2019-12-22 04:00:00+00:00,5384.0,5475.112571355414,5361.92366659573
2019-12-22 05:00:00+00:00,5658.000000000001,5733.154291024652,5564.356258160764
2019-12-22 06:00:00+00:00,6209.000000000001,6133.4080821914595,5946.199988126306
2019-12-22 07:00:00+00:00,6648.000000000001,6689.587314717791,6484.25067815477
2019-12-22 08:00:00+00:00,7096.000000000001,7091.6730512619415,6898.363330197471
2019-12-22 09:00:00+00:00,7400.0,7470.151889370692,7273.994506048719
2019-12-22 10:00:00+00:00,7631.000000000001,7693.876351701373,7531.251050622249
2019-12-22 11:00:00+00:00,7480.0,7797.255189440443,7664.235024986595
2019-12-22 12:00:00+00:00,7282.000000000002,7611.514666687499,7493.608117520185
2019-12-22 13:00:00+00:00,7140.000000000002,7368.398970396832,7313.546576804778
2019-12-22 14:00:00+00:00,7095.0,7215.449663044042,7237.642459627694
2019-12-22 15:00:00+00:00,7331.000000000001,7196.544425208999,7293.38179591766
2019-12-22 16:00:00+00:00,7519.000000000001,7363.972984284535,7524.279104907763
2019-12-22 17:00:00+00:00,7524.000000000001,7445.295792938896,7645.4121506439
2019-12-22 18:00:00+00:00,7112.000000000001,7308.061180400596,7550.399191253636
2019-12-22 19:00:00+00:00,6816.0,6896.906043821799,7159.4197123392605
2019-12-22 20:00:00+00:00,6349.0,6571.895000459921,6837.547711836221
2019-12-22 21:00:00+00:00,6337.000000000001,6220.803674309498,6499.131768396877
2019-12-22 22:00:00+00:00,5941.999999999999,6142.258298161069,6382.6590289792175
2019-12-22 23:00:00+00:00,5627.0,5811.648807292485,6015.565780271197
2019-12-23 00:00:00+00:00,5383.0,5713.863845288805,5718.854036531546
2019-12-23 01:00:00+00:00,5274.0,5567.860129807357,5513.767203046181
2019-12-23 02:00:00+00:00,5188.0,5532.2737898655805,5411.881570334756
2019-12-23 03:00:00+00:00,5382.0,5563.117782348255,5387.265277886102
2019-12-23 04:00:00+00:00,5874.0,5896.210536971861,5699.2933956468205
2019-12-23 05:00:00+00:00,6545.000000000002,6531.754144774078,6345.203867055778
2019-12-23 06:00:00+00:00,7407.999999999999,7299.323309826483,7104.389362921367
2019-12-23 07:00:00+00:00,7847.000000000002,8071.20880063489,7828.9069855353255
2019-12-23 08:00:00+00:00,8005.000000000001,8454.830534716402,8183.928625569819
2019-12-23 09:00:00+00:00,8063.000000000002,8580.96109815445,8317.14964281051
2019-12-23 10:00:00+00:00,8116.0,8597.187931972087,8356.710936197656
2019-12-23 11:00:00+00:00,8046.000000000001,8550.846171317615,8338.832995190853
2019-12-23 12:00:00+00:00,7970.000000000002,8401.468749256834,8265.798828950692
2019-12-23 13:00:00+00:00,7912.000000000001,8281.599334841627,8203.980843510997
2019-12-23 14:00:00+00:00,7935.0,8178.842961632503,8164.774093045413
2019-12-23 15:00:00+00:00,8239.0,8189.934181242609,8252.925267966402
2019-12-23 16:00:00+00:00,8373.0,8397.793349947255,8507.808117143499
2019-12-23 17:00:00+00:00,8191.000000000002,8426.61646288952,8565.977186698323
2019-12-23 18:00:00+00:00,7679.0,8123.334099028205,8272.578505689142
2019-12-23 19:00:00+00:00,7235.999999999999,7605.064461868536,7771.018609301989
2019-12-23 20:00:00+00:00,6713.0,7139.828405188465,7302.403183759187
2019-12-23 21:00:00+00:00,6647.0,6703.31263460208,6860.146224208925
2019-12-23 22:00:00+00:00,6172.0,6569.716344347017,6678.40800910255
2019-12-23 23:00:00+00:00,5786.000000000001,6162.3237922353555,6233.658779815976
2019-12-24 00:00:00+00:00,5477.0,5857.7853245895485,5870.505403647137
2019-12-24 01:00:00+00:00,5340.000000000001,5648.080523835565,5609.697138257536
2019-12-24 02:00:00+00:00,5200.999999999999,5575.909530509428,5480.902779363805
2019-12-24 03:00:00+00:00,5330.0,5566.966767216126,5431.093789650651
2019-12-24 04:00:00+00:00,5649.999999999999,5860.88739172184,5698.444628953149
2019-12-24 05:00:00+00:00,6112.0,6385.941916890865,6218.072406224971
2019-12-24 06:00:00+00:00,6870.000000000002,6999.864320160567,6835.966942577036
2019-12-24 07:00:00+00:00,7232.000000000001,7695.26085160267,7486.257618916148
2019-12-24 08:00:00+00:00,7382.000000000001,7993.279145991394,7760.41205736769
2019-12-24 09:00:00+00:00,7363.000000000001,8053.883067719894,7879.038163285426
2019-12-24 10:00:00+00:00,7179.0,8007.775304021671,7868.614521858709
2019-12-24 11:00:00+00:00,6962.999999999999,7789.372531630178,7689.420024914251
2019-12-24 12:00:00+00:00,6702.0,7507.896249651164,7513.320808124148
2019-12-24 13:00:00+00:00,6650.0,7272.862998183066,7305.277388944034
2019-12-24 14:00:00+00:00,6811.0,7183.704997513799,7279.400137742446
2019-12-24 15:00:00+00:00,7187.0,7360.404687063538,7467.59558812422
2019-12-24 16:00:00+00:00,7341.000000000001,7648.7593551649625,7774.281376816433
2019-12-24 17:00:00+00:00,6996.0,7677.325148662705,7829.338854758045
2019-12-24 18:00:00+00:00,6447.000000000002,7243.502970695371,7409.056027214938
2019-12-24 19:00:00+00:00,6158.0,6688.9038467982855,6866.116628518191
2019-12-24 20:00:00+00:00,5957.000000000001,6322.840651076089,6493.763948009756
2019-12-24 21:00:00+00:00,6075.000000000001,6146.502231628095,6300.79912512122
2019-12-24 22:00:00+00:00,5748.000000000002,6170.188542337348,6256.156369078361
2019-12-24 23:00:00+00:00,5444.0,5884.028484597446,5909.189900495709
2019-12-25 00:00:00+00:00,5157.0,5341.293244322522,5601.3382683755635
2019-12-25 01:00:00+00:00,5022.0,5122.351733396183,5351.542966729205
2019-12-25 02:00:00+00:00,4859.0,5071.568280680118,5221.740744719434
2019-12-25 03:00:00+00:00,4901.0,5034.503900442694,5150.89569521712
2019-12-25 04:00:00+00:00,5128.0,5250.957574419114,5340.356382708432
2019-12-25 05:00:00+00:00,5316.999999999999,5665.226505450456,5777.07080051211
2019-12-25 06:00:00+00:00,5873.000000000001,6070.710560693647,6180.010737314492
2019-12-25 07:00:00+00:00,6244.000000000001,6614.107965898046,6664.095248806509
2019-12-25 08:00:00+00:00,6643.000000000001,6893.759460042391,6933.655639121426
2019-12-25 09:00:00+00:00,6883.000000000001,7166.24555716634,7205.809918304208
2019-12-25 10:00:00+00:00,6968.000000000002,7217.432635461795,7343.748210726814
2019-12-25 11:00:00+00:00,6736.000000000002,7204.103490979873,7331.229576273207
2019-12-25 12:00:00+00:00,6508.0,6966.422870441215,7138.370333935214
2019-12-25 13:00:00+00:00,6405.000000000001,6764.922481688357,6972.3114802741675
2019-12-25 14:00:00+00:00,6403.000000000002,6668.709916724405,6949.028096364507
2019-12-25 15:00:00+00:00,6716.000000000001,6676.706771342598,7035.467746061942
2019-12-25 16:00:00+00:00,7003.999999999999,6899.6213500023,7309.767340409753
2019-12-25 17:00:00+00:00,6987.000000000001,7019.982518619001,7456.635662841144
2019-12-25 18:00:00+00:00,6679.000000000002,6836.625652966543,7293.609597279092
2019-12-25 19:00:00+00:00,6427.000000000001,6482.728164008111,6938.970870215763
2019-12-25 20:00:00+00:00,6101.0,6191.349701197404,6627.024310104263
2019-12-25 21:00:00+00:00,6109.0,5930.438291326184,6351.445239872021
2019-12-25 22:00:00+00:00,5761.000000000001,5868.479711723076,6240.419097494969
2019-12-25 23:00:00+00:00,5455.0,5563.343006217059,5883.097277607899
2019-12-26 00:00:00+00:00,5185.0,5306.356051148411,5569.510013598397
2019-12-26 01:00:00+00:00,5108.000000000001,5126.877652851077,5337.987763315877
2019-12-26 02:00:00+00:00,4981.0,5095.9057960663795,5245.472896648529
2019-12-26 03:00:00+00:00,5048.0,5092.056019584357,5186.572127587724
2019-12-26 04:00:00+00:00,5298.0,5320.9753001943145,5391.600189342483
2019-12-26 05:00:00+00:00,5596.0,5746.119553272458,5821.969283647051
2019-12-26 06:00:00+00:00,6173.000000000001,6213.8850936578365,6297.607716350311
2019-12-26 07:00:00+00:00,6565.0,6763.279172158689,6813.910704098269
2019-12-26 08:00:00+00:00,6919.000000000002,7077.7367432924875,7120.979350218982
2019-12-26 09:00:00+00:00,7061.000000000002,7319.911593370752,7397.579149356893
2019-12-26 10:00:00+00:00,7093.000000000001,7400.24436925388,7497.1240157001985
2019-12-26 11:00:00+00:00,6831.000000000001,7319.625129936055,7459.797289348148
2019-12-26 12:00:00+00:00,6587.0,7060.040816232691,7228.691642404756
2019-12-26 13:00:00+00:00,6508.0,6756.613720887825,7031.08132884138
2019-12-26 14:00:00+00:00,6599.000000000001,6608.166400714079,6975.836280868348
2019-12-26 15:00:00+00:00,6995.000000000001,6763.700370970245,7111.20143148283
2019-12-26 16:00:00+00:00,7406.0,7110.675667019269,7443.855670608022
2019-12-26 17:00:00+00:00,7441.0,7348.767169836954,7694.232823347625
2019-12-26 18:00:00+00:00,7099.000000000001,7258.201659324842,7586.620581604497
2019-12-26 19:00:00+00:00,6800.0,6848.90521670137,7206.027277141754
2019-12-26 20:00:00+00:00,6435.000000000001,6489.96809284199,6844.650109449354
2019-12-26 21:00:00+00:00,6412.0,6180.81123952298,6535.839556829791
2019-12-26 22:00:00+00:00,6005.0,6083.058844719862,6390.289734699967
2019-12-26 23:00:00+00:00,5645.0,5722.456063248147,5992.84359168901
2019-12-27 00:00:00+00:00,5374.0,5750.813703488523,5652.416694009991
2019-12-27 01:00:00+00:00,5238.0,5569.492562694069,5430.763112348281
2019-12-27 02:00:00+00:00,5120.0,5498.573224793898,5303.381478027701
2019-12-27 03:00:00+00:00,5249.0,5494.528087510712,5256.388541525357
2019-12-27 04:00:00+00:00,5709.0,5755.6957284004975,5492.82249985573
2019-12-27 05:00:00+00:00,6332.000000000002,6327.714152558465,6060.62425039257
2019-12-27 06:00:00+00:00,7170.000000000002,7031.5627734619875,6759.370694388838
2019-12-27 07:00:00+00:00,7601.000000000001,7758.751573891424,7442.978448044246
2019-12-27 08:00:00+00:00,7891.000000000002,8102.572272563118,7752.274612154149
2019-12-27 09:00:00+00:00,7998.0,8286.956494292539,7952.723674942316
2019-12-27 10:00:00+00:00,8043.000000000001,8316.509286237615,8000.073805316177
2019-12-27 11:00:00+00:00,7980.000000000001,8254.229231606145,7969.524766276809
2019-12-27 12:00:00+00:00,7836.000000000001,8114.613803990457,7885.456812295417
2019-12-27 13:00:00+00:00,7746.000000000002,7925.520386397872,7771.114389320464
2019-12-27 14:00:00+00:00,7823.0,7812.1429049456765,7732.316329772313
2019-12-27 15:00:00+00:00,8137.0,7884.158877892762,7880.5521274467155
2019-12-27 16:00:00+00:00,8386.0,8134.141993580417,8187.8606578114695
2019-12-27 17:00:00+00:00,8242.0,8246.687123981514,8329.105574845236
2019-12-27 18:00:00+00:00,7729.999999999999,7981.019546830543,8078.152727104888
2019-12-27 19:00:00+00:00,7216.000000000001,7468.815578032844,7581.752397416556
2019-12-27 20:00:00+00:00,6733.000000000001,6961.557917099768,7076.050507474887
2019-12-27 21:00:00+00:00,6708.000000000001,6579.246299491109,6697.833619492289
2019-12-27 22:00:00+00:00,6280.000000000001,6487.295766102045,6560.4758920170225
2019-12-27 23:00:00+00:00,5884.000000000001,6120.778341529377,6150.660040437581
2019-12-28 00:00:00+00:00,5649.999999999999,5678.340552770052,5791.4609458217365
2019-12-28 01:00:00+00:00,5533.999999999999,5522.578051448094,5574.6080794861755
2019-12-28 02:00:00+00:00,5396.000000000001,5455.161657388168,5440.319443402169
2019-12-28 03:00:00+00:00,5489.0,5440.243845403758,5364.018566768846
2019-12-28 04:00:00+00:00,5813.000000000001,5652.37043477054,5523.98779047629
2019-12-28 05:00:00+00:00,6203.000000000001,6060.786187257156,5873.970648891124
2019-12-28 06:00:00+00:00,6925.0,6582.606117942193,6369.304064744375
2019-12-28 07:00:00+00:00,7338.0,7287.20835058755,7043.758532033077
2019-12-28 08:00:00+00:00,7682.0,7686.087332884631,7454.3618587384735
2019-12-28 09:00:00+00:00,7870.0,7968.165450539084,7754.691121772747
2019-12-28 10:00:00+00:00,7908.0,8132.48332908204,7940.980574567186
2019-12-28 11:00:00+00:00,7790.000000000002,8107.223647217612,7957.943480948646
2019-12-28 12:00:00+00:00,7661.000000000001,7916.717091476072,7835.2957282308025
2019-12-28 13:00:00+00:00,7591.0,7739.4876505151,7709.262608115217
2019-12-28 14:00:00+00:00,7681.0,7638.999580736438,7664.418187183317
2019-12-28 15:00:00+00:00,8040.000000000001,7706.970892252118,7792.708263934574
2019-12-28 16:00:00+00:00,8392.0,7966.554542072849,8090.363834851183
2019-12-28 17:00:00+00:00,8227.0,8140.024201540978,8286.26121340309
2019-12-28 18:00:00+00:00,7756.000000000001,7861.729736586433,8030.363728741488
2019-12-28 19:00:00+00:00,7373.0,7374.3784132629235,7566.832066791023
2019-12-28 20:00:00+00:00,6984.000000000001,6980.589626910124,7171.778812697348
2019-12-28 21:00:00+00:00,6979.000000000002,6690.626127578053,6883.451713418781
2019-12-28 22:00:00+00:00,6567.000000000002,6605.701430923771,6751.630313094634
2019-12-28 23:00:00+00:00,6245.000000000002,6238.233345490505,6335.3029986342535
2019-12-29 00:00:00+00:00,5981.0,5967.6887763117575,6021.989215318489
2019-12-29 01:00:00+00:00,5888.0,5813.965180665848,5803.531915644378
2019-12-29 02:00:00+00:00,5726.0,5791.871546925739,5692.813246670052
2019-12-29 03:00:00+00:00,5753.000000000001,5745.403881647866,5586.967581098852
2019-12-29 04:00:00+00:00,5903.000000000001,5893.400544676411,5669.5374532148335
2019-12-29 05:00:00+00:00,6126.0,6154.996780478096,5864.09234816568
2019-12-29 06:00:00+00:00,6729.0,6502.29405157488,6192.738714899868
2019-12-29 07:00:00+00:00,7093.999999999999,7099.024035857078,6755.00823447024
2019-12-29 08:00:00+00:00,7384.0,7408.691507466926,7138.804116522513
2019-12-29 09:00:00+00:00,7497.999999999999,7588.119383792201,7426.890748941261
2019-12-29 10:00:00+00:00,7505.000000000001,7631.770754954458,7559.597570234523
2019-12-29 11:00:00+00:00,7410.000000000001,7535.615832835912,7525.641110872383
2019-12-29 12:00:00+00:00,7224.999999999999,7384.333188562618,7406.478455791157
2019-12-29 13:00:00+00:00,7143.000000000002,7148.696512777436,7236.76925356707
2019-12-29 14:00:00+00:00,7207.0,7073.9568011733945,7174.290481180503
2019-12-29 15:00:00+00:00,7548.0,7104.499933811847,7295.610226716618
2019-12-29 16:00:00+00:00,8006.0,7441.394332989627,7610.527746004217
2019-12-29 17:00:00+00:00,8028.0,7805.709811832138,7935.736806497256
2019-12-29 18:00:00+00:00,7680.000000000001,7709.759376453652,7833.997624103117
2019-12-29 19:00:00+00:00,7357.0,7338.034033894263,7489.989941805958
2019-12-29 20:00:00+00:00,7000.000000000001,6982.547970150571,7129.843138383401
2019-12-29 21:00:00+00:00,6985.0,6718.799641345703,6864.547892216583
2019-12-29 22:00:00+00:00,6602.000000000001,6642.166293691602,6743.495583869209
2019-12-29 23:00:00+00:00,6340.000000000001,6305.039044555444,6374.613075679931
2019-12-30 00:00:00+00:00,6110.000000000001,6301.405144828951,6113.272831241656
2019-12-30 01:00:00+00:00,5985.000000000001,6130.027871315394,5915.3654009844495
2019-12-30 02:00:00+00:00,5860.000000000002,6068.432379827991,5794.006677722835
2019-12-30 03:00:00+00:00,6005.0,6062.590249856681,5742.810787832608
2019-12-30 04:00:00+00:00,6449.000000000001,6311.431818625154,5958.906750449878
2019-12-30 05:00:00+00:00,7038.000000000001,6821.206726761958,6436.128029996558
2019-12-30 06:00:00+00:00,7790.000000000002,7483.114450978056,7087.159697234069
2019-12-30 07:00:00+00:00,8192.0,8174.0428136953815,7755.49668454589
2019-12-30 08:00:00+00:00,8304.0,8458.55119480667,8104.76609272115
2019-12-30 09:00:00+00:00,8214.0,8497.988608274376,8207.455603020398
2019-12-30 10:00:00+00:00,8076.000000000001,8322.15913248182,8152.448768897792
2019-12-30 11:00:00+00:00,8002.000000000001,8127.805201282535,8029.865707928696
2019-12-30 12:00:00+00:00,7912.999999999999,8005.883597756687,7946.312748827385
2019-12-30 13:00:00+00:00,7884.0,7838.901030054067,7863.155447496579
2019-12-30 14:00:00+00:00,7955.0,7756.261872579717,7851.3630870640645
2019-12-30 15:00:00+00:00,8258.0,7907.317159760149,7990.154226607405
2019-12-30 16:00:00+00:00,8588.0,8184.810346249915,8274.563339921686
2019-12-30 17:00:00+00:00,8462.0,8367.370383130397,8482.70783118042
2019-12-30 18:00:00+00:00,7936.000000000001,8132.045639785452,8261.629711821755
2019-12-30 19:00:00+00:00,7396.999999999999,7625.997241440178,7762.033555912191
2019-12-30 20:00:00+00:00,6921.000000000001,7124.915146284695,7234.327306206989
2019-12-30 21:00:00+00:00,6811.0,6784.486759499698,6869.992080265768
2019-12-30 22:00:00+00:00,6348.000000000001,6640.684729381674,6665.321940400225
2019-12-30 23:00:00+00:00,6021.000000000002,6257.379646251771,6227.988902360424
2019-12-31 00:00:00+00:00,5724.999999999999,6002.071572703548,5908.433639889466
2019-12-31 01:00:00+00:00,5580.0,5802.430816561223,5653.9208429729
2019-12-31 02:00:00+00:00,5402.0,5705.215980061712,5510.047568646445
2019-12-31 03:00:00+00:00,5496.0,5637.252661036874,5415.824598672319
2019-12-31 04:00:00+00:00,5886.000000000001,5869.6632932504535,5582.39971195262
2019-12-31 05:00:00+00:00,6320.000000000001,6319.385108063144,6005.953023478531
2019-12-31 06:00:00+00:00,7039.000000000002,6856.909157421574,6533.215181522287
2019-12-31 07:00:00+00:00,7455.0,7546.867298486956,7164.543403392744
2019-12-31 08:00:00+00:00,7596.000000000002,7833.3355123460315,7508.772343978131
2019-12-31 09:00:00+00:00,7504.0,7853.074989546735,7601.750602946425
2019-12-31 10:00:00+00:00,7338.0,7682.788995874676,7486.861415416961
2019-12-31 11:00:00+00:00,7184.000000000002,7450.858268364615,7316.039529492315
2019-12-31 12:00:00+00:00,7102.000000000002,7240.293389712978,7143.92581385034
2019-12-31 13:00:00+00:00,7155.0,7097.010278606737,7070.965754303883
2019-12-31 14:00:00+00:00,7253.0,7111.871838136026,7147.333317147602
2019-12-31 15:00:00+00:00,7527.999999999999,7228.909284343645,7317.269962150558
2019-12-31 16:00:00+00:00,7807.0,7500.107851028087,7575.178596653615
2019-12-31 17:00:00+00:00,7721.000000000001,7627.598839995329,7701.932650689272
2019-12-31 18:00:00+00:00,7151.000000000002,7421.851702636407,7489.2315551925985
2019-12-31 19:00:00+00:00,6748.0,6940.80387054288,6971.4286169255565
2019-12-31 20:00:00+00:00,6429.0,6597.068188824514,6598.7711449941025
2019-12-31 21:00:00+00:00,6492.000000000001,6383.833718171895,6379.284991062568
2019-12-31 22:00:00+00:00,6206.000000000001,6385.147644602154,6325.22741884847
2019-12-31 23:00:00+00:00,5967.0,6144.083872443694,6029.466829413829
2020-01-01 00:00:00+00:00,5768.0,5574.722017676912,5774.0222657009945
2020-01-01 01:00:00+00:00,5592.0,5500.444374071094,5589.7682135213445
2020-01-01 02:00:00+00:00,5319.0,5417.247509756429,5414.336508507637
2020-01-01 03:00:00+00:00,5249.0,5270.4429574368205,5229.085098971084
2020-01-01 04:00:00+00:00,5381.000000000001,5361.981838807092,5252.454754876277
2020-01-01 05:00:00+00:00,5487.0,5588.741215289319,5420.11058533716
2020-01-01 06:00:00+00:00,5833.0,5843.4771374013,5663.399586703622
2020-01-01 07:00:00+00:00,6143.999999999999,6245.394824108124,6023.240611570777
2020-01-01 08:00:00+00:00,6408.000000000001,6474.793178468031,6342.010350182632
2020-01-01 09:00:00+00:00,6657.000000000002,6647.82634825989,6576.840502192131
2020-01-01 10:00:00+00:00,6746.000000000001,6718.914744837668,6764.169557864695
2020-01-01 11:00:00+00:00,6700.000000000001,6671.491462850363,6771.614707951324
2020-01-01 12:00:00+00:00,6534.000000000002,6543.448662838482,6686.067124155776
2020-01-01 13:00:00+00:00,6452.000000000001,6341.812630045064,6547.434180507121
2020-01-01 14:00:00+00:00,6532.0,6272.247566665615,6494.102197102008
2020-01-01 15:00:00+00:00,6942.0,6376.786521709201,6636.118299609456
2020-01-01 16:00:00+00:00,7399.000000000001,6772.174084168775,7016.14348750377
2020-01-01 17:00:00+00:00,7426.999999999999,7059.3588864535195,7342.234998452078
2020-01-01 18:00:00+00:00,7259.000000000001,6947.530153118307,7258.0962606734265
2020-01-01 19:00:00+00:00,6901.0,6725.2862532711515,7053.723542514672
2020-01-01 20:00:00+00:00,6539.000000000001,6362.052138585968,6701.274999631672
2020-01-01 21:00:00+00:00,6472.0,6098.500453313879,6441.467290269129
2020-01-01 22:00:00+00:00,6096.0,6038.31474086082,6301.114634739817
2020-01-01 23:00:00+00:00,5809.0,5756.551913418497,5945.464441053459
2020-01-02 00:00:00+00:00,5573.0,5798.292322490781,5665.469933410255
2020-01-02 01:00:00+00:00,5480.0,5633.860955456625,5463.180949314293
2020-01-02 02:00:00+00:00,5405.0,5587.854862275109,5348.723578117121
2020-01-02 03:00:00+00:00,5569.0,5596.903249145775,5301.611615424518
2020-01-02 04:00:00+00:00,6105.000000000001,5834.110215520668,5482.097372169712
2020-01-02 05:00:00+00:00,6904.0,6353.1114817051775,5943.775088930909
2020-01-02 06:00:00+00:00,7660.0,7122.109663718119,6672.770109055168
2020-01-02 07:00:00+00:00,8040.000000000001,7811.518695727782,7330.667933873194
2020-01-02 08:00:00+00:00,8235.0,8097.630248553429,7700.931717785425
2020-01-02 09:00:00+00:00,8182.000000000001,8229.016582648444,7891.760524031312
2020-01-02 10:00:00+00:00,8126.0,8126.501198127042,7866.103830588566
2020-01-02 11:00:00+00:00,7945.000000000001,7917.931870488918,7769.380091563303
2020-01-02 12:00:00+00:00,7757.000000000002,7666.391784555081,7575.186309765708
2020-01-02 13:00:00+00:00,7721.000000000001,7490.541800750458,7415.105264032834
2020-01-02 14:00:00+00:00,7822.000000000001,7446.087826453281,7412.992669354013
2020-01-02 15:00:00+00:00,8177.000000000001,7545.711909132505,7597.484246868404
2020-01-02 16:00:00+00:00,8642.0,7949.322593657774,7975.313666638602
2020-01-02 17:00:00+00:00,8538.0,8291.353856764956,8326.505834972071
2020-01-02 18:00:00+00:00,8144.999999999999,8124.65136238578,8169.239799811836
2020-01-02 19:00:00+00:00,7644.000000000001,7740.097236002642,7793.554575409831
2020-01-02 20:00:00+00:00,7120.000000000001,7273.977612055903,7324.977671839209
2020-01-02 21:00:00+00:00,6996.0,6873.570039583418,6930.037722899107
2020-01-02 22:00:00+00:00,6556.000000000002,6714.895057850217,6729.235497771067
2020-01-02 23:00:00+00:00,6282.000000000001,6349.936665744094,6312.179611077818
2020-01-03 00:00:00+00:00,6028.000000000001,6158.890278085462,6038.8067785068615
2020-01-03 01:00:00+00:00,5894.0,5991.63547577682,5817.908254067395
2020-01-03 02:00:00+00:00,5782.0,5917.342929931358,5690.203780916476
2020-01-03 03:00:00+00:00,5879.000000000002,5936.6145672444045,5646.056007884405
2020-01-03 04:00:00+00:00,6400.000000000001,6188.893753531758,5849.821573954611
2020-01-03 05:00:00+00:00,7115.000000000001,6711.481660078492,6417.849648302374
2020-01-03 06:00:00+00:00,7843.0,7566.420213063667,7168.102889474561
2020-01-03 07:00:00+00:00,8294.0,8244.866881996852,7818.235055394493
2020-01-03 08:00:00+00:00,8529.000000000002,8581.57393066909,8222.522131811276
2020-01-03 09:00:00+00:00,8603.000000000002,8696.955756466006,8412.660624226772
2020-01-03 10:00:00+00:00,8589.000000000002,8674.479597779078,8471.837410664893
2020-01-03 11:00:00+00:00,8466.0,8590.110559301793,8435.285925932814
2020-01-03 12:00:00+00:00,8324.0,8370.250781172008,8301.913756648339
2020-01-03 13:00:00+00:00,8225.0,8158.28350533556,8176.887616425724
2020-01-03 14:00:00+00:00,8206.0,8070.78913834604,8127.164445553115
2020-01-03 15:00:00+00:00,8477.000000000002,8073.699341601908,8202.786998286216
2020-01-03 16:00:00+00:00,8750.000000000002,8364.97557509423,8487.064215746857
2020-01-03 17:00:00+00:00,8603.000000000002,8562.830305383146,8651.23351793412
2020-01-03 18:00:00+00:00,8178.0,8298.889819758999,8411.24974552205
2020-01-03 19:00:00+00:00,7656.000000000002,7857.717786533519,7958.223519744223
2020-01-03 20:00:00+00:00,7173.000000000002,7332.856538700202,7438.293430154451
2020-01-03 21:00:00+00:00,7037.0,6938.8761019581725,7068.711545456727
2020-01-03 22:00:00+00:00,6591.000000000001,6747.65578021244,6849.980129700888
2020-01-03 23:00:00+00:00,6259.0,6347.892032736862,6422.277205331428
2020-01-04 00:00:00+00:00,5952.999999999999,5956.249267894325,6112.20026047111
2020-01-04 01:00:00+00:00,5793.0,5774.95911225721,5853.870322968572
2020-01-04 02:00:00+00:00,5601.0,5658.404524434812,5700.1891399922
2020-01-04 03:00:00+00:00,5626.0,5600.798597488659,5584.881556133461
2020-01-04 04:00:00+00:00,5876.000000000001,5772.069213785508,5707.39533434217
2020-01-04 05:00:00+00:00,6248.0,6134.019774707406,6023.231091380387
2020-01-04 06:00:00+00:00,6820.999999999999,6648.902886130208,6495.885630849171
2020-01-04 07:00:00+00:00,7375.000000000002,7205.047433744293,7033.705459898781
2020-01-04 08:00:00+00:00,7768.000000000002,7724.489831518039,7527.3995004331
2020-01-04 09:00:00+00:00,7931.999999999999,8047.469501739398,7859.396181248874
2020-01-04 10:00:00+00:00,8099.0,8155.624300743505,7986.426435388977
2020-01-04 11:00:00+00:00,8054.000000000001,8205.164384380385,8076.314267655155
2020-01-04 12:00:00+00:00,7956.000000000001,8060.64418532742,8006.677456354019
2020-01-04 13:00:00+00:00,7821.0,7918.301618998942,7913.096031654198
2020-01-04 14:00:00+00:00,7815.0,7775.42443432763,7830.264383583163
2020-01-04 15:00:00+00:00,7994.000000000001,7791.202587845395,7917.939423620957
2020-01-04 16:00:00+00:00,8159.0,7940.07920667963,8140.403776999162
2020-01-04 17:00:00+00:00,7987.0,7979.127630860824,8217.619656351591
2020-01-04 18:00:00+00:00,7618.000000000002,7705.745692252028,7964.910418043436
2020-01-04 19:00:00+00:00,7293.000000000002,7302.95968117609,7577.503485062456
2020-01-04 20:00:00+00:00,6883.000000000001,6949.708113285044,7224.244067532431
2020-01-04 21:00:00+00:00,6814.0,6631.4274362731185,6911.377391109697
2020-01-04 22:00:00+00:00,6398.0,6509.531439132336,6744.617111952116
2020-01-04 23:00:00+00:00,6041.0,6155.958962239284,6349.28615401216
2020-01-05 00:00:00+00:00,5796.000000000001,5877.338524089432,6010.872337538277
2020-01-05 01:00:00+00:00,5684.000000000001,5724.496297322814,5799.997270827049
2020-01-05 02:00:00+00:00,5517.0,5670.249670347535,5670.750217364153
2020-01-05 03:00:00+00:00,5512.000000000001,5608.416970092149,5555.214427302901
2020-01-05 04:00:00+00:00,5651.0,5714.630469163071,5600.41464992951
2020-01-05 05:00:00+00:00,5930.000000000001,5938.591238135059,5775.313401388971
2020-01-05 06:00:00+00:00,6363.0,6328.047813673239,6144.149718240267
2020-01-05 07:00:00+00:00,6718.0,6786.385075420186,6577.347241612473
2020-01-05 08:00:00+00:00,7028.000000000001,7141.976836522082,6925.981822859206
2020-01-05 09:00:00+00:00,7237.0,7398.67849144473,7189.040145410146
2020-01-05 10:00:00+00:00,7340.0,7547.857451153348,7356.7383533471675
2020-01-05 11:00:00+00:00,7126.000000000001,7567.763554436465,7410.042758171835
2020-01-05 12:00:00+00:00,6921.999999999999,7300.477800346346,7208.254353252638
2020-01-05 13:00:00+00:00,6826.000000000001,7072.808858961583,7031.519468705336
2020-01-05 14:00:00+00:00,6881.000000000002,6953.435488339842,6973.105657318526
2020-01-05 15:00:00+00:00,7240.000000000001,7002.0874553500635,7094.996036229336
2020-01-05 16:00:00+00:00,7678.000000000002,7310.562685184858,7462.708715257171
2020-01-05 17:00:00+00:00,7716.000000000002,7593.179681287335,7776.0548921041645
2020-01-05 18:00:00+00:00,7511.000000000001,7495.280305093935,7706.578397562715
2020-01-05 19:00:00+00:00,7252.000000000002,7243.352254575388,7466.752553754296
2020-01-05 20:00:00+00:00,6934.0,6945.2687104791,7173.989368593545
2020-01-05 21:00:00+00:00,6952.000000000002,6698.874882071583,6931.915538773016
2020-01-05 22:00:00+00:00,6578.000000000002,6671.407294239978,6837.232822914741
2020-01-05 23:00:00+00:00,6345.000000000001,6365.394272029753,6482.886387317131
2020-01-06 00:00:00+00:00,6073.000000000002,6028.967864384052,6247.129793601465
2020-01-06 01:00:00+00:00,5955.000000000001,5866.081703806288,6013.721865685503
2020-01-06 02:00:00+00:00,5801.0,5835.291109663416,5889.3795814875175
2020-01-06 03:00:00+00:00,5860.000000000002,5788.76955788866,5804.679431188131
2020-01-06 04:00:00+00:00,6073.000000000002,5972.190065295505,5947.144276608979
2020-01-06 05:00:00+00:00,6304.000000000001,6311.252811889029,6242.397889868105
2020-01-06 06:00:00+00:00,6615.000000000001,6666.650068335955,6595.06702923802
2020-01-06 07:00:00+00:00,6938.000000000002,7016.164467540866,6930.880553511748
2020-01-06 08:00:00+00:00,7179.0,7234.313409561303,7214.307929680833
2020-01-06 09:00:00+00:00,7244.000000000002,7315.249646110793,7389.4995364598435
2020-01-06 10:00:00+00:00,7284.000000000001,7280.993390283329,7417.628925794103
2020-01-06 11:00:00+00:00,7058.000000000001,7214.966342365156,7416.026994747063
2020-01-06 12:00:00+00:00,6837.000000000002,6967.6945303124985,7216.587180315787
2020-01-06 13:00:00+00:00,6699.0,6712.624286107841,7040.9863619707585
2020-01-06 14:00:00+00:00,6823.000000000001,6559.924568083572,6957.818927865209
2020-01-06 15:00:00+00:00,7211.000000000002,6763.231217088491,7136.659701803061
2020-01-06 16:00:00+00:00,7779.000000000002,7144.206620418645,7521.0249904808825
2020-01-06 17:00:00+00:00,7823.0,7548.012078264546,7916.505767724678
2020-01-06 18:00:00+00:00,7566.000000000002,7442.289478654667,7828.480666907462
2020-01-06 19:00:00+00:00,7286.0,7138.954004970556,7512.409577167084
2020-01-06 20:00:00+00:00,6934.0,6831.793782368175,7187.492139092697
2020-01-06 21:00:00+00:00,6953.0,6542.047675167114,6908.091997273616
2020-01-06 22:00:00+00:00,6585.000000000001,6493.61619371783,6801.379678541212
2020-01-06 23:00:00+00:00,6356.000000000001,6196.746028671623,6447.897461550577
2020-01-07 00:00:00+00:00,6164.0,6320.567207616235,6199.844789017084
2020-01-07 01:00:00+00:00,6059.000000000002,6210.63736348249,6020.8032968126
2020-01-07 02:00:00+00:00,5989.0,6151.885526966922,5896.428399976408
2020-01-07 03:00:00+00:00,6188.0,6175.125212161855,5868.189570217921
2020-01-07 04:00:00+00:00,6977.0,6458.165062552443,6108.467326741679
2020-01-07 05:00:00+00:00,8210.000000000002,7199.930736263695,6792.814005629408
2020-01-07 06:00:00+00:00,9190.000000000002,8321.045182819202,7866.650438255539
2020-01-07 07:00:00+00:00,9519.0,9162.77114761724,8695.051632267707
2020-01-07 08:00:00+00:00,9540.0,9399.42870606412,8983.699837349091
2020-01-07 09:00:00+00:00,9534.000000000002,9314.452150033394,8986.024480082191
2020-01-07 10:00:00+00:00,9574.0,9225.324874298067,8951.840339502172
2020-01-07 11:00:00+00:00,9556.000000000002,9142.229180017684,8933.657596343592
2020-01-07 12:00:00+00:00,9452.000000000002,9081.144556376954,8887.574794468233
2020-01-07 13:00:00+00:00,9387.0,8913.434249423257,8811.472957446043
2020-01-07 14:00:00+00:00,9388.0,8820.347961321779,8792.938439875175
2020-01-07 15:00:00+00:00,9540.0,8823.409479612596,8878.258313962597
2020-01-07 16:00:00+00:00,9760.000000000002,9034.28451285926,9089.068656642961
2020-01-07 17:00:00+00:00,9558.000000000002,9173.565772695496,9237.28669195526
2020-01-07 18:00:00+00:00,9089.000000000002,8883.518238362178,8955.830631180086
2020-01-07 19:00:00+00:00,8561.0,8417.996353065031,8509.536170061363
2020-01-07 20:00:00+00:00,8007.000000000001,7938.27612262926,8031.092327366473
2020-01-07 21:00:00+00:00,7792.000000000001,7519.757389698172,7637.821462212054
2020-01-07 22:00:00+00:00,7327.0,7280.526476049066,7394.856471033672
2020-01-07 23:00:00+00:00,7014.000000000001,6969.221885554768,6987.96831142083
2020-01-08 00:00:00+00:00,6813.0,6703.540190805343,6703.628812030569
2020-01-08 01:00:00+00:00,6675.000000000001,6622.48619353786,6512.844636029304
2020-01-08 02:00:00+00:00,6588.999999999999,6546.021538878929,6351.716153723549
2020-01-08 03:00:00+00:00,6757.000000000001,6524.817607337289,6289.720243161776
2020-01-08 04:00:00+00:00,7477.0,6844.334673903421,6499.596754266177
2020-01-08 05:00:00+00:00,8611.000000000002,7570.4640765755585,7143.951880213695
2020-01-08 06:00:00+00:00,9578.000000000002,8589.209164462214,8121.3322124717915
2020-01-08 07:00:00+00:00,9820.0,9489.49989158895,8919.452952812444
2020-01-08 08:00:00+00:00,9735.0,9626.320081534399,9151.648541516102
2020-01-08 09:00:00+00:00,9634.0,9487.754918326744,9138.32587352441
2020-01-08 10:00:00+00:00,9489.0,9349.172941313058,9084.840089407075
2020-01-08 11:00:00+00:00,9273.0,9146.07384520982,8967.667833206338
2020-01-08 12:00:00+00:00,9215.0,8906.173484636547,8767.813594738502
2020-01-08 13:00:00+00:00,9213.0,8759.153179888195,8703.854956165098
2020-01-08 14:00:00+00:00,9251.0,8770.390103192127,8718.38118813939
2020-01-08 15:00:00+00:00,9461.0,8834.859304097059,8839.560058005627
2020-01-08 16:00:00+00:00,9656.0,9030.52413491556,9101.762336550992
2020-01-08 17:00:00+00:00,9520.000000000002,9175.801358304696,9235.373687974308
2020-01-08 18:00:00+00:00,9074.0,8954.11520078382,9066.237816501416
2020-01-08 19:00:00+00:00,8441.0,8480.481205544433,8626.796523313556
2020-01-08 20:00:00+00:00,7887.000000000001,7898.084656358755,8047.05634215128
2020-01-08 21:00:00+00:00,7612.000000000001,7444.293194794241,7609.958001772446
2020-01-08 22:00:00+00:00,7108.0,7175.365842100895,7297.446650235654
2020-01-08 23:00:00+00:00,6773.0,6757.467818923204,6845.818708680457
2020-01-09 00:00:00+00:00,6497.0,6452.195555725758,6537.139952417885
2020-01-09 01:00:00+00:00,6344.0,6266.470593680838,6305.122110325646
2020-01-09 02:00:00+00:00,6255.999999999999,6194.024209064447,6171.091520991868
2020-01-09 03:00:00+00:00,6453.0,6227.713737479973,6151.788384071604
2020-01-09 04:00:00+00:00,7182.0,6586.8956898535735,6458.147887069373
2020-01-09 05:00:00+00:00,8345.0,7439.20796011907,7239.595113363879
2020-01-09 06:00:00+00:00,9322.0,8574.812846180717,8318.934078578228
2020-01-09 07:00:00+00:00,9619.0,9453.617939291185,9131.470758117366
2020-01-09 08:00:00+00:00,9653.0,9656.005638634108,9382.247718862764
2020-01-09 09:00:00+00:00,9654.000000000002,9600.14040497161,9389.003399195324
2020-01-09 10:00:00+00:00,9547.0,9521.567793352253,9367.561920083825
2020-01-09 11:00:00+00:00,9330.0,9328.205616019884,9236.401004673555
2020-01-09 12:00:00+00:00,9217.000000000002,9089.888346261707,9034.963166494319
2020-01-09 13:00:00+00:00,9146.000000000002,8926.104250529825,8944.54143080087
2020-01-09 14:00:00+00:00,9113.0,8834.28557607048,8915.336428500583
2020-01-09 15:00:00+00:00,9345.0,8905.810266567474,8977.752735365711
2020-01-09 16:00:00+00:00,9692.000000000002,9158.38438652242,9255.822841525698
2020-01-09 17:00:00+00:00,9560.0,9403.156858085451,9479.939425873812
2020-01-09 18:00:00+00:00,9155.0,9177.804544521285,9270.667606085197
2020-01-09 19:00:00+00:00,8621.0,8722.873330488414,8824.91240630274
2020-01-09 20:00:00+00:00,8009.0,8194.560916560073,8285.727501714835
2020-01-09 21:00:00+00:00,7735.000000000001,7698.130631189851,7790.087763331518
2020-01-09 22:00:00+00:00,7187.0,7409.186378752691,7462.629931380728
2020-01-09 23:00:00+00:00,6921.999999999999,6945.85810354123,6979.59883959666
2020-01-10 00:00:00+00:00,6608.000000000002,6727.1239419074855,6713.154089877837
2020-01-10 01:00:00+00:00,6486.0,6509.151784376527,6443.932005852254
2020-01-10 02:00:00+00:00,6401.0,6477.322889029167,6325.227908526878
2020-01-10 03:00:00+00:00,6563.000000000001,6493.371571081841,6297.0397144921735
2020-01-10 04:00:00+00:00,7242.0,6821.940917667171,6575.4045033414895
2020-01-10 05:00:00+00:00,8403.0,7564.678014528681,7305.590458151479
2020-01-10 06:00:00+00:00,9378.000000000002,8693.388049321782,8378.676924410716
2020-01-10 07:00:00+00:00,9808.0,9583.938972019896,9208.107013039982
2020-01-10 08:00:00+00:00,9794.0,9905.539523302834,9573.747899408787
2020-01-10 09:00:00+00:00,9719.0,9820.403022882256,9578.290716489902
2020-01-10 10:00:00+00:00,9625.0,9700.618825941789,9512.223795901518
2020-01-10 11:00:00+00:00,9310.000000000002,9542.11298472954,9402.106312242542
2020-01-10 12:00:00+00:00,9065.0,9178.544023254484,9133.579632401274
2020-01-10 13:00:00+00:00,8949.0,8905.977280069323,8928.273775035272
2020-01-10 14:00:00+00:00,8994.0,8785.025989295265,8836.654256612028
2020-01-10 15:00:00+00:00,9214.0,8824.92339645521,8941.365203111893
2020-01-10 16:00:00+00:00,9538.0,9072.981982795587,9183.902739817438
2020-01-10 17:00:00+00:00,9330.0,9213.605853962501,9382.819463197893
2020-01-10 18:00:00+00:00,8879.000000000002,8956.467265558667,9114.368058305805
2020-01-10 19:00:00+00:00,8275.000000000002,8468.224458396571,8638.084224831498
2020-01-10 20:00:00+00:00,7703.0,7857.956759294209,8051.124285323792
2020-01-10 21:00:00+00:00,7454.000000000002,7415.370363846846,7582.5343502148025
2020-01-10 22:00:00+00:00,6937.000000000001,7143.115825671568,7268.874085418797
2020-01-10 23:00:00+00:00,6706.000000000002,6726.555407515179,6802.363988488979
2020-01-11 00:00:00+00:00,6398.0,6351.007964722982,6547.629479009074
2020-01-11 01:00:00+00:00,6252.000000000001,6134.983805862092,6279.957522177043
2020-01-11 02:00:00+00:00,6058.000000000001,6039.0076800491615,6127.847810291372
2020-01-11 03:00:00+00:00,6082.0,5978.354496646936,6002.440851453146
2020-01-11 04:00:00+00:00,6388.0,6166.191830988385,6121.455597005599
2020-01-11 05:00:00+00:00,6755.000000000001,6615.686313629063,6508.743896704235
2020-01-11 06:00:00+00:00,7272.0,7110.091499834337,6966.7131044087655
2020-01-11 07:00:00+00:00,7833.000000000001,7656.533678046735,7489.726792392627
2020-01-11 08:00:00+00:00,8174.000000000001,8156.077479322674,7979.2851518654625
2020-01-11 09:00:00+00:00,8266.0,8430.546099629271,8256.836317827358
2020-01-11 10:00:00+00:00,8275.000000000002,8491.728519620978,8350.454309062286
2020-01-11 11:00:00+00:00,8092.000000000001,8424.450258939247,8324.008197071005
2020-01-11 12:00:00+00:00,7882.000000000001,8188.598816583551,8151.146149924777
2020-01-11 13:00:00+00:00,7756.000000000001,7925.656996235654,7960.864789638221
2020-01-11 14:00:00+00:00,7761.0,7768.508128167148,7870.29459235739
2020-01-11 15:00:00+00:00,7926.000000000001,7780.257132996056,7926.217160171597
2020-01-11 16:00:00+00:00,8348.0,7931.758564153206,8104.906565195888
2020-01-11 17:00:00+00:00,8246.0,8161.134491363387,8365.011143025835
2020-01-11 18:00:00+00:00,7936.000000000001,7946.004634856715,8182.072160087419
2020-01-11 19:00:00+00:00,7492.000000000001,7579.751154464375,7843.332540618949
2020-01-11 20:00:00+00:00,7161.000000000001,7150.974631229191,7391.5669479379885
2020-01-11 21:00:00+00:00,7156.000000000001,6903.309240047116,7115.423776760659
2020-01-11 22:00:00+00:00,6753.0,6844.059757802354,6989.52502868178
2020-01-11 23:00:00+00:00,6465.000000000001,6510.687413955843,6604.456868542638
2020-01-12 00:00:00+00:00,6202.0,6292.919832757799,6320.414706808905
2020-01-12 01:00:00+00:00,6080.000000000001,6156.935852485161,6093.57651841745
2020-01-12 02:00:00+00:00,5911.999999999999,6083.533055063422,5955.82015551427
2020-01-12 03:00:00+00:00,5938.000000000001,6035.908833358087,5833.0893317052005
2020-01-12 04:00:00+00:00,6161.0,6168.056946006292,5903.146665141724
2020-01-12 05:00:00+00:00,6334.000000000001,6443.389729287334,6150.594791891647
2020-01-12 06:00:00+00:00,6786.0,6714.938028535238,6403.339166063586
2020-01-12 07:00:00+00:00,7196.0,7188.82859759611,6849.04477741385
2020-01-12 08:00:00+00:00,7538.000000000001,7510.2888333739065,7238.160015015553
2020-01-12 09:00:00+00:00,7588.000000000002,7699.1223158267985,7538.22010614127
2020-01-12 10:00:00+00:00,7581.0,7676.469994788158,7596.117994777779
2020-01-12 11:00:00+00:00,7335.0,7555.775138401951,7534.338789335662
2020-01-12 12:00:00+00:00,7051.0,7267.277731252434,7296.740204685452
2020-01-12 13:00:00+00:00,6908.000000000002,6948.05092972711,7059.093870272685
2020-01-12 14:00:00+00:00,6989.000000000001,6774.060384168604,6965.177536391242
2020-01-12 15:00:00+00:00,7340.0,6905.195255687002,7108.728987041523
2020-01-12 16:00:00+00:00,7898.000000000001,7282.744704382719,7486.12557102983
2020-01-12 17:00:00+00:00,8002.000000000001,7719.878121259007,7896.227755919716
2020-01-12 18:00:00+00:00,7829.0,7684.152946493067,7908.267575537294
2020-01-12 19:00:00+00:00,7485.0,7473.025420214223,7695.682109675578
2020-01-12 20:00:00+00:00,7152.0,7134.280358469927,7354.192211364176
2020-01-12 21:00:00+00:00,7213.000000000001,6899.123757035061,7112.520800674692
2020-01-12 22:00:00+00:00,6848.000000000002,6869.3125282032615,7052.2308616881755
2020-01-12 23:00:00+00:00,6635.000000000002,6575.061826543131,6715.515697619053
2020-01-13 00:00:00+00:00,6509.000000000001,6551.382647697202,6484.713724637948
2020-01-13 01:00:00+00:00,6383.000000000001,6520.655134523645,6359.307647786608
2020-01-13 02:00:00+00:00,6312.000000000001,6459.207744845536,6223.231470406974
2020-01-13 03:00:00+00:00,6542.000000000001,6456.126759092409,6184.799548228763
2020-01-13 04:00:00+00:00,7279.000000000001,6748.723481647875,6413.395914063661
2020-01-13 05:00:00+00:00,8555.0,7426.637738828084,7014.669522588732
2020-01-13 06:00:00+00:00,9535.0,8520.732922684609,8049.5796968066825
2020-01-13 07:00:00+00:00,9866.0,9407.588152504944,8866.081699849
2020-01-13 08:00:00+00:00,9882.0,9630.99860372128,9183.813673616369
2020-01-13 09:00:00+00:00,9758.000000000002,9607.41929925716,9212.60400933633
2020-01-13 10:00:00+00:00,9659.000000000002,9355.440127620239,9129.109050212848
2020-01-13 11:00:00+00:00,9369.0,9139.47173130401,8992.818622243994
2020-01-13 12:00:00+00:00,9322.0,8805.496050713718,8714.176273785315
2020-01-13 13:00:00+00:00,9337.000000000002,8691.797383593634,8641.510855195267
2020-01-13 14:00:00+00:00,9400.000000000002,8700.263579755148,8683.688377798624
2020-01-13 15:00:00+00:00,9601.0,8837.644323175635,8834.287914004171
2020-01-13 16:00:00+00:00,9901.0,9106.886998501144,9137.950765667558
2020-01-13 17:00:00+00:00,9743.0,9360.13592221862,9375.46523168858
2020-01-13 18:00:00+00:00,9319.0,9167.991181328754,9195.120016026527
2020-01-13 19:00:00+00:00,8772.000000000002,8731.344751045039,8801.55861165173
2020-01-13 20:00:00+00:00,8183.000000000002,8205.497107146564,8304.012510146422
2020-01-13 21:00:00+00:00,8005.000000000001,7771.099368476564,7879.4233947429575
2020-01-13 22:00:00+00:00,7480.0,7585.203942803235,7647.549827967994
2020-01-13 23:00:00+00:00,7147.0,7162.583516506204,7199.735578489558
2020-01-14 00:00:00+00:00,6928.0,6902.035182580836,6907.082805787898
2020-01-14 01:00:00+00:00,6793.000000000001,6790.205306766584,6715.58705792201
2020-01-14 02:00:00+00:00,6722.000000000001,6748.0313063067415,6597.015462498175
2020-01-14 03:00:00+00:00,6926.000000000001,6810.970693543903,6601.986236128559
2020-01-14 04:00:00+00:00,7625.000000000001,7193.312135422098,6965.279162718524
2020-01-14 05:00:00+00:00,8833.0,8058.211958697927,7822.012977275895
2020-01-14 06:00:00+00:00,9790.0,9259.38354597625,8980.129899982476
2020-01-14 07:00:00+00:00,10113.000000000002,10078.438906848778,9774.620298258087
2020-01-14 08:00:00+00:00,10116.0,10263.77578047381,10017.573019569227
2020-01-14 09:00:00+00:00,10074.000000000002,10205.019285842192,10009.186399642456
2020-01-14 10:00:00+00:00,10049.0,10034.217593305117,9978.784028938635
2020-01-14 11:00:00+00:00,9874.0,9904.821414239203,9934.817675335198
2020-01-14 12:00:00+00:00,9744.000000000002,9714.908165796618,9781.89150440057
2020-01-14 13:00:00+00:00,9662.000000000002,9525.10078261064,9674.530667559353
2020-01-14 14:00:00+00:00,9715.0,9408.085851994108,9619.255748741169
2020-01-14 15:00:00+00:00,9842.000000000002,9479.745962434365,9703.831459910429
2020-01-14 16:00:00+00:00,10082.0,9660.748844270558,9863.889947110863
2020-01-14 17:00:00+00:00,9894.000000000002,9783.647867751188,9988.139147414024
2020-01-14 18:00:00+00:00,9477.000000000002,9518.675824526641,9724.227625760202
2020-01-14 19:00:00+00:00,8934.0,9070.089235697138,9270.813031149504
2020-01-14 20:00:00+00:00,8269.0,8529.722865095744,8716.369714253144
2020-01-14 21:00:00+00:00,8002.999999999999,7986.573482596726,8170.990520434711
2020-01-14 22:00:00+00:00,7497.999999999999,7703.416697074016,7842.823443920026
2020-01-14 23:00:00+00:00,7283.0,7287.506228876013,7383.786725240714
2020-01-15 00:00:00+00:00,7002.0,7123.610272465487,7169.001962304098
2020-01-15 01:00:00+00:00,6868.0,6939.653551747387,6924.613669424321
2020-01-15 02:00:00+00:00,6754.000000000001,6885.399927646401,6803.550312498785
2020-01-15 03:00:00+00:00,6929.000000000001,6902.164476771549,6768.703165049638
2020-01-15 04:00:00+00:00,7639.999999999999,7258.01349436033,7093.988873600729
2020-01-15 05:00:00+00:00,8766.0,8117.425549076165,7934.613300798341
2020-01-15 06:00:00+00:00,9798.0,9242.232262927015,9028.0516015089
2020-01-15 07:00:00+00:00,10142.0,10130.023973759315,9859.721788775414
2020-01-15 08:00:00+00:00,10236.0,10299.98813605851,10095.981824672303
2020-01-15 09:00:00+00:00,10248.0,10277.117635405992,10141.802405242026
2020-01-15 10:00:00+00:00,10153.0,10181.30315767259,10119.853585346524
2020-01-15 11:00:00+00:00,9924.000000000002,9947.282672688993,9993.664251145477
2020-01-15 12:00:00+00:00,9801.000000000002,9715.74152114399,9803.83341826264
2020-01-15 13:00:00+00:00,9737.0,9534.790946879624,9706.75920208027
2020-01-15 14:00:00+00:00,9775.0,9479.699895019143,9671.304622499749
2020-01-15 15:00:00+00:00,9843.0,9555.063020204308,9750.753391214432
2020-01-15 16:00:00+00:00,10080.000000000002,9636.222867688815,9857.855617192308
2020-01-15 17:00:00+00:00,9908.000000000002,9796.621589091923,9990.748858583784
2020-01-15 18:00:00+00:00,9475.0,9537.435645993946,9743.702399984424
2020-01-15 19:00:00+00:00,8828.0,9070.811954639405,9257.884591493266
2020-01-15 20:00:00+00:00,8290.0,8442.334040542886,8621.155835570442
2020-01-15 21:00:00+00:00,8016.000000000001,7985.772567930572,8150.516579898587
2020-01-15 22:00:00+00:00,7501.0,7681.767912202292,7810.2170417793195
2020-01-15 23:00:00+00:00,7189.000000000001,7247.922468782927,7348.409380608873
2020-01-16 00:00:00+00:00,6964.0,7008.617760851024,7042.610349232515
2020-01-16 01:00:00+00:00,6768.000000000001,6882.928097973106,6836.476622528579
2020-01-16 02:00:00+00:00,6628.0,6765.59517996449,6666.133577367447
2020-01-16 03:00:00+00:00,6803.0,6765.353357014649,6615.723152714244
2020-01-16 04:00:00+00:00,7489.000000000001,7093.443296154185,6943.69929396485
2020-01-16 05:00:00+00:00,8681.0,7971.096010359512,7765.466753076397
2020-01-16 06:00:00+00:00,9658.0,9142.87010894918,8915.129994881376
2020-01-16 07:00:00+00:00,10011.0,10008.419796042173,9718.893431457254
2020-01-16 08:00:00+00:00,10040.0,10212.710536799697,9992.381895349436
2020-01-16 09:00:00+00:00,10044.000000000002,10147.175101762807,10014.796067198728
2020-01-16 10:00:00+00:00,9951.0,10089.371750871149,9989.172309342193
2020-01-16 11:00:00+00:00,9662.000000000002,9907.393565847837,9860.114784694659
2020-01-16 12:00:00+00:00,9556.000000000002,9554.93068585498,9615.69819011931
2020-01-16 13:00:00+00:00,9481.0,9422.121240068085,9518.708933081727
2020-01-16 14:00:00+00:00,9467.0,9316.488030992994,9459.839068308422
2020-01-16 15:00:00+00:00,9563.0,9313.71020786502,9500.90571836904
2020-01-16 16:00:00+00:00,9869.0,9441.443582575617,9658.625793507746
2020-01-16 17:00:00+00:00,9817.0,9630.674077809632,9844.24816935948
2020-01-16 18:00:00+00:00,9375.0,9468.38030320556,9692.387333738
2020-01-16 19:00:00+00:00,8817.0,8976.91941526492,9211.76278586246
2020-01-16 20:00:00+00:00,8206.0,8400.71691858269,8638.587661193107
2020-01-16 21:00:00+00:00,7931.999999999999,7879.0366120056615,8113.845689503853
2020-01-16 22:00:00+00:00,7423.000000000001,7568.395261024478,7764.007224026389
2020-01-16 23:00:00+00:00,7183.000000000001,7152.225257646432,7313.178642573152
2020-01-17 00:00:00+00:00,6895.0,6957.442941955844,7057.020314401738
2020-01-17 01:00:00+00:00,6730.000000000001,6766.678252107385,6806.019936368428
2020-01-17 02:00:00+00:00,6607.000000000001,6689.860300878261,6657.10218838439
2020-01-17 03:00:00+00:00,6795.000000000001,6713.071443849115,6612.230929100502
2020-01-17 04:00:00+00:00,7554.000000000001,7074.237154806746,6937.917249012532
2020-01-17 05:00:00+00:00,8671.000000000002,7985.777687733271,7818.009188131669
2020-01-17 06:00:00+00:00,9685.0,9122.877481059544,8907.949971510807
2020-01-17 07:00:00+00:00,10041.0,10036.755102709136,9766.127575112401
2020-01-17 08:00:00+00:00,10067.0,10250.63309661967,10027.335974996126
2020-01-17 09:00:00+00:00,10072.000000000002,10192.165043081106,10031.817811701289
2020-01-17 10:00:00+00:00,10014.000000000002,10130.157978957903,10009.698801123981
2020-01-17 11:00:00+00:00,9773.0,9975.144438438738,9882.321806107431
2020-01-17 12:00:00+00:00,9561.000000000002,9674.983982483562,9648.235239617563
2020-01-17 13:00:00+00:00,9372.0,9443.937001946253,9463.523204965877
2020-01-17 14:00:00+00:00,9368.0,9239.971569205725,9332.429112004886
2020-01-17 15:00:00+00:00,9465.0,9199.413653678623,9380.610588382762
2020-01-17 16:00:00+00:00,9838.0,9319.945648712284,9539.748243961369
2020-01-17 17:00:00+00:00,9621.000000000002,9652.116361925375,9768.637273096409
2020-01-17 18:00:00+00:00,9157.000000000002,9355.81332065886,9485.578546758
2020-01-17 19:00:00+00:00,8509.0,8853.239534932254,8981.577927414877
2020-01-17 20:00:00+00:00,7968.0,8201.811074243646,8344.607720579043
2020-01-17 21:00:00+00:00,7794.0,7721.916952138105,7876.30515284344
2020-01-17 22:00:00+00:00,7313.0,7451.800715624597,7606.6303052079575
2020-01-17 23:00:00+00:00,6938.000000000002,7120.957203816379,7188.635446529463
2020-01-18 00:00:00+00:00,6606.0,6625.978740364398,6829.582297215262
2020-01-18 01:00:00+00:00,6436.000000000002,6394.073337453101,6543.773966407133
2020-01-18 02:00:00+00:00,6285.999999999999,6288.202592039382,6370.721865638912
2020-01-18 03:00:00+00:00,6330.0,6249.827946814742,6279.4503951260995
2020-01-18 04:00:00+00:00,6562.0,6452.840676130488,6430.413342655637
2020-01-18 05:00:00+00:00,6994.0,6832.436898011768,6758.928053308521
2020-01-18 06:00:00+00:00,7587.000000000001,7373.8129320752105,7256.498009459162
2020-01-18 07:00:00+00:00,8182.000000000001,7976.837613748192,7831.171168735807
2020-01-18 08:00:00+00:00,8664.0,8499.27361087668,8338.423804432632
2020-01-18 09:00:00+00:00,8968.0,8873.66833245393,8711.420017488774
2020-01-18 10:00:00+00:00,9108.000000000002,9076.019321338345,8932.228558848052
2020-01-18 11:00:00+00:00,8912.0,9094.961990033262,8980.292706742133
2020-01-18 12:00:00+00:00,8643.0,8838.287344275092,8778.102790624665
2020-01-18 13:00:00+00:00,8426.000000000002,8533.067364000595,8540.710765774813
2020-01-18 14:00:00+00:00,8352.000000000002,8304.164247070219,8381.718666627346
2020-01-18 15:00:00+00:00,8423.000000000002,8229.646849830699,8367.434456083956
2020-01-18 16:00:00+00:00,8685.000000000002,8328.955189106271,8531.96306418295
2020-01-18 17:00:00+00:00,8523.0,8451.888839495054,8687.677761370185
2020-01-18 18:00:00+00:00,8139.000000000001,8212.9003082971,8471.3837279017
2020-01-18 19:00:00+00:00,7735.000000000001,7778.703713415132,8051.161673535108
2020-01-18 20:00:00+00:00,7298.000000000001,7376.579080796833,7646.909770344797
2020-01-18 21:00:00+00:00,7244.000000000002,7033.418224783574,7311.255980435165
2020-01-18 22:00:00+00:00,6805.0,6928.113731149751,7154.621531721927
2020-01-18 23:00:00+00:00,6493.000000000001,6555.189043952993,6745.847457054761
2020-01-19 00:00:00+00:00,6218.0,6295.136592709096,6438.721988284751
2020-01-19 01:00:00+00:00,6056.000000000001,6110.673323204675,6199.220403209227
2020-01-19 02:00:00+00:00,5896.0,6013.318696230936,6035.170064235171
2020-01-19 03:00:00+00:00,5892.000000000001,5962.578593526595,5925.991094641133
2020-01-19 04:00:00+00:00,6090.0,6079.286061900596,5985.067335521023
2020-01-19 05:00:00+00:00,6308.0,6358.472838223932,6197.92096266653
2020-01-19 06:00:00+00:00,6770.0,6687.960666421067,6493.288282526994
2020-01-19 07:00:00+00:00,7253.0,7188.069560683093,6959.852763970103
2020-01-19 08:00:00+00:00,7675.000000000001,7631.54605699591,7419.708677679109
2020-01-19 09:00:00+00:00,7963.0,7995.4193856810625,7762.986569982619
2020-01-19 10:00:00+00:00,8179.000000000001,8134.485999569267,7983.900986276043
2020-01-19 11:00:00+00:00,8012.0,8216.97481988746,8078.716775718327
2020-01-19 12:00:00+00:00,7794.0,7954.869369588971,7878.770249893924
2020-01-19 13:00:00+00:00,7534.0,7691.143293857801,7673.374373068347
2020-01-19 14:00:00+00:00,7461.000000000001,7443.008032760329,7492.591711807793
2020-01-19 15:00:00+00:00,7661.000000000001,7401.720877170736,7514.144527118775
2020-01-19 16:00:00+00:00,8146.0,7633.497018333758,7792.2316619710955
2020-01-19 17:00:00+00:00,8236.0,7993.11784934283,8157.233058953324
2020-01-19 18:00:00+00:00,8030.000000000002,7987.371141591647,8159.725038383082
2020-01-19 19:00:00+00:00,7709.0,7698.38711865719,7908.974847855684
2020-01-19 20:00:00+00:00,7425.0,7362.962650656464,7573.350951977876
2020-01-19 21:00:00+00:00,7479.0,7140.671830132808,7372.5725578310285
2020-01-19 22:00:00+00:00,7131.000000000001,7112.205244460159,7306.213012164785
2020-01-19 23:00:00+00:00,6854.0,6819.361368216014,6984.187135489625
2020-01-20 00:00:00+00:00,6698.000000000002,6746.319472118278,6734.524466270038
2020-01-20 01:00:00+00:00,6601.0,6658.206713442762,6582.443260460255
2020-01-20 02:00:00+00:00,6507.000000000002,6628.770570982956,6484.867793563452
2020-01-20 03:00:00+00:00,6664.000000000001,6650.607669419796,6461.3411029309045
2020-01-20 04:00:00+00:00,7429.000000000001,6943.9275269895315,6738.789775860476
2020-01-20 05:00:00+00:00,8636.000000000002,7775.648639582176,7572.330891839014
2020-01-20 06:00:00+00:00,9643.000000000002,8922.603952029369,8690.581204628077
2020-01-20 07:00:00+00:00,10038.0,9809.994732134573,9534.094799834364
2020-01-20 08:00:00+00:00,10094.0,10142.681746971331,9860.149262486546
2020-01-20 09:00:00+00:00,10101.0,10172.450509907692,9898.790549952122
2020-01-20 10:00:00+00:00,10038.0,10129.70124063879,9900.875682153677
2020-01-20 11:00:00+00:00,9832.0,9972.424349500905,9784.284288628269
2020-01-20 12:00:00+00:00,9736.000000000002,9714.736338806775,9607.076092417306
2020-01-20 13:00:00+00:00,9617.0,9507.567368123266,9519.934700585849
2020-01-20 14:00:00+00:00,9613.000000000002,9346.218879017402,9439.673398567798
2020-01-20 15:00:00+00:00,9741.000000000002,9356.441753667083,9492.234453162213
2020-01-20 16:00:00+00:00,10092.0,9542.196494391805,9683.243438804024
2020-01-20 17:00:00+00:00,10000.0,9796.651981735984,9916.93951301715
2020-01-20 18:00:00+00:00,9576.0,9602.62007459279,9749.345908290476
2020-01-20 19:00:00+00:00,9100.000000000002,9137.932642792144,9304.335422683605
2020-01-20 20:00:00+00:00,8455.0,8664.561474787997,8815.510849810513
2020-01-20 21:00:00+00:00,8207.000000000002,8153.763068965532,8309.953945908233
2020-01-20 22:00:00+00:00,7705.000000000001,7885.34615685412,7996.6047829485415
2020-01-20 23:00:00+00:00,7448.000000000001,7465.610627738044,7540.109563514026
2020-01-21 00:00:00+00:00,7169.000000000001,7310.919703512275,7295.693965538827
2020-01-21 01:00:00+00:00,7069.000000000002,7088.866292149352,7056.3083857759575
2020-01-21 02:00:00+00:00,6953.0,7054.772568014381,6961.534038991599
2020-01-21 03:00:00+00:00,7074.000000000001,7068.87301513798,6928.865635753206
2020-01-21 04:00:00+00:00,7709.0,7386.269714888447,7215.320400934879
2020-01-21 05:00:00+00:00,8913.0,8202.10622074976,8014.757301101511
2020-01-21 06:00:00+00:00,9784.0,9402.811289263796,9167.401621433426
2020-01-21 07:00:00+00:00,10100.0,10192.14543939892,9902.305814419926
2020-01-21 08:00:00+00:00,10104.000000000002,10350.329811210453,10139.542824307351
2020-01-21 09:00:00+00:00,10064.0,10263.682736993973,10134.648357468215
2020-01-21 10:00:00+00:00,9977.0,10065.438785938506,10095.459625835094
2020-01-21 11:00:00+00:00,9748.0,9875.111996943508,9980.947839899813
2020-01-21 12:00:00+00:00,9669.0,9646.114332434825,9779.33848283277
2020-01-21 13:00:00+00:00,9556.000000000002,9482.181382606956,9695.852749925238
2020-01-21 14:00:00+00:00,9598.0,9368.891438658165,9623.006241088144
2020-01-21 15:00:00+00:00,9758.000000000002,9451.375427123367,9688.924812279163
2020-01-21 16:00:00+00:00,10046.0,9627.198424691536,9881.085808735148
2020-01-21 17:00:00+00:00,9888.0,9863.609041417592,10048.412119737073
2020-01-21 18:00:00+00:00,9458.0,9633.582196317733,9816.892821300724
2020-01-21 19:00:00+00:00,8883.0,9185.364111175935,9356.293618435702
2020-01-21 20:00:00+00:00,8296.0,8604.846297334323,8751.90006008912
2020-01-21 21:00:00+00:00,8032.999999999999,8114.19252191579,8248.368361350877
2020-01-21 22:00:00+00:00,7540.0,7832.497507451419,7916.164888177666
2020-01-21 23:00:00+00:00,7235.999999999999,7443.600792078395,7491.235434905509
2020-01-22 00:00:00+00:00,6924.000000000001,7168.328810837805,7190.461318885276
2020-01-22 01:00:00+00:00,6838.0,6972.259411504994,6926.696763671572
2020-01-22 02:00:00+00:00,6708.000000000001,6949.499665997457,6831.895963741577
2020-01-22 03:00:00+00:00,6888.000000000001,6941.259988511628,6780.337438109947
2020-01-22 04:00:00+00:00,7572.0,7286.387651011833,7102.620499821633
2020-01-22 05:00:00+00:00,8762.0,8086.7398553933035,7921.474251541904
2020-01-22 06:00:00+00:00,9736.000000000002,9263.120872106627,9068.382256964827
2020-01-22 07:00:00+00:00,10133.0,10054.287564853832,9877.187641612561
2020-01-22 08:00:00+00:00,10218.999999999998,10300.087012501774,10188.166937426044
2020-01-22 09:00:00+00:00,10210.0,10328.04303732389,10250.772904517784
2020-01-22 10:00:00+00:00,10012.000000000002,10219.541952719723,10218.629210342038
2020-01-22 11:00:00+00:00,9730.000000000002,9932.635162426006,10009.99452281393
2020-01-22 12:00:00+00:00,9594.000000000002,9645.232662994606,9772.10528608875
2020-01-22 13:00:00+00:00,9465.0,9474.138493181857,9650.745498395894
2020-01-22 14:00:00+00:00,9521.0,9293.003054443123,9566.636782253041
2020-01-22 15:00:00+00:00,9671.0,9304.267821097934,9633.51875730761
2020-01-22 16:00:00+00:00,10082.0,9460.11893884908,9812.928064959033
2020-01-22 17:00:00+00:00,9913.000000000002,9767.928521850252,10068.886075106573
2020-01-22 18:00:00+00:00,9501.000000000002,9557.011780108085,9825.649401573788
2020-01-22 19:00:00+00:00,8887.000000000002,9149.47478012892,9350.057737145113
2020-01-22 20:00:00+00:00,8254.000000000002,8542.509333597729,8746.725276871563
2020-01-22 21:00:00+00:00,7992.000000000002,7981.683327337128,8206.646140605433
2020-01-22 22:00:00+00:00,7478.000000000001,7668.512448952939,7873.88485231779
2020-01-22 23:00:00+00:00,7080.000000000002,7324.648407497285,7410.6238798307895
2020-01-23 00:00:00+00:00,6847.000000000001,7011.070161901804,7049.382530067771
2020-01-23 01:00:00+00:00,6763.000000000001,6890.405890248037,6832.441081850589
2020-01-23 02:00:00+00:00,6643.000000000001,6861.420208670085,6732.884215011509
2020-01-23 03:00:00+00:00,6789.0,6880.2388374888915,6693.184398748896
2020-01-23 04:00:00+00:00,7487.000000000002,7199.197010002375,6989.217598217718
2020-01-23 05:00:00+00:00,8701.000000000002,8057.764076454528,7830.459948704862
2020-01-23 06:00:00+00:00,9674.0,9262.293038932972,8991.895903835262
2020-01-23 07:00:00+00:00,9981.0,10118.454557765219,9807.913874167054
2020-01-23 08:00:00+00:00,10012.000000000002,10278.077366339505,10045.968688746292
2020-01-23 09:00:00+00:00,9956.0,10180.081081605404,10068.854059548763
2020-01-23 10:00:00+00:00,9793.000000000002,10021.940143798593,9994.063947293158
2020-01-23 11:00:00+00:00,9465.0,9748.531973436304,9795.153601406282
2020-01-23 12:00:00+00:00,9302.000000000002,9418.820154472643,9522.464177045
2020-01-23 13:00:00+00:00,9198.000000000002,9254.961047721945,9377.816344202354
2020-01-23 14:00:00+00:00,9258.000000000002,9123.3796779165,9302.77363803987
2020-01-23 15:00:00+00:00,9463.000000000002,9149.654615813279,9377.394867964702
2020-01-23 16:00:00+00:00,9951.0,9386.18383750398,9620.332850016659
2020-01-23 17:00:00+00:00,9824.0,9778.3496613732,9955.970428750134
2020-01-23 18:00:00+00:00,9432.0,9560.92162426085,9743.180583878731
2020-01-23 19:00:00+00:00,8846.000000000002,9117.163923409369,9297.053701556919
2020-01-23 20:00:00+00:00,8275.000000000002,8532.93039520574,8696.263859520997
2020-01-23 21:00:00+00:00,8025.0,8049.357919694683,8201.860776568628
2020-01-23 22:00:00+00:00,7564.0,7768.396320559369,7877.532016994271
2020-01-23 23:00:00+00:00,7258.0,7383.261810458326,7460.4654842437585
2020-01-24 00:00:00+00:00,6980.0,7145.606337348092,7160.367175529394
2020-01-24 01:00:00+00:00,6816.0,6964.297757257565,6916.687813614726
2020-01-24 02:00:00+00:00,6670.000000000001,6884.31918261681,6762.463992996372
2020-01-24 03:00:00+00:00,6812.000000000001,6868.1810138376,6703.661680579711
2020-01-24 04:00:00+00:00,7517.000000000002,7169.90564662236,7012.377925291722
2020-01-24 05:00:00+00:00,8641.000000000002,8039.891479036926,7845.660410742574
2020-01-24 06:00:00+00:00,9640.000000000002,9143.440624305545,8948.2102642078
2020-01-24 07:00:00+00:00,10011.0,9985.375012408402,9777.108595097972
2020-01-24 08:00:00+00:00,10102.000000000002,10217.93969366675,10057.470083170745
2020-01-24 09:00:00+00:00,10106.0,10226.602810928585,10121.139090379995
2020-01-24 10:00:00+00:00,9972.0,10163.898587595762,10100.15223219835
2020-01-24 11:00:00+00:00,9652.0,9930.615665379348,9928.682318193201
2020-01-24 12:00:00+00:00,9424.0,9561.717873399706,9638.754197459772
2020-01-24 13:00:00+00:00,9246.0,9301.317965185302,9425.539495933494
2020-01-24 14:00:00+00:00,9229.0,9121.250698943633,9298.41288137241
2020-01-24 15:00:00+00:00,9396.0,9048.853320672017,9320.81744106131
2020-01-24 16:00:00+00:00,9803.0,9337.409696093175,9555.030771730451
2020-01-24 17:00:00+00:00,9648.0,9614.283864533962,9801.41512156885
2020-01-24 18:00:00+00:00,9170.0,9372.827846802604,9565.161135717506
2020-01-24 19:00:00+00:00,8623.0,8839.820414037684,9039.964564854916
2020-01-24 20:00:00+00:00,7945.000000000001,8258.250428604371,8486.49356376548
2020-01-24 21:00:00+00:00,7782.0,7705.661707159357,7934.20397526435
2020-01-24 22:00:00+00:00,7332.0,7511.2312058715415,7683.427611427689
2020-01-24 23:00:00+00:00,6889.000000000002,7124.919899256003,7254.504698308441
2020-01-25 00:00:00+00:00,6577.000000000001,6620.975961895658,6841.409890143706
2020-01-25 01:00:00+00:00,6440.0,6443.145227773329,6565.5893105064515
2020-01-25 02:00:00+00:00,6279.000000000001,6361.997690205842,6423.81437569971
2020-01-25 03:00:00+00:00,6318.000000000001,6327.422048989066,6324.934923543046
2020-01-25 04:00:00+00:00,6579.0,6515.697855808724,6453.367961426022
2020-01-25 05:00:00+00:00,6980.0,6894.937943547844,6816.698790217525
2020-01-25 06:00:00+00:00,7544.000000000002,7449.353478412999,7305.478306449369
2020-01-25 07:00:00+00:00,8072.0,7986.809086614419,7866.741094895842
2020-01-25 08:00:00+00:00,8572.0,8476.544632808855,8357.751333996284
2020-01-25 09:00:00+00:00,8726.000000000002,8877.425750918064,8786.137488027753
2020-01-25 10:00:00+00:00,8728.0,8921.617151389932,8916.936450754092
2020-01-25 11:00:00+00:00,8490.0,8820.889171028122,8854.886117356216
2020-01-25 12:00:00+00:00,8278.000000000002,8509.5023465883,8608.803203416493
2020-01-25 13:00:00+00:00,8037.000000000001,8219.528005330127,8396.00356059527
2020-01-25 14:00:00+00:00,8032.000000000001,8012.874005312364,8202.60219244579
2020-01-25 15:00:00+00:00,8133.999999999999,7972.141608030415,8225.626571069486
2020-01-25 16:00:00+00:00,8563.0,8096.114022913893,8383.62775632822
2020-01-25 17:00:00+00:00,8404.000000000002,8378.71609784801,8654.894870318678
2020-01-25 18:00:00+00:00,7996.0,8131.46697240424,8424.980373807985
2020-01-25 19:00:00+00:00,7520.0,7691.088679141333,8002.73823391294
2020-01-25 20:00:00+00:00,7083.000000000002,7213.065288308971,7513.967352008652
2020-01-25 21:00:00+00:00,7050.000000000002,6856.848490341927,7169.363332957008
2020-01-25 22:00:00+00:00,6699.0,6753.215159963425,7023.333005085118
2020-01-25 23:00:00+00:00,6389.000000000001,6454.929806441852,6669.306173363035
2020-01-26 00:00:00+00:00,6112.0,6200.743601821224,6362.773926048639
2020-01-26 01:00:00+00:00,5978.0,6022.588834305845,6116.330165010973
2020-01-26 02:00:00+00:00,5813.000000000001,5964.891781496361,5973.618663222836
2020-01-26 03:00:00+00:00,5807.000000000001,5926.249158354871,5854.396086968638
2020-01-26 04:00:00+00:00,6011.0,6049.649760689883,5909.215575071223
2020-01-26 05:00:00+00:00,6225.000000000001,6335.96980554142,6133.081086559908
2020-01-26 06:00:00+00:00,6732.0,6658.521259724356,6425.287503524059
2020-01-26 07:00:00+00:00,7176.0,7185.609306651962,6934.398218137622
2020-01-26 08:00:00+00:00,7622.0,7564.7376472876,7382.887870431054
2020-01-26 09:00:00+00:00,7900.0,7872.284471238811,7779.843694148356
2020-01-26 10:00:00+00:00,8052.000000000002,8086.617090829211,8027.372888945079
2020-01-26 11:00:00+00:00,7899.000000000002,8092.1930020900445,8087.704381888751
2020-01-26 12:00:00+00:00,7588.000000000002,7873.542440898434,7915.572466295516
2020-01-26 13:00:00+00:00,7386.000000000002,7572.498942089248,7616.6679332882395
2020-01-26 14:00:00+00:00,7352.000000000001,7333.595321105458,7453.121947282465
2020-01-26 15:00:00+00:00,7464.000000000001,7313.1612150966,7475.645688512714
2020-01-26 16:00:00+00:00,7888.000000000002,7475.816722504214,7687.177326609888
2020-01-26 17:00:00+00:00,8013.999999999999,7778.595488681739,8004.74386712952
2020-01-26 18:00:00+00:00,7799.0,7778.469385653466,8025.297300486132
2020-01-26 19:00:00+00:00,7420.0,7528.580185732872,7767.029502386397
2020-01-26 20:00:00+00:00,7025.000000000001,7149.828298670559,7398.509709034684
2020-01-26 21:00:00+00:00,7108.0,6859.85865842015,7116.285329266044
2020-01-26 22:00:00+00:00,6770.0,6876.85429717147,7081.306579123117
2020-01-26 23:00:00+00:00,6548.000000000002,6589.3526525018815,6754.003835486091
2020-01-27 00:00:00+00:00,6307.000000000001,6527.246594114242,6538.632940509758
2020-01-27 01:00:00+00:00,6204.000000000002,6410.434749326054,6331.919214508688
2020-01-27 02:00:00+00:00,6127.000000000001,6365.885528252326,6224.931412686285
2020-01-27 03:00:00+00:00,6352.0,6400.561525491416,6199.1731548741955
2020-01-27 04:00:00+00:00,7100.0,6748.026478462504,6532.635830938532
2020-01-27 05:00:00+00:00,8399.0,7552.328372930227,7339.593421797272
2020-01-27 06:00:00+00:00,9449.000000000002,8806.246700245792,8534.279844701263
2020-01-27 07:00:00+00:00,9831.000000000002,9748.248810253408,9419.184933681076
2020-01-27 08:00:00+00:00,9941.000000000002,9995.948781224013,9745.459176327813
2020-01-27 09:00:00+00:00,9950.0,10001.82641750479,9849.142289639656
2020-01-27 10:00:00+00:00,9812.000000000002,9970.610072185578,9854.997306909649
2020-01-27 11:00:00+00:00,9531.000000000002,9763.850000175104,9701.044172950398
2020-01-27 12:00:00+00:00,9377.0,9412.86524848413,9451.8294558103
2020-01-27 13:00:00+00:00,9317.0,9209.059496549702,9299.725719629712
2020-01-27 14:00:00+00:00,9308.0,9052.024481539851,9252.446774640715
2020-01-27 15:00:00+00:00,9433.000000000002,9036.647032257115,9280.073712024277
2020-01-27 16:00:00+00:00,9780.000000000002,9220.007975670076,9474.390054520256
2020-01-27 17:00:00+00:00,9695.000000000002,9515.561694409475,9721.025940987849
2020-01-27 18:00:00+00:00,9274.0,9338.808163878244,9557.886244681984
2020-01-27 19:00:00+00:00,8636.000000000002,8888.289040759953,9124.813259010609
2020-01-27 20:00:00+00:00,8036.0,8258.823951869292,8497.243874764295
2020-01-27 21:00:00+00:00,7784.000000000001,7772.466827916725,8013.03181786652
2020-01-27 22:00:00+00:00,7287.000000000001,7509.739280194762,7702.078259891692
2020-01-27 23:00:00+00:00,6864.000000000001,7111.7200185376005,7268.577496635911
2020-01-28 00:00:00+00:00,6566.000000000001,6784.706456915784,6883.642666519969
2020-01-28 01:00:00+00:00,6429.0,6569.832055001973,6636.778750150792
2020-01-28 02:00:00+00:00,6326.999999999999,6520.3074866639645,6507.092757289014
2020-01-28 03:00:00+00:00,6561.000000000001,6545.67240895217,6473.320132483344
2020-01-28 04:00:00+00:00,7309.000000000001,6953.987259840071,6828.803025760657
2020-01-28 05:00:00+00:00,8513.000000000002,7861.287709618391,7717.5232864001955
2020-01-28 06:00:00+00:00,9482.000000000002,9058.08839796854,8856.280033450903
2020-01-28 07:00:00+00:00,9843.0,9903.513670322543,9660.854741535872
2020-01-28 08:00:00+00:00,9914.0,10134.683939816348,9935.480844057429
2020-01-28 09:00:00+00:00,10010.0,10124.088572961224,9980.402185164741
2020-01-28 10:00:00+00:00,10090.0,10080.100878689462,10023.18000356189
2020-01-28 11:00:00+00:00,9890.0,10051.320333350775,10015.053349721036
2020-01-28 12:00:00+00:00,9845.000000000002,9784.941954596747,9840.575413803881
2020-01-28 13:00:00+00:00,9742.0,9697.449285822464,9780.461207139646
2020-01-28 14:00:00+00:00,9693.0,9674.42188265559,9712.452870095438
2020-01-28 15:00:00+00:00,9730.000000000002,9631.698696519563,9717.84723567307
2020-01-28 16:00:00+00:00,9886.000000000002,9670.748785525362,9828.85132512181
2020-01-28 17:00:00+00:00,9718.0,9710.617716822775,9905.636831796957
2020-01-28 18:00:00+00:00,9268.0,9447.59802630031,9664.417108328998
2020-01-28 19:00:00+00:00,8715.000000000002,8944.925243054004,9170.43471528822
2020-01-28 20:00:00+00:00,8064.0,8385.62226007938,8601.216337153975
2020-01-28 21:00:00+00:00,7832.0,7837.644687957673,8050.936664326956
2020-01-28 22:00:00+00:00,7330.000000000001,7580.827539044961,7744.326521527107
2020-01-28 23:00:00+00:00,6999.0,7162.401330466969,7282.451968061174
2020-01-29 00:00:00+00:00,6763.000000000001,6877.282009214393,6954.241991501243
2020-01-29 01:00:00+00:00,6664.000000000001,6745.042198144273,6753.169234212671
2020-01-29 02:00:00+00:00,6578.000000000002,6705.731120001301,6646.7385728834115
2020-01-29 03:00:00+00:00,6694.000000000001,6759.804196952648,6637.1783680846265
2020-01-29 04:00:00+00:00,7341.000000000001,7069.292811164087,6915.643128835424
2020-01-29 05:00:00+00:00,8561.0,7901.1944469211685,7720.060866068924
2020-01-29 06:00:00+00:00,9522.0,9097.230945117613,8884.943871082984
2020-01-29 07:00:00+00:00,9854.0,9965.92395394827,9698.180836978645
2020-01-29 08:00:00+00:00,9991.0,10215.871193917596,9964.856788313093
2020-01-29 09:00:00+00:00,10077.000000000002,10237.435511330197,10071.113820349909
2020-01-29 10:00:00+00:00,10005.0,10238.4461085542,10100.988947172988
2020-01-29 11:00:00+00:00,9701.0,10070.982181526537,9976.639581497468
2020-01-29 12:00:00+00:00,9654.000000000002,9744.840442031746,9722.546066358891
2020-01-29 13:00:00+00:00,9566.0,9624.553226690701,9654.428275575114
2020-01-29 14:00:00+00:00,9544.0,9492.327931912661,9597.130266891718
2020-01-29 15:00:00+00:00,9589.0,9497.141763506159,9613.636674251058
2020-01-29 16:00:00+00:00,9910.0,9574.004495135929,9740.465920978631
2020-01-29 17:00:00+00:00,9814.0,9737.630657754751,9930.077303005299
2020-01-29 18:00:00+00:00,9360.0,9531.018559840035,9743.19515033929
2020-01-29 19:00:00+00:00,8813.000000000002,9021.362035428769,9244.971557171917
2020-01-29 20:00:00+00:00,8132.0,8448.952015439654,8667.125291406428
2020-01-29 21:00:00+00:00,7940.000000000002,7860.4162623308075,8096.508574509978
2020-01-29 22:00:00+00:00,7475.000000000001,7630.133320705053,7814.755498548486
2020-01-29 23:00:00+00:00,7090.000000000001,7227.149717569793,7368.362710555191
2020-01-30 00:00:00+00:00,6808.0,6925.836103087147,7020.89187411213
2020-01-30 01:00:00+00:00,6674.0,6745.736762364806,6789.261221467523
2020-01-30 02:00:00+00:00,6524.0,6692.407602701569,6660.275286051218
2020-01-30 03:00:00+00:00,6687.000000000002,6682.271679064746,6587.8729176435745
2020-01-30 04:00:00+00:00,7402.000000000001,7013.956622164133,6895.9971178086735
2020-01-30 05:00:00+00:00,8626.0,7888.066056660637,7756.421547083158
2020-01-30 06:00:00+00:00,9467.0,9086.957472468363,8923.440708737638
2020-01-30 07:00:00+00:00,9770.0,9851.959849752522,9628.284757629264
2020-01-30 08:00:00+00:00,9781.0,10054.234333212706,9867.680653519365
2020-01-30 09:00:00+00:00,9737.0,10016.427792752822,9871.122698585987
2020-01-30 10:00:00+00:00,9599.000000000002,9896.170823329077,9800.77478838604
2020-01-30 11:00:00+00:00,9322.0,9665.717971385391,9610.783527219097
2020-01-30 12:00:00+00:00,9180.0,9333.969982388631,9370.990705286758
2020-01-30 13:00:00+00:00,9071.0,9181.334686970693,9239.101869537528
2020-01-30 14:00:00+00:00,9048.000000000002,8971.311085037185,9169.173246225744
2020-01-30 15:00:00+00:00,9195.000000000002,8930.850806258795,9196.47156898035
2020-01-30 16:00:00+00:00,9635.000000000002,9163.141161092666,9426.1626183685
2020-01-30 17:00:00+00:00,9588.0,9518.18770963234,9717.089210642538
2020-01-30 18:00:00+00:00,9181.0,9400.964158521634,9569.883922753921
2020-01-30 19:00:00+00:00,8611.000000000002,8961.543224805706,9112.226523107323
2020-01-30 20:00:00+00:00,7994.000000000001,8377.271494331366,8527.50632160478
2020-01-30 21:00:00+00:00,7713.000000000001,7852.297992228876,8009.3604287419475
2020-01-30 22:00:00+00:00,7211.000000000002,7527.740791341001,7675.493931920115
2020-01-30 23:00:00+00:00,6809.000000000001,7084.777982005079,7216.0732974105085
2020-01-31 00:00:00+00:00,6569.000000000001,6750.749925619653,6843.595018578801
2020-01-31 01:00:00+00:00,6427.000000000001,6576.276055929205,6624.215543843071
2020-01-31 02:00:00+00:00,6323.000000000001,6494.034634263941,6479.271801552883
2020-01-31 03:00:00+00:00,6468.000000000001,6498.322491842334,6443.454290477481
2020-01-31 04:00:00+00:00,7134.999999999999,6812.9125438656365,6744.880292689393
2020-01-31 05:00:00+00:00,8207.000000000002,7633.502784035568,7552.339236079947
2020-01-31 06:00:00+00:00,9085.0,8716.666360742438,8603.587049569254
2020-01-31 07:00:00+00:00,9350.0,9494.284448675613,9346.150562292403
2020-01-31 08:00:00+00:00,9464.0,9723.262613722285,9559.94307960575
2020-01-31 09:00:00+00:00,9515.000000000002,9786.3143493569,9641.19103109853
2020-01-31 10:00:00+00:00,9486.0,9698.023204108847,9641.479171181585
2020-01-31 11:00:00+00:00,9210.0,9547.096098588285,9535.323082720952
2020-01-31 12:00:00+00:00,8964.0,9206.3455018518,9276.124199985574
2020-01-31 13:00:00+00:00,8804.0,8956.774468854124,9051.44555219728
2020-01-31 14:00:00+00:00,8706.0,8754.768514305242,8928.62032443219
2020-01-31 15:00:00+00:00,8708.0,8614.044152387658,8900.964218106532
2020-01-31 16:00:00+00:00,9041.0,8738.935130482549,9016.920155484611
2020-01-31 17:00:00+00:00,8996.000000000002,8995.76273674978,9227.270183072715
2020-01-31 18:00:00+00:00,8562.000000000002,8829.979210815673,9067.92849573775
2020-01-31 19:00:00+00:00,7954.0,8359.069744025805,8596.388370800136
2020-01-31 20:00:00+00:00,7381.0,7733.916415918361,7967.214253370212
2020-01-31 21:00:00+00:00,7156.000000000001,7269.958722044342,7491.941147044895
2020-01-31 22:00:00+00:00,6782.000000000001,7026.275053942352,7198.596691900536
2020-01-31 23:00:00+00:00,6405.000000000001,6681.441823818066,6804.69255269559
2020-02-01 00:00:00+00:00,6059.000000000002,6213.188711045022,6447.0012676091255
2020-02-01 01:00:00+00:00,5880.0,5978.136946948499,6154.413580568843
2020-02-01 02:00:00+00:00,5734.000000000001,5887.389754247209,5982.733581633711
2020-02-01 03:00:00+00:00,5790.0,5875.071183222699,5894.09332586255
2020-02-01 04:00:00+00:00,6096.0,6088.890841712209,6037.896814651655
2020-02-01 05:00:00+00:00,6477.000000000002,6535.102790026457,6424.178091115195
2020-02-01 06:00:00+00:00,7013.0,7048.340638563975,6883.267295470479
2020-02-01 07:00:00+00:00,7406.0,7585.337988957362,7402.535619042825
2020-02-01 08:00:00+00:00,7624.0,7865.310362697051,7799.6055892766
2020-02-01 09:00:00+00:00,7625.000000000001,7989.141894362457,7994.264766760531
2020-02-01 10:00:00+00:00,7519.000000000001,7983.1479737969275,7992.975153744214
2020-02-01 11:00:00+00:00,7224.999999999999,7773.0773970803575,7846.396266471256
2020-02-01 12:00:00+00:00,7026.0,7402.013116782528,7569.027298652038
2020-02-01 13:00:00+00:00,6880.000000000001,7129.270215948084,7362.281162126958
2020-02-01 14:00:00+00:00,6980.0,7022.311083975582,7246.249674992406
2020-02-01 15:00:00+00:00,7156.000000000001,6993.123564428419,7340.062939742367
2020-02-01 16:00:00+00:00,7751.000000000001,7294.1297766379585,7580.10059406077
2020-02-01 17:00:00+00:00,7765.000000000001,7728.751593245394,7982.390838260002
2020-02-01 18:00:00+00:00,7399.000000000001,7635.4728246699,7878.258049963832
2020-02-01 19:00:00+00:00,6990.000000000002,7209.089187517606,7467.919392306897
2020-02-01 20:00:00+00:00,6627.000000000002,6765.749924926462,7036.4144739186995
2020-02-01 21:00:00+00:00,6583.000000000001,6464.271706134636,6745.712536298862
2020-02-01 22:00:00+00:00,6169.0,6350.53812989497,6614.923101658921
2020-02-01 23:00:00+00:00,5797.000000000002,5993.360451323449,6219.985178520556
2020-02-02 00:00:00+00:00,5501.0,5691.4579941854945,5864.865043868402
2020-02-02 01:00:00+00:00,5376.0,5465.985178721762,5606.825823301402
2020-02-02 02:00:00+00:00,5290.0,5394.825647606343,5470.87145914354
2020-02-02 03:00:00+00:00,5330.0,5401.845973536554,5410.638919776545
2020-02-02 04:00:00+00:00,5498.0,5589.799856314936,5503.906894793349
2020-02-02 05:00:00+00:00,5760.0,5796.58740391688,5698.97861457786
2020-02-02 06:00:00+00:00,6170.000000000001,6167.0085212357,6033.325883230283
2020-02-02 07:00:00+00:00,6599.000000000001,6663.575756526768,6453.070781309088
2020-02-02 08:00:00+00:00,6953.0,7025.69322273862,6873.889930726467
2020-02-02 09:00:00+00:00,7120.000000000001,7289.150903959554,7189.603392693362
2020-02-02 10:00:00+00:00,7215.0,7358.768031253023,7334.58295736673
2020-02-02 11:00:00+00:00,7100.0,7299.82112778328,7351.575306534544
2020-02-02 12:00:00+00:00,6904.0,7121.478737603156,7189.897857986086
2020-02-02 13:00:00+00:00,6831.000000000001,6924.340799757549,6994.404020309785
2020-02-02 14:00:00+00:00,6774.000000000001,6849.645230592491,6941.541808750165
2020-02-02 15:00:00+00:00,6902.000000000001,6783.574832588731,6935.296047326914
2020-02-02 16:00:00+00:00,7254.000000000001,6936.690476590999,7159.103117299183
2020-02-02 17:00:00+00:00,7355.000000000001,7187.64084538186,7444.0658657313015
2020-02-02 18:00:00+00:00,7191.000000000001,7154.836055337053,7447.631530081044
2020-02-02 19:00:00+00:00,6854.0,6897.956390673574,7220.400975211592
2020-02-02 20:00:00+00:00,6487.999999999999,6527.195111724428,6866.268217073788
2020-02-02 21:00:00+00:00,6572.000000000001,6279.159828339129,6610.30271318541
2020-02-02 22:00:00+00:00,6159.000000000001,6306.244571646888,6573.255811118061
2020-02-02 23:00:00+00:00,5854.000000000001,5933.716640807887,6197.038559905986
2020-02-03 00:00:00+00:00,5682.0,5832.234876117126,5902.2388507314845
2020-02-03 01:00:00+00:00,5617.0,5743.1736970588345,5745.752237001076
2020-02-03 02:00:00+00:00,5542.000000000001,5765.382108964211,5676.101801420043
2020-02-03 03:00:00+00:00,5802.000000000001,5802.139553052873,5668.853180731466
2020-02-03 04:00:00+00:00,6608.000000000002,6207.3236024487,6021.921631053489
2020-02-03 05:00:00+00:00,7865.000000000001,7092.381942325955,6893.5133861659715
2020-02-03 06:00:00+00:00,8809.0,8284.025967087635,8058.502536504523
2020-02-03 07:00:00+00:00,9184.0,9126.355603475395,8861.71922181548
2020-02-03 08:00:00+00:00,9385.0,9459.640681974222,9186.605833150566
2020-02-03 09:00:00+00:00,9591.000000000002,9600.633936835698,9349.182696774746
2020-02-03 10:00:00+00:00,9677.0,9719.531714081264,9480.676856021953
2020-02-03 11:00:00+00:00,9546.0,9666.905844119361,9479.470621607594
2020-02-03 12:00:00+00:00,9463.000000000002,9486.416901573873,9337.838355605028
2020-02-03 13:00:00+00:00,9368.0,9357.692238865326,9259.595979706997
2020-02-03 14:00:00+00:00,9308.0,9214.585273787645,9183.905180640772
2020-02-03 15:00:00+00:00,9228.000000000002,9128.034146472504,9174.713769459122
2020-02-03 16:00:00+00:00,9441.000000000002,9083.74089675332,9212.052151877377
2020-02-03 17:00:00+00:00,9332.000000000002,9193.531065248675,9359.677940856154
2020-02-03 18:00:00+00:00,8945.0,8992.71476504228,9183.39772808091
2020-02-03 19:00:00+00:00,8347.0,8543.721068359133,8746.27084639972
2020-02-03 20:00:00+00:00,7671.0,7955.580692627607,8159.3192676929175
2020-02-03 21:00:00+00:00,7377.000000000001,7399.271244401295,7618.518254751534
2020-02-03 22:00:00+00:00,6847.000000000001,7086.517425945536,7271.990412954358
2020-02-03 23:00:00+00:00,6544.000000000001,6628.479421565687,6774.856282577792
2020-02-04 00:00:00+00:00,6281.0,6402.673688691213,6479.667022290888
2020-02-04 01:00:00+00:00,6137.0,6249.377172177361,6254.095719998627
2020-02-04 02:00:00+00:00,6053.999999999999,6159.804872922232,6122.238119882879
2020-02-04 03:00:00+00:00,6259.0,6214.746220045898,6127.6506683256475
2020-02-04 04:00:00+00:00,6936.0,6575.604325105182,6488.761757733984
2020-02-04 05:00:00+00:00,8088.0,7425.964696002846,7322.092696135622
2020-02-04 06:00:00+00:00,8922.000000000002,8597.060459037359,8434.094699404433
2020-02-04 07:00:00+00:00,9366.0,9340.0301898415,9147.839077933319
2020-02-04 08:00:00+00:00,9530.0,9731.056750767217,9503.787302526864
2020-02-04 09:00:00+00:00,9688.0,9891.250642174806,9659.19017758793
2020-02-04 10:00:00+00:00,9787.0,10015.541676659504,9797.866754754361
2020-02-04 11:00:00+00:00,9734.0,9991.27972449077,9820.87159964758
2020-02-04 12:00:00+00:00,9667.0,9836.338009259545,9766.643884455018
2020-02-04 13:00:00+00:00,9571.0,9732.128795385319,9689.653518994639
2020-02-04 14:00:00+00:00,9461.0,9595.019433884956,9604.757774286236
2020-02-04 15:00:00+00:00,9402.0,9436.289605734686,9525.177794377292
2020-02-04 16:00:00+00:00,9703.000000000002,9386.95612533398,9529.085150185923
2020-02-04 17:00:00+00:00,9661.0,9579.476379249529,9708.70023881454
2020-02-04 18:00:00+00:00,9211.0,9410.141439058774,9558.771040728143
2020-02-04 19:00:00+00:00,8616.0,8909.785563045705,9072.244145856908
2020-02-04 20:00:00+00:00,8021.000000000001,8288.377870777329,8453.633308855742
2020-02-04 21:00:00+00:00,7822.000000000001,7779.781350848794,7947.556657315355
2020-02-04 22:00:00+00:00,7274.000000000002,7539.214536749182,7660.958248497131
2020-02-04 23:00:00+00:00,6909.0,7075.624454280422,7169.041558752261
2020-02-05 00:00:00+00:00,6625.0,6786.36476998697,6833.660010064989
2020-02-05 01:00:00+00:00,6478.0,6590.6330289068,6594.184261577243
2020-02-05 02:00:00+00:00,6409.0,6516.816728530791,6462.679992141129
2020-02-05 03:00:00+00:00,6568.0,6551.209429388138,6450.676093755907
2020-02-05 04:00:00+00:00,7276.000000000001,6880.906644345402,6748.013096278926
2020-02-05 05:00:00+00:00,8376.000000000002,7746.356729319261,7599.349774040454
2020-02-05 06:00:00+00:00,9213.0,8842.974505980827,8663.165871248753
2020-02-05 07:00:00+00:00,9593.0,9604.12023166716,9378.602511832762
2020-02-05 08:00:00+00:00,9697.0,9943.509170367799,9697.831862887546
2020-02-05 09:00:00+00:00,9837.000000000002,10031.627872102965,9803.474527151167
2020-02-05 10:00:00+00:00,9946.000000000002,10109.548498849237,9899.620358550708
2020-02-05 11:00:00+00:00,9807.000000000002,10114.310763215828,9915.189234407502
2020-02-05 12:00:00+00:00,9650.0,9933.265981470193,9798.52413947341
2020-02-05 13:00:00+00:00,9498.000000000002,9724.035903430962,9658.238076601761
2020-02-05 14:00:00+00:00,9398.0,9533.932400267979,9533.709772732887
2020-02-05 15:00:00+00:00,9357.0,9393.135468198941,9464.648548829526
2020-02-05 16:00:00+00:00,9687.000000000002,9328.107251110072,9521.333945590624
2020-02-05 17:00:00+00:00,9761.0,9569.25793771881,9741.68160322512
2020-02-05 18:00:00+00:00,9370.000000000002,9486.435181886814,9671.443144615894
2020-02-05 19:00:00+00:00,8724.0,9034.790207639679,9229.714057321578
2020-02-05 20:00:00+00:00,8174.999999999999,8378.890736089435,8573.759084816218
2020-02-05 21:00:00+00:00,7990.0,7919.695501773821,8116.67735895515
2020-02-05 22:00:00+00:00,7497.000000000001,7696.328575323137,7846.346668249085
2020-02-05 23:00:00+00:00,7149.0,7270.394510848566,7379.379025203951
2020-02-06 00:00:00+00:00,6877.000000000001,7002.691156441505,7045.721976503862
2020-02-06 01:00:00+00:00,6709.000000000002,6853.8089392893535,6807.857679846312
2020-02-06 02:00:00+00:00,6643.000000000001,6772.893975571673,6649.20903968723
2020-02-06 03:00:00+00:00,6775.0,6824.0248168911285,6645.26651556913
2020-02-06 04:00:00+00:00,7479.0,7150.853022627295,6938.642839868789
2020-02-06 05:00:00+00:00,8575.0,8012.980111382433,7783.867076327156
2020-02-06 06:00:00+00:00,9420.0,9089.381887817304,8821.047632765281
2020-02-06 07:00:00+00:00,9698.000000000002,9828.74867675672,9531.71462636496
2020-02-06 08:00:00+00:00,9692.000000000002,9974.72240474613,9746.254926766138
2020-02-06 09:00:00+00:00,9680.0,9881.950335342915,9743.714845186138
2020-02-06 10:00:00+00:00,9684.000000000002,9851.670794896789,9715.657970898656
2020-02-06 11:00:00+00:00,9443.0,9751.962687105603,9652.808395927841
2020-02-06 12:00:00+00:00,9250.000000000002,9429.75340536503,9435.314805921193
2020-02-06 13:00:00+00:00,9099.0,9219.639201696755,9260.070381217465
2020-02-06 14:00:00+00:00,9060.0,9031.97570068608,9136.800353567702
2020-02-06 15:00:00+00:00,9075.000000000002,8902.08540819532,9134.257599760538
2020-02-06 16:00:00+00:00,9618.0,8957.657426827287,9258.012569373152
2020-02-06 17:00:00+00:00,9756.0,9490.487187680757,9653.567429050343
2020-02-06 18:00:00+00:00,9357.0,9467.698147963923,9644.229827027679
2020-02-06 19:00:00+00:00,8754.0,9000.44467189014,9188.13862706086
2020-02-06 20:00:00+00:00,8200.0,8411.020148280222,8580.0444110132
2020-02-06 21:00:00+00:00,7980.000000000001,7949.049085476833,8102.600361721985
2020-02-06 22:00:00+00:00,7519.000000000001,7697.370394565448,7803.318514029927
2020-02-06 23:00:00+00:00,7190.0,7302.337303035262,7357.763812419289
2020-02-07 00:00:00+00:00,6904.0,7000.623120615888,7047.336767298268
2020-02-07 01:00:00+00:00,6773.0,6863.009601211776,6795.961045483331
2020-02-07 02:00:00+00:00,6661.0,6801.501628662385,6673.895761513129
2020-02-07 03:00:00+00:00,6798.000000000001,6813.275891026738,6630.462462101947
2020-02-07 04:00:00+00:00,7500.000000000001,7136.0153484984285,6917.625547794696
2020-02-07 05:00:00+00:00,8497.000000000002,7973.116200479775,7730.765696046687
2020-02-07 06:00:00+00:00,9356.000000000002,8971.071852411562,8703.093595073417
2020-02-07 07:00:00+00:00,9672.0,9705.975316128828,9408.6999569368
2020-02-07 08:00:00+00:00,9657.000000000002,9887.970808448768,9663.332965735159
2020-02-07 09:00:00+00:00,9569.000000000002,9775.355896428408,9661.548865037956
2020-02-07 10:00:00+00:00,9436.000000000002,9627.844624744994,9591.349043867625
2020-02-07 11:00:00+00:00,9080.0,9395.567144035887,9420.202871312955
2020-02-07 12:00:00+00:00,8807.0,9019.503192053247,9094.682623028035
2020-02-07 13:00:00+00:00,8644.000000000002,8696.503850351879,8850.517378275981
2020-02-07 14:00:00+00:00,8598.000000000002,8490.575040166279,8708.107753958144
2020-02-07 15:00:00+00:00,8674.000000000002,8406.102409498655,8675.765810183357
2020-02-07 16:00:00+00:00,9200.0,8532.42062268916,8839.231541806867
2020-02-07 17:00:00+00:00,9329.000000000002,9045.881650984924,9227.507331317924
2020-02-07 18:00:00+00:00,8983.0,9023.32850492351,9205.514269864661
2020-02-07 19:00:00+00:00,8398.000000000002,8662.535209029566,8784.051642818775
2020-02-07 20:00:00+00:00,7832.0,8106.092817671773,8197.536839836928
2020-02-07 21:00:00+00:00,7645.000000000002,7635.3476653646485,7719.721491360367
2020-02-07 22:00:00+00:00,7216.000000000001,7421.280777173108,7472.606953236193
2020-02-07 23:00:00+00:00,6815.000000000001,7042.7875955919635,7056.971912652056
2020-02-08 00:00:00+00:00,6521.0,6541.292887723866,6671.36408649552
2020-02-08 01:00:00+00:00,6354.000000000002,6338.984731261433,6409.49712889018
2020-02-08 02:00:00+00:00,6162.000000000001,6251.985243053321,6249.037341008329
2020-02-08 03:00:00+00:00,6187.000000000001,6205.73173975177,6129.360144017674
2020-02-08 04:00:00+00:00,6464.0,6401.590622358791,6262.002034179803
2020-02-08 05:00:00+00:00,6944.0,6811.573336293908,6617.2725507389605
2020-02-08 06:00:00+00:00,7469.0,7379.571483171435,7142.1601563742
2020-02-08 07:00:00+00:00,7912.999999999999,7865.309502222834,7630.336333069278
2020-02-08 08:00:00+00:00,8126.0,8183.789238733098,7998.93456428398
2020-02-08 09:00:00+00:00,8129.0,8218.696048903837,8148.900968434505
2020-02-08 10:00:00+00:00,8038.000000000001,8119.063723518357,8119.709510359903
2020-02-08 11:00:00+00:00,7769.0,7903.786882410836,7966.988177513972
2020-02-08 12:00:00+00:00,7443.000000000002,7598.497816653942,7708.620006060127
2020-02-08 13:00:00+00:00,7286.0,7279.321316084687,7427.251067542839
2020-02-08 14:00:00+00:00,7318.0,7125.5321520677335,7328.071167675236
2020-02-08 15:00:00+00:00,7478.000000000001,7065.915603418794,7392.301036309927
2020-02-08 16:00:00+00:00,8030.000000000002,7287.10507485962,7668.360543314652
2020-02-08 17:00:00+00:00,8157.0,7827.764372726474,8086.741143946577
2020-02-08 18:00:00+00:00,7867.0,7872.49559792134,8080.7689700657065
2020-02-08 19:00:00+00:00,7488.0,7543.490659957751,7741.422421373401
2020-02-08 20:00:00+00:00,7054.0,7158.702556147947,7347.2623689272905
2020-02-08 21:00:00+00:00,6977.0,6827.612467876816,7005.042790186204
2020-02-08 22:00:00+00:00,6566.000000000001,6702.868028206076,6833.241422768912
2020-02-08 23:00:00+00:00,6225.999999999999,6329.4849454982095,6426.32684252329
2020-02-09 00:00:00+00:00,5970.0,6033.0668127475765,6094.906748297665
2020-02-09 01:00:00+00:00,5883.0,5867.9058113545,5868.988419269061
2020-02-09 02:00:00+00:00,5757.0,5836.01849236521,5773.227610632317
2020-02-09 03:00:00+00:00,5773.0,5807.6296986251,5690.395025500088
2020-02-09 04:00:00+00:00,5966.000000000001,5948.48393903551,5756.641945399644
2020-02-09 05:00:00+00:00,6171.000000000002,6227.767172909555,5987.198383183638
2020-02-09 06:00:00+00:00,6599.000000000001,6515.382169052888,6259.458557681068
2020-02-09 07:00:00+00:00,7026.0,6935.514651279091,6693.324077193369
2020-02-09 08:00:00+00:00,7280.0,7244.318460538092,7093.95085261233
2020-02-09 09:00:00+00:00,7426.999999999999,7397.788599571771,7314.140962892697
2020-02-09 10:00:00+00:00,7415.000000000001,7442.768813398823,7434.172276811795
2020-02-09 11:00:00+00:00,7104.999999999999,7309.327736955435,7381.915464311411
2020-02-09 12:00:00+00:00,6770.0,6982.673723573473,7090.04204244325
2020-02-09 13:00:00+00:00,6551.0,6612.187859303398,6817.137359896935
2020-02-09 14:00:00+00:00,6558.999999999999,6372.266780983723,6647.080709868478
2020-02-09 15:00:00+00:00,6774.000000000001,6462.632973369336,6690.541772982914
2020-02-09 16:00:00+00:00,7449.0,6670.66190484317,6960.658346658608
2020-02-09 17:00:00+00:00,7823.0,7281.216887460638,7486.741451289475
2020-02-09 18:00:00+00:00,7596.000000000002,7500.552963898529,7707.0097300232965
2020-02-09 19:00:00+00:00,7189.000000000001,7230.3674253608515,7444.092942186926
2020-02-09 20:00:00+00:00,6789.0,6822.70363044763,7038.848088868993
2020-02-09 21:00:00+00:00,6833.0,6535.274292685806,6755.556671872316
2020-02-09 22:00:00+00:00,6461.0,6503.555041594049,6674.362824157251
2020-02-09 23:00:00+00:00,6267.0,6174.789325576907,6314.1776970518185
2020-02-10 00:00:00+00:00,6019.0,6142.478553087885,6117.791187649982
2020-02-10 01:00:00+00:00,5870.000000000001,5999.124731828063,5915.861523599484
2020-02-10 02:00:00+00:00,5843.000000000001,5932.010157260899,5781.769225330615
2020-02-10 03:00:00+00:00,6060.0,6008.054405952326,5814.949134977184
2020-02-10 04:00:00+00:00,6770.0,6359.064141197005,6149.832742706815
2020-02-10 05:00:00+00:00,8105.0,7160.0446407785785,6938.0925149232435
2020-02-10 06:00:00+00:00,9010.000000000002,8403.261482800799,8140.666414792307
2020-02-10 07:00:00+00:00,9299.000000000002,9201.879045752852,8913.630469503223
2020-02-10 08:00:00+00:00,9282.0,9412.388645776773,9185.772151200594
2020-02-10 09:00:00+00:00,9351.000000000002,9410.374363263845,9225.724216836854
2020-02-10 10:00:00+00:00,9534.000000000002,9405.79694120742,9292.912629564918
2020-02-10 11:00:00+00:00,9497.0,9457.243856718951,9378.066353503124
2020-02-10 12:00:00+00:00,9408.000000000002,9328.544759923681,9309.135735420334
2020-02-10 13:00:00+00:00,9229.0,9145.220749398724,9208.419717052198
2020-02-10 14:00:00+00:00,9103.000000000002,8949.563371654238,9065.752149876776
2020-02-10 15:00:00+00:00,9035.0,8862.683332037881,8973.790672046804
2020-02-10 16:00:00+00:00,9391.0,8835.238511482328,9017.79324111827
2020-02-10 17:00:00+00:00,9428.0,9078.94611200483,9286.514338129804
2020-02-10 18:00:00+00:00,8996.000000000002,8986.478968375166,9219.541316729774
2020-02-10 19:00:00+00:00,8429.0,8507.170014460447,8751.932244318392
2020-02-10 20:00:00+00:00,7800.000000000001,7955.535101616346,8170.0194696116505
2020-02-10 21:00:00+00:00,7544.000000000002,7462.321611179762,7652.351513248845
2020-02-10 22:00:00+00:00,7035.0,7165.632405563661,7330.297061659999
2020-02-10 23:00:00+00:00,6751.0,6739.522521458526,6880.940413829025
2020-02-11 00:00:00+00:00,6465.000000000001,6530.422361428602,6600.897278643973
2020-02-11 01:00:00+00:00,6317.0,6334.550361263837,6350.615721842039
2020-02-11 02:00:00+00:00,6233.000000000001,6273.040718492387,6223.242322560414
2020-02-11 03:00:00+00:00,6477.000000000002,6346.330817212002,6218.858562619883
2020-02-11 04:00:00+00:00,7192.000000000002,6727.738783674283,6587.2002923080745
2020-02-11 05:00:00+00:00,8344.000000000002,7609.695949990977,7444.052511796126
2020-02-11 06:00:00+00:00,9176.000000000002,8731.893197210295,8526.191561658103
2020-02-11 07:00:00+00:00,9535.0,9490.081148695632,9248.47411033337
2020-02-11 08:00:00+00:00,9496.000000000002,9796.766476267401,9543.885508891644
2020-02-11 09:00:00+00:00,9552.0,9783.640352090379,9551.959022483059
2020-02-11 10:00:00+00:00,9611.0,9823.927741610372,9626.798532127299
2020-02-11 11:00:00+00:00,9357.0,9790.224603751027,9656.820996481794
2020-02-11 12:00:00+00:00,9289.0,9457.337460634393,9449.906654316339
2020-02-11 13:00:00+00:00,9224.0,9319.934902200315,9367.154068125754
2020-02-11 14:00:00+00:00,9212.000000000002,9183.953672525653,9287.859242884222
2020-02-11 15:00:00+00:00,9111.000000000002,9113.912615919535,9262.122723197714
2020-02-11 16:00:00+00:00,9485.000000000002,9063.433201166976,9274.895008123705
2020-02-11 17:00:00+00:00,9584.0,9370.744797599737,9544.376051180006
2020-02-11 18:00:00+00:00,9209.000000000002,9301.994666740866,9494.693364291192
2020-02-11 19:00:00+00:00,8579.0,8855.91305598105,9057.299782968996
2020-02-11 20:00:00+00:00,7851.0,8243.091832640834,8427.668224331384
2020-02-11 21:00:00+00:00,7656.000000000002,7632.231759792066,7833.216907411482
2020-02-11 22:00:00+00:00,7190.0,7377.396477100338,7541.951183495523
2020-02-11 23:00:00+00:00,6871.0,6988.05797029129,7104.9720346792365
2020-02-12 00:00:00+00:00,6609.0,6715.669763742338,6792.076154099273
2020-02-12 01:00:00+00:00,6523.000000000001,6560.427864575936,6558.886543463708
2020-02-12 02:00:00+00:00,6354.000000000002,6566.555268724107,6475.535464596148
2020-02-12 03:00:00+00:00,6564.000000000002,6528.979605771379,6401.500197302766
2020-02-12 04:00:00+00:00,7280.0,6919.887426509317,6751.358357747521
2020-02-12 05:00:00+00:00,8434.000000000002,7808.281905521179,7584.636962907777
2020-02-12 06:00:00+00:00,9256.0,8942.302075406427,8663.279062909003
2020-02-12 07:00:00+00:00,9636.0,9679.690089508109,9370.765197279592
2020-02-12 08:00:00+00:00,9613.000000000002,9936.616286358018,9667.975695285197
2020-02-12 09:00:00+00:00,9588.0,9951.31528280219,9683.229020357818
2020-02-12 10:00:00+00:00,9627.000000000002,9877.837079196586,9691.05301325692
2020-02-12 11:00:00+00:00,9470.0,9768.236749713318,9672.731781122851
2020-02-12 12:00:00+00:00,9373.000000000002,9524.480073270002,9520.839624901684
2020-02-12 13:00:00+00:00,9263.0,9376.453665664832,9414.290434594332
2020-02-12 14:00:00+00:00,9182.000000000002,9201.359579821023,9312.566138442144
2020-02-12 15:00:00+00:00,9216.0,9068.69087284705,9237.151858904417
2020-02-12 16:00:00+00:00,9588.0,9141.131438039372,9356.348733398538
2020-02-12 17:00:00+00:00,9704.0,9474.962454275197,9652.186928189061
2020-02-12 18:00:00+00:00,9287.0,9452.183268648208,9631.090043497436
2020-02-12 19:00:00+00:00,8646.0,8955.735350001481,9147.844740123337
2020-02-12 20:00:00+00:00,8064.0,8327.579841260895,8511.756440423704
2020-02-12 21:00:00+00:00,7796.0,7849.938677662364,8032.113324868813
2020-02-12 22:00:00+00:00,7287.000000000001,7562.363665292775,7701.396737331663
2020-02-12 23:00:00+00:00,6971.000000000002,7112.447589573745,7233.5174983083725
2020-02-13 00:00:00+00:00,6702.0,6872.881696728107,6927.040628861567
2020-02-13 01:00:00+00:00,6571.0,6663.954760023452,6689.225124618946
2020-02-13 02:00:00+00:00,6476.000000000001,6612.845756084879,6566.901786233399
2020-02-13 03:00:00+00:00,6662.000000000001,6638.671766189426,6539.319546017659
2020-02-13 04:00:00+00:00,7395.0,7019.599628529287,6870.809126647518
2020-02-13 05:00:00+00:00,8538.0,7906.978788234886,7715.947047377715
2020-02-13 06:00:00+00:00,9395.000000000002,9040.890990795939,8787.335831224458
2020-02-13 07:00:00+00:00,9682.0,9760.698007544475,9501.837716116826
2020-02-13 08:00:00+00:00,9584.0,9947.78108625965,9709.949660608232
2020-02-13 09:00:00+00:00,9514.0,9769.649941754882,9633.589120067554
2020-02-13 10:00:00+00:00,9375.0,9653.501904998726,9585.866011323149
2020-02-13 11:00:00+00:00,9124.000000000002,9420.800698308176,9423.66563792297
2020-02-13 12:00:00+00:00,9041.0,9116.96477715751,9193.218123587196
2020-02-13 13:00:00+00:00,9023.000000000002,8988.835754876245,9093.694922849472
2020-02-13 14:00:00+00:00,9045.000000000002,8920.54927520606,9066.502941969227
2020-02-13 15:00:00+00:00,9080.0,8886.36667493751,9088.238154376819
2020-02-13 16:00:00+00:00,9506.0,8998.722882613116,9250.433761876071
2020-02-13 17:00:00+00:00,9588.0,9395.94612040316,9600.005253294528
2020-02-13 18:00:00+00:00,9206.000000000002,9322.834438367567,9549.092280993253
2020-02-13 19:00:00+00:00,8582.0,8860.823247144273,9099.298701512223
2020-02-13 20:00:00+00:00,7906.000000000001,8250.407858906128,8485.796458058629
2020-02-13 21:00:00+00:00,7699.000000000001,7688.1429664217385,7924.463359300791
2020-02-13 22:00:00+00:00,7170.000000000002,7450.770257686484,7641.684986073501
2020-02-13 23:00:00+00:00,6762.0,7013.689501594332,7163.087600336303
2020-02-14 00:00:00+00:00,6517.000000000001,6696.622910480077,6785.599395836584
2020-02-14 01:00:00+00:00,6389.000000000001,6545.012779108561,6569.353095148793
2020-02-14 02:00:00+00:00,6271.000000000001,6476.188108936921,6445.6671625205045
2020-02-14 03:00:00+00:00,6391.000000000001,6496.401730700828,6400.305786076453
2020-02-14 04:00:00+00:00,7076.0,6821.89385294213,6684.111833010422
2020-02-14 05:00:00+00:00,8256.000000000002,7664.972735808347,7473.338543199075
2020-02-14 06:00:00+00:00,9126.0,8793.740213149475,8577.340867888237
2020-02-14 07:00:00+00:00,9445.0,9548.361283252883,9301.858976789794
2020-02-14 08:00:00+00:00,9560.0,9782.30634196336,9525.97623513
2020-02-14 09:00:00+00:00,9646.000000000002,9834.510958142768,9587.685168906946
2020-02-14 10:00:00+00:00,9601.0,9835.244004979844,9613.875507280152
2020-02-14 11:00:00+00:00,9293.0,9665.699842235585,9490.795449788342
2020-02-14 12:00:00+00:00,9032.000000000002,9298.00497439108,9203.614695587867
2020-02-14 13:00:00+00:00,8815.0,8978.496426483449,8977.834770373887
2020-02-14 14:00:00+00:00,8757.0,8713.355288451281,8810.741927024099
2020-02-14 15:00:00+00:00,8783.000000000002,8685.720814945518,8785.861411380705
2020-02-14 16:00:00+00:00,9111.000000000002,8774.900321918805,8942.136659124215
2020-02-14 17:00:00+00:00,9170.0,9017.42481578713,9215.228408020244
2020-02-14 18:00:00+00:00,8745.000000000002,8949.895197727072,9160.588044591115
2020-02-14 19:00:00+00:00,8139.000000000001,8464.543708692108,8684.00837999228
2020-02-14 20:00:00+00:00,7522.000000000001,7853.164069088958,8074.163330458539
2020-02-14 21:00:00+00:00,7346.0,7335.670147420282,7567.40250695646
2020-02-14 22:00:00+00:00,6904.0,7120.499626316751,7312.2471964984525
2020-02-14 23:00:00+00:00,6506.000000000001,6733.09034142043,6876.270143024503
2020-02-15 00:00:00+00:00,6214.000000000001,6266.936901674296,6506.360090511999
2020-02-15 01:00:00+00:00,6050.000000000001,6064.717066139518,6248.592336807038
2020-02-15 02:00:00+00:00,5880.0,5966.080770639677,6080.725752876831
2020-02-15 03:00:00+00:00,5958.000000000002,5925.1075725223345,5969.76992010345
2020-02-15 04:00:00+00:00,6246.0,6184.524238219142,6134.3361990977155
2020-02-15 05:00:00+00:00,6644.0,6618.770847678717,6531.3553036940175
2020-02-15 06:00:00+00:00,7128.000000000001,7145.282199594965,6994.580105086473
2020-02-15 07:00:00+00:00,7586.0,7600.592691579983,7462.983858981253
2020-02-15 08:00:00+00:00,7769.0,7952.185907322276,7850.749606684398
2020-02-15 09:00:00+00:00,7774.0,8006.801237063318,7992.2477739592205
2020-02-15 10:00:00+00:00,7710.999999999999,7932.9366102822605,7974.1540742281895
2020-02-15 11:00:00+00:00,7407.999999999999,7755.713296844784,7850.595616472648
2020-02-15 12:00:00+00:00,7114.0,7423.1080493185855,7542.763761818438
2020-02-15 13:00:00+00:00,6962.000000000001,7089.884609867548,7278.566194586345
2020-02-15 14:00:00+00:00,7010.0,6915.261028220245,7168.543636718713
2020-02-15 15:00:00+00:00,7174.0,6916.232238620635,7237.496797237036
2020-02-15 16:00:00+00:00,7726.000000000001,7177.576297937515,7492.83296241176
2020-02-15 17:00:00+00:00,7962.000000000002,7666.647553410798,7928.385326318403
2020-02-15 18:00:00+00:00,7646.0,7791.753520173335,8011.703859546808
2020-02-15 19:00:00+00:00,7216.000000000001,7437.850878422895,7657.621636022121
2020-02-15 20:00:00+00:00,6840.000000000002,6995.130462339899,7207.932463747639
2020-02-15 21:00:00+00:00,6822.0,6702.589573899886,6902.635596560844
2020-02-15 22:00:00+00:00,6426.0,6626.42399207164,6773.847346503857
2020-02-15 23:00:00+00:00,6128.0,6274.779705733031,6384.587710409054
2020-02-16 00:00:00+00:00,5862.000000000001,6019.489404072013,6092.200103802188
2020-02-16 01:00:00+00:00,5709.0,5823.687389802887,5866.751273300677
2020-02-16 02:00:00+00:00,5610.0,5745.496623376399,5716.172826010573
2020-02-16 03:00:00+00:00,5616.0,5720.796316513853,5652.456595514099
2020-02-16 04:00:00+00:00,5834.0,5846.313720136152,5717.175848691957
2020-02-16 05:00:00+00:00,6049.0,6141.724379626901,5948.536159914466
2020-02-16 06:00:00+00:00,6423.0,6435.956422354295,6228.64133081353
2020-02-16 07:00:00+00:00,6789.0,6824.8550168033335,6623.481709969033
2020-02-16 08:00:00+00:00,7010.0,7097.962630994351,6957.055035849358
2020-02-16 09:00:00+00:00,7170.000000000002,7223.0183284076065,7149.154859248314
2020-02-16 10:00:00+00:00,7299.0,7263.467864541007,7259.56407825247
2020-02-16 11:00:00+00:00,6986.000000000001,7167.832724677177,7269.577797713654
2020-02-16 12:00:00+00:00,6766.000000000002,6827.25663979122,6950.260676244508
2020-02-16 13:00:00+00:00,6659.999999999999,6607.778216431558,6733.248285516418
2020-02-16 14:00:00+00:00,6708.000000000001,6435.726008203731,6660.506583257499
2020-02-16 15:00:00+00:00,6770.0,6539.301836076024,6751.075401824198
2020-02-16 16:00:00+00:00,7290.000000000001,6702.448914768751,6973.078154398509
2020-02-16 17:00:00+00:00,7671.0,7184.259995306846,7447.879744754164
2020-02-16 18:00:00+00:00,7477.0,7387.377169608307,7658.770852210985
2020-02-16 19:00:00+00:00,7107.000000000001,7128.18217392754,7402.308365163996
2020-02-16 20:00:00+00:00,6706.000000000002,6766.124739454986,7021.9272858879895
2020-02-16 21:00:00+00:00,6747.000000000002,6478.500929808899,6734.429272642225
2020-02-16 22:00:00+00:00,6386.999999999999,6458.9741659095735,6660.347219654153
2020-02-16 23:00:00+00:00,6163.000000000002,6190.3737341374235,6334.304624848638
2020-02-17 00:00:00+00:00,5934.0,6167.5278266937285,6099.952286124626
2020-02-17 01:00:00+00:00,5864.0,6020.52561663274,5890.242876216249
2020-02-17 02:00:00+00:00,5730.0,6006.119052534473,5825.880818729683
2020-02-17 03:00:00+00:00,5973.0,5995.642548202121,5771.052036933043
2020-02-17 04:00:00+00:00,6790.000000000001,6357.836247383948,6107.833969023219
2020-02-17 05:00:00+00:00,8054.000000000001,7233.4730185564595,6991.098288001105
2020-02-17 06:00:00+00:00,8918.0,8397.830563632742,8129.593945386771
2020-02-17 07:00:00+00:00,9212.000000000002,9136.100607739678,8850.644816816693
2020-02-17 08:00:00+00:00,9147.0,9282.170688342883,9080.532992384982
2020-02-17 09:00:00+00:00,9116.000000000002,9174.902607754631,9058.891916028635
2020-02-17 10:00:00+00:00,9062.000000000002,9143.861200894313,9082.591217054636
2020-02-17 11:00:00+00:00,8810.0,9020.323737566647,9011.924558260054
2020-02-17 12:00:00+00:00,8700.0,8697.677332755606,8792.368841013606
2020-02-17 13:00:00+00:00,8694.0,8586.314641157069,8667.978434762208
2020-02-17 14:00:00+00:00,8668.0,8491.620877235571,8642.343173362193
2020-02-17 15:00:00+00:00,8684.0,8434.410335099545,8614.613364722449
2020-02-17 16:00:00+00:00,9144.000000000002,8459.616260974826,8737.060905660062
2020-02-17 17:00:00+00:00,9284.0,8951.626107775211,9111.874567261357
2020-02-17 18:00:00+00:00,8903.000000000002,8948.617923754413,9114.186420969558
2020-02-17 19:00:00+00:00,8270.000000000002,8482.276480831339,8693.073361120532
2020-02-17 20:00:00+00:00,7614.000000000001,7833.1638696269465,8071.906875352251
2020-02-17 21:00:00+00:00,7338.0,7317.407701108047,7541.71610509803
2020-02-17 22:00:00+00:00,6808.0,7030.8625583662115,7210.036971658523
2020-02-17 23:00:00+00:00,6515.000000000002,6608.579857601803,6746.725812634331
2020-02-18 00:00:00+00:00,6290.000000000001,6382.314099538478,6456.9100123172775
2020-02-18 01:00:00+00:00,6188.0,6242.550637422396,6256.682509281641
2020-02-18 02:00:00+00:00,6087.0,6219.045191570756,6154.790173426357
2020-02-18 03:00:00+00:00,6213.0,6266.902146950569,6147.648729100376
2020-02-18 04:00:00+00:00,6986.000000000001,6603.199474388235,6444.900949380607
2020-02-18 05:00:00+00:00,8166.000000000001,7529.972214382188,7338.982026073271
2020-02-18 06:00:00+00:00,8938.0,8681.089333609838,8438.181969861327
2020-02-18 07:00:00+00:00,9226.0,9343.740009587857,9099.768088447086
2020-02-18 08:00:00+00:00,9233.0,9521.095601187348,9298.84385159876
2020-02-18 09:00:00+00:00,9203.0,9496.069076743428,9312.804143982523
2020-02-18 10:00:00+00:00,9166.0,9432.685385485749,9298.405721872758
2020-02-18 11:00:00+00:00,8914.000000000002,9287.449821971853,9201.443416536664
2020-02-18 12:00:00+00:00,8736.0,9003.887385913298,8994.232821832002
2020-02-18 13:00:00+00:00,8616.0,8804.089647016814,8849.933515178252
2020-02-18 14:00:00+00:00,8612.0,8640.080109912882,8757.313215355281
2020-02-18 15:00:00+00:00,8618.0,8577.686954763021,8735.45556437546
2020-02-18 16:00:00+00:00,9027.0,8646.386833121924,8849.346166731802
2020-02-18 17:00:00+00:00,9304.0,9019.666269281457,9180.465100587791
2020-02-18 18:00:00+00:00,8995.0,9127.230397921527,9280.482864831092
2020-02-18 19:00:00+00:00,8388.0,8728.093847288335,8879.619017803241
2020-02-18 20:00:00+00:00,7754.000000000001,8109.90552305494,8238.342925426166
2020-02-18 21:00:00+00:00,7503.000000000001,7577.2903283068645,7712.303422644234
2020-02-18 22:00:00+00:00,6976.000000000001,7294.642233354197,7394.60695965936
2020-02-18 23:00:00+00:00,6636.0,6870.213950322427,6921.254098799447
2020-02-19 00:00:00+00:00,6381.000000000001,6573.872488292957,6601.935601961473
2020-02-19 01:00:00+00:00,6304.000000000001,6414.720156825912,6389.53865500601
2020-02-19 02:00:00+00:00,6214.999999999999,6356.466234198883,6291.5769292684445
2020-02-19 03:00:00+00:00,6416.000000000001,6393.796235753384,6277.56601800871
2020-02-19 04:00:00+00:00,7089.0,6779.3971684389935,6626.821603631573
2020-02-19 05:00:00+00:00,8231.0,7609.246577446424,7441.36953622131
2020-02-19 06:00:00+00:00,9069.0,8717.997821262337,8503.635218785399
2020-02-19 07:00:00+00:00,9383.0,9477.238788397406,9217.49696944986
2020-02-19 08:00:00+00:00,9512.000000000002,9701.867375758973,9444.369278140623
2020-02-19 09:00:00+00:00,9610.000000000002,9699.838736223886,9532.002290523222
2020-02-19 10:00:00+00:00,9660.0,9722.505780956806,9609.074711393647
2020-02-19 11:00:00+00:00,9495.0,9657.899797610604,9595.46325397378
2020-02-19 12:00:00+00:00,9454.0,9492.224415144554,9441.3381078699
2020-02-19 13:00:00+00:00,9361.0,9407.784178336848,9380.232042241234
2020-02-19 14:00:00+00:00,9288.000000000002,9248.737879867087,9295.48499652203
2020-02-19 15:00:00+00:00,9284.0,9155.123407909163,9249.112723165326
2020-02-19 16:00:00+00:00,9543.0,9207.399127185161,9351.459994197181
2020-02-19 17:00:00+00:00,9631.0,9419.163558894628,9586.147245834143
2020-02-19 18:00:00+00:00,9202.0,9368.701530145916,9544.319408515043
2020-02-19 19:00:00+00:00,8630.000000000002,8870.70881142173,9055.00906081747
2020-02-19 20:00:00+00:00,8042.0,8319.758567417683,8470.249880457046
2020-02-19 21:00:00+00:00,7783.0,7800.7324570206165,7965.408177511189
2020-02-19 22:00:00+00:00,7242.0,7522.662076020553,7633.501763858469
2020-02-19 23:00:00+00:00,6867.000000000002,7042.605107778779,7146.8908268062805
2020-02-20 00:00:00+00:00,6583.000000000001,6740.334533247678,6798.172341685101
2020-02-20 01:00:00+00:00,6491.0,6563.960560603561,6557.39580296195
2020-02-20 02:00:00+00:00,6384.000000000002,6522.977053112813,6464.069426965935
2020-02-20 03:00:00+00:00,6549.0,6547.435498410921,6437.744507787944
2020-02-20 04:00:00+00:00,7308.0,6902.778715567194,6756.306019033786
2020-02-20 05:00:00+00:00,8437.0,7850.722497442483,7629.028954672665
2020-02-20 06:00:00+00:00,9224.0,8970.20464918358,8693.741660886326
2020-02-20 07:00:00+00:00,9373.000000000002,9590.710087544086,9353.546954226746
2020-02-20 08:00:00+00:00,9351.000000000002,9663.76158098912,9453.391819539165
2020-02-20 09:00:00+00:00,9343.000000000002,9590.161714669497,9430.694777421762
2020-02-20 10:00:00+00:00,9339.0,9512.11515703268,9400.883190544902
2020-02-20 11:00:00+00:00,9084.0,9394.149692297531,9335.348647207335
2020-02-20 12:00:00+00:00,9071.0,9150.071397422484,9128.127357440142
2020-02-20 13:00:00+00:00,8995.0,9119.106842489007,9107.86813384113
2020-02-20 14:00:00+00:00,8905.0,8999.098001902315,9050.773412248886
2020-02-20 15:00:00+00:00,8865.000000000002,8847.860704377385,8991.216189852803
2020-02-20 16:00:00+00:00,9169.0,8840.056309795786,9066.324207409267
2020-02-20 17:00:00+00:00,9425.000000000002,9089.551826954597,9312.860173370864
2020-02-20 18:00:00+00:00,9037.000000000002,9208.704397643154,9392.366028326189
2020-02-20 19:00:00+00:00,8481.0,8762.764047171418,8939.210107493387
2020-02-20 20:00:00+00:00,7917.000000000001,8191.671889155296,8350.936640105461
2020-02-20 21:00:00+00:00,7705.000000000001,7730.603822773639,7875.242906000526
2020-02-20 22:00:00+00:00,7281.000000000001,7489.785211148093,7572.807837004587
2020-02-20 23:00:00+00:00,6875.000000000001,7123.334250256125,7151.216024612478
2020-02-21 00:00:00+00:00,6633.0,6790.280987408955,6782.2535590659445
2020-02-21 01:00:00+00:00,6473.000000000001,6622.983344078952,6571.80253163191
2020-02-21 02:00:00+00:00,6346.000000000002,6527.047496875284,6422.4962888254195
2020-02-21 03:00:00+00:00,6477.000000000002,6481.951067477688,6365.552452856447
2020-02-21 04:00:00+00:00,7197.000000000001,6800.258002535733,6656.05920408575
2020-02-21 05:00:00+00:00,8246.0,7716.740845197995,7506.449280575391
2020-02-21 06:00:00+00:00,9045.000000000002,8729.574206372712,8511.000871442846
2020-02-21 07:00:00+00:00,9356.000000000002,9392.547598094554,9173.427851539771
2020-02-21 08:00:00+00:00,9478.0,9582.700263995453,9423.36829740841
2020-02-21 09:00:00+00:00,9498.000000000002,9660.101268142369,9529.626515051465
2020-02-21 10:00:00+00:00,9358.0,9637.68776575613,9535.080930439484
2020-02-21 11:00:00+00:00,9074.0,9416.42317138491,9351.377690809022
2020-02-21 12:00:00+00:00,8820.0,9094.445225291678,9089.5362997957
2020-02-21 13:00:00+00:00,8579.0,8807.619670793065,8853.707416735593
2020-02-21 14:00:00+00:00,8445.000000000002,8544.373026780493,8658.038175538642
2020-02-21 15:00:00+00:00,8479.0,8385.587221459822,8561.586409094773
2020-02-21 16:00:00+00:00,8832.000000000002,8446.765700480024,8675.007576857957
2020-02-21 17:00:00+00:00,9165.000000000002,8741.239348608418,8965.76613081857
2020-02-21 18:00:00+00:00,8766.0,8878.777013676643,9096.43667637418
2020-02-21 19:00:00+00:00,8149.000000000001,8433.66049424642,8639.982215607795
2020-02-21 20:00:00+00:00,7534.0,7895.919489269006,8020.410799120773
2020-02-21 21:00:00+00:00,7360.000000000001,7404.308221495486,7516.932723225349
2020-02-21 22:00:00+00:00,6909.0,7178.587131242021,7268.638890766963
2020-02-21 23:00:00+00:00,6555.000000000001,6792.4898389529835,6826.781028294069
2020-02-22 00:00:00+00:00,6277.000000000001,6339.236905323471,6489.846216899941
2020-02-22 01:00:00+00:00,6141.000000000002,6123.4311495810925,6240.533159584589
2020-02-22 02:00:00+00:00,5982.000000000001,6077.030885774034,6096.95745495902
2020-02-22 03:00:00+00:00,5976.000000000001,6005.605542556105,6005.490839568589
2020-02-22 04:00:00+00:00,6288.000000000001,6154.621415835294,6113.130414692691
2020-02-22 05:00:00+00:00,6673.000000000001,6651.748113656873,6501.493135515915
2020-02-22 06:00:00+00:00,7163.0,7114.7157863207785,6941.596678050061
2020-02-22 07:00:00+00:00,7556.0,7542.943144195853,7416.607784888618
2020-02-22 08:00:00+00:00,7766.0,7809.565048143929,7751.135626413434
2020-02-22 09:00:00+00:00,7717.0,7896.752368985519,7907.880236053812
2020-02-22 10:00:00+00:00,7617.000000000001,7807.808626123045,7848.4464763617625
2020-02-22 11:00:00+00:00,7314.000000000001,7567.212528123953,7692.745812906415
2020-02-22 12:00:00+00:00,7056.0,7225.587489527185,7391.8369544758125
2020-02-22 13:00:00+00:00,6858.000000000001,6984.577402225944,7153.30273363879
2020-02-22 14:00:00+00:00,6834.000000000001,6744.398730767574,7006.880681198613
2020-02-22 15:00:00+00:00,6997.000000000001,6738.526437461589,7024.308306279737
2020-02-22 16:00:00+00:00,7532.000000000001,6937.5502493817385,7280.823910806785
2020-02-22 17:00:00+00:00,7864.0,7405.030676953415,7746.42941278183
2020-02-22 18:00:00+00:00,7521.0,7569.676889926702,7897.127537256106
2020-02-22 19:00:00+00:00,7089.0,7189.808595053964,7512.1749415622735
2020-02-22 20:00:00+00:00,6634.000000000001,6747.8905500560295,7072.708479134847
2020-02-22 21:00:00+00:00,6618.999999999999,6384.46269709335,6721.200944875921
2020-02-22 22:00:00+00:00,6202.0,6327.539051939668,6596.898546798784
2020-02-22 23:00:00+00:00,5854.000000000001,5995.439677680136,6203.882840311526
2020-02-23 00:00:00+00:00,5590.0,5752.693754793239,5873.760784450482
2020-02-23 01:00:00+00:00,5488.0,5591.617352522972,5638.720398908895
2020-02-23 02:00:00+00:00,5335.0,5535.783851200603,5531.825599272939
2020-02-23 03:00:00+00:00,5390.0,5464.755898756721,5419.978944919709
2020-02-23 04:00:00+00:00,5623.0,5617.9081641902085,5527.508509912911
2020-02-23 05:00:00+00:00,5830.000000000002,5961.385639965843,5770.874561359661
2020-02-23 06:00:00+00:00,6208.0,6251.362364367609,6034.763732551281
2020-02-23 07:00:00+00:00,6714.000000000001,6599.9050273686225,6415.4212559147145
2020-02-23 08:00:00+00:00,7070.0,6959.4964233440605,6847.417031968754
2020-02-23 09:00:00+00:00,7419.0,7249.952714909396,7137.284984543133
2020-02-23 10:00:00+00:00,7511.000000000001,7515.514700040623,7411.998254473009
2020-02-23 11:00:00+00:00,7372.000000000002,7454.153421018158,7394.241139941584
2020-02-23 12:00:00+00:00,7104.000000000001,7249.331392903014,7228.585069594497
2020-02-23 13:00:00+00:00,6820.000000000001,6929.970298691463,6995.341838313721
2020-02-23 14:00:00+00:00,6647.0,6641.65396082264,6794.2339203748725
2020-02-23 15:00:00+00:00,6673.000000000001,6483.764528221745,6691.7365662608045
2020-02-23 16:00:00+00:00,7066.000000000001,6512.947621063136,6855.097356577478
2020-02-23 17:00:00+00:00,7501.0,6983.872104356043,7245.194976277427
2020-02-23 18:00:00+00:00,7312.000000000002,7235.232619962548,7500.311191802586
2020-02-23 19:00:00+00:00,6964.0,6994.01126373045,7254.741678191131
2020-02-23 20:00:00+00:00,6522.000000000001,6606.4985560953655,6884.333352459288
2020-02-23 21:00:00+00:00,6521.0,6286.934901029213,6566.318071838857
2020-02-23 22:00:00+00:00,6146.000000000001,6207.95612626006,6462.143070215698
2020-02-23 23:00:00+00:00,5849.000000000002,5877.775169745938,6115.289942482004
2020-02-24 00:00:00+00:00,5683.0,5757.4348345588405,5831.1892210366805
2020-02-24 01:00:00+00:00,5647.0,5663.455070378884,5687.428376888966
2020-02-24 02:00:00+00:00,5601.0,5675.1719663188605,5622.643812406639
2020-02-24 03:00:00+00:00,5821.999999999999,5742.93542789619,5641.449250514335
2020-02-24 04:00:00+00:00,6598.0,6196.961571772289,5984.523167716977
2020-02-24 05:00:00+00:00,7846.000000000001,7079.190493398972,6822.88385382885
2020-02-24 06:00:00+00:00,8722.0,8237.294919090342,7941.749083476873
2020-02-24 07:00:00+00:00,9163.000000000002,9016.387655177992,8683.263224408163
2020-02-24 08:00:00+00:00,9280.000000000002,9381.765094049535,9021.94895449077
2020-02-24 09:00:00+00:00,9371.0,9486.942876411822,9128.591098354316
2020-02-24 10:00:00+00:00,9339.0,9523.713541732577,9191.968043215675
2020-02-24 11:00:00+00:00,9103.000000000002,9393.70484970548,9107.869540082129
2020-02-24 12:00:00+00:00,9028.0,9097.92353358173,8892.236220012634
2020-02-24 13:00:00+00:00,8937.0,8952.938951315233,8814.526825106455
2020-02-24 14:00:00+00:00,8870.0,8759.260100840565,8729.524949385905
2020-02-24 15:00:00+00:00,8817.0,8656.697754982562,8685.677777123985
2020-02-24 16:00:00+00:00,9067.000000000002,8592.461813866938,8768.482925219709
2020-02-24 17:00:00+00:00,9316.0,8826.570499725136,9013.515025734814
2020-02-24 18:00:00+00:00,8936.000000000002,8969.278750150896,9106.547809466414
2020-02-24 19:00:00+00:00,8379.000000000002,8552.314589141708,8674.713697240768
2020-02-24 20:00:00+00:00,7697.000000000002,7970.79307252027,8100.968097322344
2020-02-24 21:00:00+00:00,7429.000000000001,7409.401347967931,7544.511399189234
2020-02-24 22:00:00+00:00,6908.000000000002,7132.505271794238,7213.42741242458
2020-02-24 23:00:00+00:00,6617.0,6704.879136318399,6749.432587191636
2020-02-25 00:00:00+00:00,6346.000000000002,6482.766382267354,6478.0791115186585
2020-02-25 01:00:00+00:00,6260.000000000001,6305.430040055376,6255.810636476405
2020-02-25 02:00:00+00:00,6184.999999999999,6275.850281774458,6169.018438555252
2020-02-25 03:00:00+00:00,6339.0,6312.392563809506,6155.837612450616
2020-02-25 04:00:00+00:00,7081.0,6661.866413714988,6482.153506997831
2020-02-25 05:00:00+00:00,8224.000000000002,7564.480491767093,7357.834906647984
2020-02-25 06:00:00+00:00,8959.0,8684.83952359475,8418.813321163616
2020-02-25 07:00:00+00:00,9204.000000000002,9261.28619008817,9050.240639076552
2020-02-25 08:00:00+00:00,9288.000000000002,9389.008389577037,9240.697380515381
2020-02-25 09:00:00+00:00,9278.0,9428.710277077467,9303.407397442186
2020-02-25 10:00:00+00:00,9196.0,9380.754996859641,9286.238065875927
2020-02-25 11:00:00+00:00,8939.000000000002,9204.425561822833,9157.770148478885
2020-02-25 12:00:00+00:00,8811.0,8884.076974345322,8927.592586893334
2020-02-25 13:00:00+00:00,8677.000000000002,8728.165885719254,8802.612483784305
2020-02-25 14:00:00+00:00,8599.0,8548.381664843037,8698.153935778642
2020-02-25 15:00:00+00:00,8532.000000000002,8461.445541165365,8637.931326270682
2020-02-25 16:00:00+00:00,8866.0,8472.957851450232,8689.128481137484
2020-02-25 17:00:00+00:00,9122.000000000002,8744.190072459338,9008.83851607997
2020-02-25 18:00:00+00:00,8761.000000000002,8890.437992956467,9106.616196614694
2020-02-25 19:00:00+00:00,8162.0,8458.88842936608,8677.841550065092
2020-02-25 20:00:00+00:00,7558.000000000002,7848.444517512114,8059.164302225261
2020-02-25 21:00:00+00:00,7363.000000000001,7349.7640187285115,7544.602611342965
2020-02-25 22:00:00+00:00,6811.0,7109.637194850814,7256.588747463757
2020-02-25 23:00:00+00:00,6471.000000000001,6637.287781690267,6760.788399916776
2020-02-26 00:00:00+00:00,6209.000000000001,6346.396721589656,6439.337643257234
2020-02-26 01:00:00+00:00,6080.000000000001,6260.101281741898,6224.776077327536
2020-02-26 02:00:00+00:00,6035.0,6190.881130371288,6106.458143788715
2020-02-26 03:00:00+00:00,6200.000000000001,6253.740940387981,6125.105777695566
2020-02-26 04:00:00+00:00,7009.000000000002,6605.808787480877,6436.9240020837315
2020-02-26 05:00:00+00:00,8141.000000000001,7535.664931683555,7346.258224739877
2020-02-26 06:00:00+00:00,8978.0,8653.857768392128,8401.529199788112
2020-02-26 07:00:00+00:00,9472.0,9389.183891936931,9098.223014195872
2020-02-26 08:00:00+00:00,9693.0,9800.653723193715,9493.614620082863
2020-02-26 09:00:00+00:00,9927.000000000002,9976.187494411732,9674.945589527555
2020-02-26 10:00:00+00:00,9914.0,10117.302716641976,9850.827781811922
2020-02-26 11:00:00+00:00,9707.0,9986.077594699282,9788.940100251768
2020-02-26 12:00:00+00:00,9663.0,9700.5153076803,9618.910200924718
2020-02-26 13:00:00+00:00,9446.0,9585.003420024517,9557.93705682335
2020-02-26 14:00:00+00:00,9370.000000000002,9396.497596146295,9377.977261833248
2020-02-26 15:00:00+00:00,9325.0,9286.752918962527,9316.289687475233
2020-02-26 16:00:00+00:00,9586.000000000002,9259.477630279363,9360.284590460838
2020-02-26 17:00:00+00:00,9648.0,9457.268181334442,9589.290802091171
2020-02-26 18:00:00+00:00,9267.0,9375.81467521933,9522.023233984934
2020-02-26 19:00:00+00:00,8678.0,8927.523231244482,9082.40247840394
2020-02-26 20:00:00+00:00,8068.000000000001,8330.229430342273,8486.25836215687
2020-02-26 21:00:00+00:00,7769.0,7803.263946701922,7971.313883941061
2020-02-26 22:00:00+00:00,7233.000000000002,7471.127728318062,7601.730904124101
2020-02-26 23:00:00+00:00,6907.000000000001,7019.559502086898,7107.058303654821
2020-02-27 00:00:00+00:00,6675.000000000001,6772.0761059670485,6790.875603554536
2020-02-27 01:00:00+00:00,6534.000000000002,6606.038224428387,6592.187977403373
2020-02-27 02:00:00+00:00,6402.000000000001,6539.4416537037105,6463.812564554583
2020-02-27 03:00:00+00:00,6539.000000000001,6549.135972068618,6412.205822978898
2020-02-27 04:00:00+00:00,7224.999999999999,6921.897891065591,6725.718192953236
2020-02-27 05:00:00+00:00,8366.000000000002,7787.087235299243,7541.209281941446
2020-02-27 06:00:00+00:00,9109.0,8877.936752363456,8600.724072704466
2020-02-27 07:00:00+00:00,9384.000000000002,9467.839314474068,9214.352371354918
2020-02-27 08:00:00+00:00,9346.000000000002,9669.024453186435,9428.980716927288
2020-02-27 09:00:00+00:00,9313.000000000002,9588.09599008979,9417.186945312935
2020-02-27 10:00:00+00:00,9232.0,9506.929511703838,9391.063465448846
2020-02-27 11:00:00+00:00,8970.0,9335.028539943718,9264.874610937351
2020-02-27 12:00:00+00:00,8976.0,9056.618269708511,9066.188416245093
2020-02-27 13:00:00+00:00,8935.0,8979.606288186927,9038.884218259896
2020-02-27 14:00:00+00:00,8908.0,8899.47612907059,8984.964857814148
2020-02-27 15:00:00+00:00,8995.0,8848.731040232105,8953.665624093794
2020-02-27 16:00:00+00:00,9283.000000000002,8938.913720300432,9098.017275545735
2020-02-27 17:00:00+00:00,9542.000000000002,9165.280005111586,9365.491588768207
2020-02-27 18:00:00+00:00,9147.0,9251.00149661313,9449.667683580003
2020-02-27 19:00:00+00:00,8542.0,8792.71020619561,9003.627369627186
2020-02-27 20:00:00+00:00,7931.000000000001,8193.7500774894,8399.96802050489
2020-02-27 21:00:00+00:00,7676.0,7647.545007558776,7885.674237578166
2020-02-27 22:00:00+00:00,7104.999999999999,7397.500066768364,7572.919449827063
2020-02-27 23:00:00+00:00,6778.0,6931.418467368517,7047.331989108769
2020-02-28 00:00:00+00:00,6590.0,6666.651222617625,6740.997507612976
2020-02-28 01:00:00+00:00,6438.000000000001,6558.563608326752,6560.140023430695
2020-02-28 02:00:00+00:00,6396.0,6466.03011666794,6413.014216324723
2020-02-28 03:00:00+00:00,6582.000000000001,6527.0151275164235,6418.6441086070745
2020-02-28 04:00:00+00:00,7264.0,6892.9763118486035,6751.0354636300835
2020-02-28 05:00:00+00:00,8340.0,7727.058200573163,7548.307391805825
2020-02-28 06:00:00+00:00,9138.000000000002,8775.158193761032,8555.24115023211
2020-02-28 07:00:00+00:00,9462.0,9486.273728780805,9224.939103026341
2020-02-28 08:00:00+00:00,9543.0,9757.998399830376,9484.629159239174
2020-02-28 09:00:00+00:00,9592.0,9806.854774925561,9545.693946898422
2020-02-28 10:00:00+00:00,9620.0,9727.956009325942,9547.706073228466
2020-02-28 11:00:00+00:00,9358.0,9636.168757534811,9491.837616860836
2020-02-28 12:00:00+00:00,9111.000000000002,9330.431109495046,9249.059401454355
2020-02-28 13:00:00+00:00,8896.0,9033.192104860107,9016.300637370256
2020-02-28 14:00:00+00:00,8790.0,8777.789819180318,8829.438748387935
2020-02-28 15:00:00+00:00,8684.0,8647.987394153524,8764.86338289303
2020-02-28 16:00:00+00:00,8942.000000000002,8631.017528273233,8779.107493830925
2020-02-28 17:00:00+00:00,9328.0,8864.906005426976,9054.832243770183
2020-02-28 18:00:00+00:00,9019.0,9106.26883258306,9229.131427696395
2020-02-28 19:00:00+00:00,8431.000000000002,8723.146140512583,8832.960544946765
2020-02-28 20:00:00+00:00,7836.000000000001,8141.562974686193,8231.566837318258
2020-02-28 21:00:00+00:00,7626.000000000002,7651.176481210974,7739.959958605982
2020-02-28 22:00:00+00:00,7133.0,7400.1852952449035,7452.261437204989
2020-02-28 23:00:00+00:00,6741.000000000001,6976.772575020192,6994.33644753502
2020-02-29 00:00:00+00:00,6456.0,6484.2300101726705,6636.384393818666
2020-02-29 01:00:00+00:00,6322.0,6266.182481593761,6388.136972078948
2020-02-29 02:00:00+00:00,6174.000000000002,6188.617850725476,6254.709196273115
2020-02-29 03:00:00+00:00,6178.000000000001,6140.96041280428,6158.7900117578165
2020-02-29 04:00:00+00:00,6389.000000000001,6303.138639909333,6275.68877346131
2020-02-29 05:00:00+00:00,6799.000000000002,6666.415502246371,6589.245029976755
2020-02-29 06:00:00+00:00,7256.0,7159.418617745733,7048.856040684912
2020-02-29 07:00:00+00:00,7744.0,7605.572786312188,7487.635880784781
2020-02-29 08:00:00+00:00,8084.000000000001,7976.890776736511,7894.2971244164455
2020-02-29 09:00:00+00:00,8188.000000000001,8114.143595373344,8138.11256535717
2020-02-29 10:00:00+00:00,8144.000000000001,8189.652349041304,8196.629303700614
2020-02-29 11:00:00+00:00,7864.0,8016.114579908215,8083.81199749709
2020-02-29 12:00:00+00:00,7622.0,7674.25094712838,7807.552998777081
2020-02-29 13:00:00+00:00,7456.000000000001,7405.9123746826235,7573.6264673847445
2020-02-29 14:00:00+00:00,7437.000000000001,7212.9345289403045,7438.549794599774
2020-02-29 15:00:00+00:00,7452.0,7189.2563109455705,7448.84460365936
2020-02-29 16:00:00+00:00,7786.000000000001,7281.2456037861675,7585.947232349742
2020-02-29 17:00:00+00:00,8060.000000000002,7607.395259905927,7926.9182709622555
2020-02-29 18:00:00+00:00,7725.0,7784.153075688785,8036.429032860646
2020-02-29 19:00:00+00:00,7261.0,7413.574520964329,7659.159223055746
2020-02-29 20:00:00+00:00,6830.0,6942.522785087471,7181.92640214467
2020-02-29 21:00:00+00:00,6803.0,6604.441218414879,6845.917068134473
2020-02-29 22:00:00+00:00,6378.000000000001,6516.227509408704,6705.404090971995
2020-02-29 23:00:00+00:00,6001.000000000001,6147.401351259596,6293.648557143044
2020-03-01 00:00:00+00:00,5700.0,5829.118319829175,5942.062850605993
2020-03-01 01:00:00+00:00,5567.0,5630.136869695444,5690.120383100029
2020-03-01 02:00:00+00:00,5432.0,5564.861674357924,5550.493112807322
2020-03-01 03:00:00+00:00,5449.0,5529.279549378293,5462.396017336617
2020-03-01 04:00:00+00:00,5669.000000000001,5688.892797202275,5537.277767300917
2020-03-01 05:00:00+00:00,5867.000000000001,5960.373721115725,5771.383609901399
2020-03-01 06:00:00+00:00,6304.000000000001,6229.815201148549,6026.933125416507
2020-03-01 07:00:00+00:00,6803.0,6662.964878416985,6486.09490318175
2020-03-01 08:00:00+00:00,7284.000000000001,7051.225035338768,6949.712650003091
2020-03-01 09:00:00+00:00,7503.000000000001,7446.477867380544,7380.778741485595
2020-03-01 10:00:00+00:00,7687.0,7636.3230821876,7556.732753084085
2020-03-01 11:00:00+00:00,7374.000000000001,7656.85706191806,7643.008713668041
2020-03-01 12:00:00+00:00,7002.0,7303.124720936111,7340.986549275135
2020-03-01 13:00:00+00:00,6712.0,6958.786185505672,6998.150606690088
2020-03-01 14:00:00+00:00,6563.000000000001,6630.893070661991,6748.891061525175
2020-03-01 15:00:00+00:00,6681.000000000001,6400.918505799982,6645.540860524393
2020-03-01 16:00:00+00:00,7053.000000000002,6602.511775893779,6835.920401488302
2020-03-01 17:00:00+00:00,7554.000000000001,6954.6732487513445,7216.896465797498
2020-03-01 18:00:00+00:00,7401.000000000001,7258.51622419495,7522.134623699973
2020-03-01 19:00:00+00:00,7012.000000000002,7034.523515010593,7304.976702422757
2020-03-01 20:00:00+00:00,6620.0,6634.5386739735395,6898.058155517294
2020-03-01 21:00:00+00:00,6668.000000000002,6347.166704799481,6607.518691408159
2020-03-01 22:00:00+00:00,6321.000000000001,6335.016540234083,6535.775374971679
2020-03-01 23:00:00+00:00,6052.0,6053.745160539901,6192.762015393843
2020-03-02 00:00:00+00:00,5872.0,5992.646742989997,5938.999641560107
2020-03-02 01:00:00+00:00,5794.000000000001,5904.280154372334,5789.371755625565
2020-03-02 02:00:00+00:00,5761.000000000001,5890.068110707693,5712.613009783716
2020-03-02 03:00:00+00:00,6121.000000000001,5967.256475559396,5733.713617031052
2020-03-02 04:00:00+00:00,6878.000000000002,6425.055187151455,6169.873493913861
2020-03-02 05:00:00+00:00,8078.000000000001,7253.257823254289,6990.417126111795
2020-03-02 06:00:00+00:00,8829.0,8394.6608537644,8080.882712074851
2020-03-02 07:00:00+00:00,9010.000000000002,9029.859166635015,8759.237165027096
2020-03-02 08:00:00+00:00,8879.000000000002,9206.899649462319,8952.465906643158
2020-03-02 09:00:00+00:00,8842.0,9060.021505696337,8891.095662034631
2020-03-02 10:00:00+00:00,8872.0,8973.86588737367,8871.650539088549
2020-03-02 11:00:00+00:00,8769.0,8874.711787505448,8823.033927063156
2020-03-02 12:00:00+00:00,8817.0,8697.667865832076,8704.235375827155
2020-03-02 13:00:00+00:00,8801.0,8742.556056633082,8699.569928662773
2020-03-02 14:00:00+00:00,8764.000000000002,8646.798587332494,8663.371516675687
2020-03-02 15:00:00+00:00,8781.0,8551.439655545462,8634.825760008018
2020-03-02 16:00:00+00:00,9019.0,8576.48528740305,8725.659859697938
2020-03-02 17:00:00+00:00,9276.0,8800.012038626724,8988.59949394677
2020-03-02 18:00:00+00:00,8896.0,8887.034182610818,9090.439765650253
2020-03-02 19:00:00+00:00,8281.000000000002,8452.930515643999,8670.618683255829
2020-03-02 20:00:00+00:00,7593.000000000001,7846.5330798897585,8052.824105361306
2020-03-02 21:00:00+00:00,7340.0,7318.974874035482,7497.249989300927
2020-03-02 22:00:00+00:00,6836.000000000001,7050.858356565746,7181.090551583534
2020-03-02 23:00:00+00:00,6454.000000000001,6612.6834547712515,6732.09487971273
2020-03-03 00:00:00+00:00,6187.000000000001,6303.056874192503,6383.550334615828
2020-03-03 01:00:00+00:00,6109.0,6134.596737980613,6164.179052911778
2020-03-03 02:00:00+00:00,6045.000000000001,6126.676660369261,6089.404099703805
2020-03-03 03:00:00+00:00,6239.000000000001,6209.390262967291,6100.421221475216
2020-03-03 04:00:00+00:00,6948.000000000001,6589.778994084656,6448.48421100955
2020-03-03 05:00:00+00:00,8144.000000000001,7454.362507905511,7288.829652207429
2020-03-03 06:00:00+00:00,9051.000000000002,8592.1034214231,8371.873185220506
2020-03-03 07:00:00+00:00,9447.000000000002,9364.226853520111,9101.452828423915
2020-03-03 08:00:00+00:00,9563.0,9676.924796385243,9399.490690315879
2020-03-03 09:00:00+00:00,9638.000000000002,9737.332603765743,9480.067909409127
2020-03-03 10:00:00+00:00,9586.000000000002,9751.510474433911,9521.253211036099
2020-03-03 11:00:00+00:00,9425.000000000002,9634.480183198822,9424.057797304951
2020-03-03 12:00:00+00:00,9347.0,9386.614279245672,9283.882173436396
2020-03-03 13:00:00+00:00,9222.0,9264.989193214018,9198.667614734022
2020-03-03 14:00:00+00:00,9164.0,9076.802663099092,9088.440929679795
2020-03-03 15:00:00+00:00,9078.000000000002,9016.940061538959,9033.777417667969
2020-03-03 16:00:00+00:00,9186.0,8968.915410974263,9055.213306501342
2020-03-03 17:00:00+00:00,9405.0,9071.132975160725,9205.196654261605
2020-03-03 18:00:00+00:00,9032.000000000002,9117.838096882679,9265.441510879271
2020-03-03 19:00:00+00:00,8424.0,8670.600754164936,8825.064548030425
2020-03-03 20:00:00+00:00,7722.0,8045.04132889962,8205.332719945112
2020-03-03 21:00:00+00:00,7464.000000000001,7461.222845865157,7631.035059328751
2020-03-03 22:00:00+00:00,7019.000000000001,7169.488870404345,7293.0255795726025
2020-03-03 23:00:00+00:00,6726.0,6795.245050380874,6869.025758750387
2020-03-04 00:00:00+00:00,6516.0,6549.344398549395,6581.094927291045
2020-03-04 01:00:00+00:00,6368.0,6426.747286906166,6395.07279744108
2020-03-04 02:00:00+00:00,6259.0,6395.803232674132,6272.437534025707
2020-03-04 03:00:00+00:00,6406.000000000002,6401.2571611960875,6239.930533262809
2020-03-04 04:00:00+00:00,7147.0,6737.873454935515,6563.139585659547
2020-03-04 05:00:00+00:00,8284.000000000002,7631.1945813016855,7424.535819311237
2020-03-04 06:00:00+00:00,9053.000000000002,8750.008833244608,8496.382672624855
2020-03-04 07:00:00+00:00,9294.000000000002,9422.708363231584,9190.413565315215
2020-03-04 08:00:00+00:00,9165.000000000002,9607.204382042828,9420.472930117805
2020-03-04 09:00:00+00:00,9184.0,9509.904675882482,9377.892504751782
2020-03-04 10:00:00+00:00,9158.0,9474.53927496415,9385.26919498002
2020-03-04 11:00:00+00:00,9068.0,9366.068082075282,9312.61581129983
2020-03-04 12:00:00+00:00,9009.0,9229.158229788873,9231.695527186526
2020-03-04 13:00:00+00:00,8843.000000000002,9082.718780031335,9135.528933193109
2020-03-04 14:00:00+00:00,8806.0,8869.249966580153,8993.861806994444
2020-03-04 15:00:00+00:00,8799.0,8770.708393134299,8951.108558620106
2020-03-04 16:00:00+00:00,9066.0,8781.308819436425,9006.144912297183
2020-03-04 17:00:00+00:00,9402.0,9003.702813685199,9231.472827440435
2020-03-04 18:00:00+00:00,9106.0,9229.764492666705,9374.28698943978
2020-03-04 19:00:00+00:00,8490.0,8840.320326792573,8993.050727724107
2020-03-04 20:00:00+00:00,7839.000000000002,8207.11967427683,8365.167404439051
2020-03-04 21:00:00+00:00,7628.000000000001,7666.903426821156,7807.268526021273
2020-03-04 22:00:00+00:00,7110.000000000002,7435.067100785754,7511.498302404611
2020-03-04 23:00:00+00:00,6742.0,7016.330486805412,7043.359949929295
2020-03-05 00:00:00+00:00,6528.999999999999,6712.591571030012,6710.556967480501
2020-03-05 01:00:00+00:00,6478.0,6568.436774749889,6514.580703473833
2020-03-05 02:00:00+00:00,6376.000000000002,6563.968350366126,6442.502585159829
2020-03-05 03:00:00+00:00,6571.0,6580.514787335355,6405.980367198494
2020-03-05 04:00:00+00:00,7325.000000000001,6934.200905058773,6742.409325843545
2020-03-05 05:00:00+00:00,8439.000000000002,7819.620338681508,7610.67212633028
2020-03-05 06:00:00+00:00,9102.0,8875.95485818284,8636.388082387302
2020-03-05 07:00:00+00:00,9201.000000000002,9389.590096528716,9197.056243929123
2020-03-05 08:00:00+00:00,9011.0,9415.33426244424,9252.470383980002
2020-03-05 09:00:00+00:00,8938.0,9201.458696428253,9107.601143641554
2020-03-05 10:00:00+00:00,8943.0,9054.42841111316,9035.774318723319
2020-03-05 11:00:00+00:00,8746.0,8955.390750165872,8980.378654921693
2020-03-05 12:00:00+00:00,8733.0,8750.647427627931,8832.185470512384
2020-03-05 13:00:00+00:00,8638.0,8717.570533623339,8801.807407796314
2020-03-05 14:00:00+00:00,8696.000000000002,8614.25581075959,8723.731535286786
2020-03-05 15:00:00+00:00,8749.0,8629.414405605858,8783.174033345904
2020-03-05 16:00:00+00:00,8974.000000000002,8665.967174809239,8899.823507442707
2020-03-05 17:00:00+00:00,9361.0,8904.675567934259,9142.416675172775
2020-03-05 18:00:00+00:00,9042.0,9097.944925492367,9325.792610743229
2020-03-05 19:00:00+00:00,8437.0,8682.097791440281,8923.830639634707
2020-03-05 20:00:00+00:00,7841.000000000001,8064.501334121987,8307.699393043671
2020-03-05 21:00:00+00:00,7593.000000000001,7570.290603497014,7802.572086887444
2020-03-05 22:00:00+00:00,7035.0,7277.560395317453,7467.047752824696
2020-03-05 23:00:00+00:00,6665.000000000002,6822.316535655443,6963.576011593443
2020-03-06 00:00:00+00:00,6399.0,6529.56096361167,6637.831131547078
2020-03-06 01:00:00+00:00,6260.000000000001,6371.055929581242,6408.044154111886
2020-03-06 02:00:00+00:00,6181.000000000001,6321.296741721635,6289.681510428741
2020-03-06 03:00:00+00:00,6330.0,6375.084011201388,6283.448582455548
2020-03-06 04:00:00+00:00,7059.0,6716.017445132247,6586.1945069529465
2020-03-06 05:00:00+00:00,8142.000000000002,7582.232149484459,7421.321336345725
2020-03-06 06:00:00+00:00,8997.0,8634.438641866185,8427.09173840657
2020-03-06 07:00:00+00:00,9409.0,9382.01615002147,9127.904047617716
2020-03-06 08:00:00+00:00,9499.0,9684.644607612365,9432.59925186538
2020-03-06 09:00:00+00:00,9604.0,9733.896251814933,9503.054701724586
2020-03-06 10:00:00+00:00,9578.000000000002,9794.341148658501,9586.304952595643
2020-03-06 11:00:00+00:00,9392.000000000002,9620.963113853144,9500.079349948768
2020-03-06 12:00:00+00:00,9132.0,9387.88428980808,9313.169765694709
2020-03-06 13:00:00+00:00,8929.0,9059.850622144942,9071.958633559612
2020-03-06 14:00:00+00:00,8786.000000000002,8846.581969647686,8905.999074118403
2020-03-06 15:00:00+00:00,8669.000000000002,8651.20926835169,8783.758168272303
2020-03-06 16:00:00+00:00,8823.0,8625.641553406334,8766.221778834257
2020-03-06 17:00:00+00:00,9096.0,8802.898445078643,8985.779783388358
2020-03-06 18:00:00+00:00,8670.0,8912.09209441834,9100.686602799466
2020-03-06 19:00:00+00:00,8046.000000000001,8410.29958123332,8624.22815729111
2020-03-06 20:00:00+00:00,7449.0,7786.41001206231,8001.4540663132375
2020-03-06 21:00:00+00:00,7240.000000000001,7289.180123119713,7501.700463642032
2020-03-06 22:00:00+00:00,6740.0,7038.116133193577,7207.321048977595
2020-03-06 23:00:00+00:00,6430.000000000001,6606.494010141969,6733.370832449908
2020-03-07 00:00:00+00:00,6205.0,6205.3542291069025,6428.372819050652
2020-03-07 01:00:00+00:00,6052.0,6069.5461220118295,6225.626994567559
2020-03-07 02:00:00+00:00,5902.0,5999.103314185563,6077.596389870826
2020-03-07 03:00:00+00:00,5864.0,5976.216671310688,5979.380409712146
2020-03-07 04:00:00+00:00,6178.000000000001,6088.722492041694,6048.832963982512
2020-03-07 05:00:00+00:00,6541.0,6534.047865501888,6443.644926557457
2020-03-07 06:00:00+00:00,6992.000000000001,6992.789899868147,6866.443143219271
2020-03-07 07:00:00+00:00,7421.000000000001,7470.450430849945,7326.414849628101
2020-03-07 08:00:00+00:00,7758.0,7824.246539305653,7716.246524165062
2020-03-07 09:00:00+00:00,7896.000000000001,8138.409289324023,7992.566737924154
2020-03-07 10:00:00+00:00,8038.000000000001,8130.816645613556,8083.105333113501
2020-03-07 11:00:00+00:00,7873.0,8136.67474664742,8117.418074641423
2020-03-07 12:00:00+00:00,7654.0,7902.912483213603,7927.923546878172
2020-03-07 13:00:00+00:00,7486.000000000001,7644.588031959932,7718.200222311697
2020-03-07 14:00:00+00:00,7422.0,7442.877219243514,7579.836700724741
2020-03-07 15:00:00+00:00,7392.0,7331.183425409808,7526.71154808184
2020-03-07 16:00:00+00:00,7631.000000000001,7323.24372587232,7582.761019598678
2020-03-07 17:00:00+00:00,7899.000000000002,7579.713648243749,7833.722421281266
2020-03-07 18:00:00+00:00,7693.0,7689.663997740792,7931.531058637375
2020-03-07 19:00:00+00:00,7277.0,7389.341576049341,7640.047806669649
2020-03-07 20:00:00+00:00,6776.000000000001,6950.953137566699,7202.789490842237
2020-03-07 21:00:00+00:00,6716.000000000001,6558.77616398543,6813.027977450336
2020-03-07 22:00:00+00:00,6296.000000000001,6434.311825335479,6646.156480583574
2020-03-07 23:00:00+00:00,5986.0,6069.412056199272,6238.567415781723
2020-03-08 00:00:00+00:00,5739.000000000001,5819.746621570101,5933.473002997915
2020-03-08 01:00:00+00:00,5632.0,5663.893930573007,5713.652760806047
2020-03-08 02:00:00+00:00,5527.000000000001,5621.38129379553,5596.618677566489
2020-03-08 03:00:00+00:00,5552.0,5596.757604950522,5519.861038522395
2020-03-08 04:00:00+00:00,5705.0,5729.598971193306,5605.911948848157
2020-03-08 05:00:00+00:00,5865.000000000001,5967.181987683203,5785.411404267958
2020-03-08 06:00:00+00:00,6211.000000000001,6271.620093365593,6024.347302311768
2020-03-08 07:00:00+00:00,6521.0,6586.907210386626,6410.731567759515
2020-03-08 08:00:00+00:00,6777.000000000002,6894.726434655444,6760.049829328983
2020-03-08 09:00:00+00:00,6948.000000000001,7097.399623043356,7002.317084234836
2020-03-08 10:00:00+00:00,7027.000000000001,7225.339482701203,7175.411749836483
2020-03-08 11:00:00+00:00,6789.0,7174.676748712636,7158.478128268775
2020-03-08 12:00:00+00:00,6477.000000000002,6856.82493626749,6892.564042136034
2020-03-08 13:00:00+00:00,6269.000000000001,6509.59546257933,6592.437839668805
2020-03-08 14:00:00+00:00,6207.0,6270.841532428006,6404.7856876510405
2020-03-08 15:00:00+00:00,6303.0,6190.961507216679,6380.285029678243
2020-03-08 16:00:00+00:00,6804.000000000001,6284.84156853006,6543.044794885157
2020-03-08 17:00:00+00:00,7437.999999999999,6789.856659634627,7031.567698184313
2020-03-08 18:00:00+00:00,7381.0,7241.676567578927,7451.592691524192
2020-03-08 19:00:00+00:00,7070.0,7120.771359804877,7300.50963747922
2020-03-08 20:00:00+00:00,6620.0,6795.067226679267,6955.597628897492
2020-03-08 21:00:00+00:00,6703.000000000001,6470.94480688921,6629.669048582761
2020-03-08 22:00:00+00:00,6351.000000000001,6482.377608926543,6589.637151925808
2020-03-08 23:00:00+00:00,6049.0,6186.731306114359,6253.631533136436
2020-03-09 00:00:00+00:00,5881.999999999999,6107.171563074094,5976.917878267694
2020-03-09 01:00:00+00:00,5825.0,5991.871553721367,5830.45334398413
2020-03-09 02:00:00+00:00,5760.0,5977.047325974927,5774.003863800202
2020-03-09 03:00:00+00:00,6037.000000000001,6026.5915074493605,5799.867384158384
2020-03-09 04:00:00+00:00,6875.000000000001,6408.454942185552,6166.091922632863
2020-03-09 05:00:00+00:00,8110.0,7281.194644418958,7033.742939114827
2020-03-09 06:00:00+00:00,8953.0,8407.930775608176,8118.126015880261
2020-03-09 07:00:00+00:00,9305.000000000002,9096.850976648531,8797.986155127614
2020-03-09 08:00:00+00:00,9333.0,9264.42158730718,9050.511438569456
2020-03-09 09:00:00+00:00,9367.000000000002,9338.66250590027,9077.022097386201
2020-03-09 10:00:00+00:00,9404.0,9325.531204334064,9114.287552491684
2020-03-09 11:00:00+00:00,9186.0,9292.746737680825,9103.159274011836
2020-03-09 12:00:00+00:00,9112.0,9023.70913067184,8928.979575166672
2020-03-09 13:00:00+00:00,9002.000000000002,8885.28046022445,8855.87163659108
2020-03-09 14:00:00+00:00,8944.000000000002,8703.149060764228,8763.213673409453
2020-03-09 15:00:00+00:00,8869.0,8631.820642151264,8731.563914153889
2020-03-09 16:00:00+00:00,8975.0,8604.222498504856,8762.211519673736
2020-03-09 17:00:00+00:00,9314.0,8722.87606103611,8939.808988818553
2020-03-09 18:00:00+00:00,8990.0,8897.620587196237,9109.263444459206
2020-03-09 19:00:00+00:00,8392.0,8523.325025476837,8725.006978710619
2020-03-09 20:00:00+00:00,7764.000000000001,7910.156544968652,8114.116060222732
2020-03-09 21:00:00+00:00,7478.000000000001,7399.844732467175,7608.332854466438
2020-03-09 22:00:00+00:00,6938.000000000002,7109.0009998471405,7270.925759464942
2020-03-09 23:00:00+00:00,6641.0,6655.898921451938,6774.824089818319
2020-03-10 00:00:00+00:00,6409.0,6429.498183702556,6490.592865204815
2020-03-10 01:00:00+00:00,6302.000000000002,6307.236000528524,6300.174200288352
2020-03-10 02:00:00+00:00,6209.000000000001,6262.284201601997,6203.852253860455
2020-03-10 03:00:00+00:00,6405.000000000001,6306.191152485254,6195.22527922863
2020-03-10 04:00:00+00:00,7150.000000000001,6713.430704971686,6544.3684945529
2020-03-10 05:00:00+00:00,8224.000000000002,7604.957747708005,7424.432045975755
2020-03-10 06:00:00+00:00,8870.0,8676.559358447128,8459.03214168033
2020-03-10 07:00:00+00:00,9032.000000000002,9204.252432043597,9039.731025309939
2020-03-10 08:00:00+00:00,9047.0,9347.798409072988,9184.071493945066
2020-03-10 09:00:00+00:00,9151.0,9375.887054418816,9212.597713642
2020-03-10 10:00:00+00:00,9245.000000000002,9426.379323936477,9281.50110570805
2020-03-10 11:00:00+00:00,9050.0,9403.17259088557,9301.956991491377
2020-03-10 12:00:00+00:00,9026.000000000002,9188.808641191259,9137.377876094475
2020-03-10 13:00:00+00:00,8993.000000000002,9096.899415085169,9086.450752012908
2020-03-10 14:00:00+00:00,9017.0,9005.263999652369,9046.217119803096
2020-03-10 15:00:00+00:00,9005.0,8951.743562190864,9041.03746176913
2020-03-10 16:00:00+00:00,9164.0,8920.461716660351,9061.805682063241
2020-03-10 17:00:00+00:00,9490.000000000002,9056.559006233114,9248.154696833848
2020-03-10 18:00:00+00:00,9152.000000000002,9196.020291510298,9388.954210046655
2020-03-10 19:00:00+00:00,8536.0,8771.818531844703,8973.816761128544
2020-03-10 20:00:00+00:00,7852.000000000001,8126.870527964275,8333.234333779452
2020-03-10 21:00:00+00:00,7564.0,7525.840356599836,7757.106765916827
2020-03-10 22:00:00+00:00,7035.0,7200.9342563542505,7415.617093800688
2020-03-10 23:00:00+00:00,6613.000000000001,6768.246650704597,6945.662125044526
2020-03-11 00:00:00+00:00,6414.000000000002,6452.441175686618,6575.855998413117
2020-03-11 01:00:00+00:00,6232.0,6318.105940739691,6391.895187208671
2020-03-11 02:00:00+00:00,6103.000000000002,6222.744289571463,6229.262254334812
2020-03-11 03:00:00+00:00,6227.0,6228.160784769192,6178.576008377715
2020-03-11 04:00:00+00:00,6891.000000000001,6552.545526237904,6474.017667137403
2020-03-11 05:00:00+00:00,8093.000000000002,7369.859848808445,7270.4615141726335
2020-03-11 06:00:00+00:00,8814.0,8504.056546737058,8356.689114932788
2020-03-11 07:00:00+00:00,9113.0,9133.48665673148,8947.217167720031
2020-03-11 08:00:00+00:00,9086.000000000002,9361.2514765313,9142.536127214556
2020-03-11 09:00:00+00:00,9155.0,9343.83913004574,9134.376033427596
2020-03-11 10:00:00+00:00,9254.0,9327.302295246955,9187.080150773874
2020-03-11 11:00:00+00:00,9060.0,9361.077377009567,9227.12821578909
2020-03-11 12:00:00+00:00,8914.000000000002,9061.38039541845,9070.887566645606
2020-03-11 13:00:00+00:00,8708.0,8935.948883621793,8927.925024596983
2020-03-11 14:00:00+00:00,8602.0,8643.684447108117,8770.857660966461
2020-03-11 15:00:00+00:00,8557.000000000002,8516.29581526979,8690.55372460081
2020-03-11 16:00:00+00:00,8661.0,8424.473873087936,8722.698232693248
2020-03-11 17:00:00+00:00,8996.000000000002,8547.253703080469,8890.847656126924
2020-03-11 18:00:00+00:00,8803.0,8838.656462003066,9052.467016962135
2020-03-11 19:00:00+00:00,8295.000000000002,8527.280785062096,8740.936251683828
2020-03-11 20:00:00+00:00,7590.000000000001,7968.524396211632,8185.635085830447
2020-03-11 21:00:00+00:00,7304.000000000002,7388.166519641936,7603.237609949708
2020-03-11 22:00:00+00:00,6794.0,7091.59217255144,7249.468212381126
2020-03-11 23:00:00+00:00,6449.000000000001,6654.366703966047,6769.000821626781
2020-03-12 00:00:00+00:00,6268.0,6439.340378874175,6457.712428172163
2020-03-12 01:00:00+00:00,6152.000000000002,6342.877237674298,6300.599166619187
2020-03-12 02:00:00+00:00,6104.0,6305.53289859659,6185.1580403238395
2020-03-12 03:00:00+00:00,6253.000000000002,6377.862880268146,6198.141445666517
2020-03-12 04:00:00+00:00,6983.0,6716.832402460625,6508.425200265984
2020-03-12 05:00:00+00:00,8037.000000000001,7587.52629729597,7358.589229227795
2020-03-12 06:00:00+00:00,8699.000000000002,8571.066150752556,8320.569402442921
2020-03-12 07:00:00+00:00,8850.0,9046.373506041304,8849.82073343072
2020-03-12 08:00:00+00:00,8783.000000000002,9068.611390480186,8920.918238605802
2020-03-12 09:00:00+00:00,8782.0,8968.112035417875,8862.311343301437
2020-03-12 10:00:00+00:00,8713.0,8925.883357692575,8870.053232764689
2020-03-12 11:00:00+00:00,8516.000000000002,8787.770172247814,8765.250526003945
2020-03-12 12:00:00+00:00,8425.0,8515.28596874135,8606.63332819046
2020-03-12 13:00:00+00:00,8288.0,8362.679610574587,8505.071547707423
2020-03-12 14:00:00+00:00,8139.000000000001,8259.221404652655,8407.778631078356
2020-03-12 15:00:00+00:00,8109.000000000001,8084.951808101942,8305.296146730343
2020-03-12 16:00:00+00:00,8257.0,8071.4321502581115,8335.92191016785
2020-03-12 17:00:00+00:00,8730.0,8246.807613156921,8547.285478116697
2020-03-12 18:00:00+00:00,8545.0,8612.467672511271,8816.849184676446
2020-03-12 19:00:00+00:00,7935.0,8310.18290005635,8521.612091255141
2020-03-12 20:00:00+00:00,7336.000000000001,7669.981082471564,7900.653204162199
2020-03-12 21:00:00+00:00,7122.0,7151.616127909958,7388.984744745511
2020-03-12 22:00:00+00:00,6662.000000000001,6895.535739504261,7081.644270314682
2020-03-12 23:00:00+00:00,6237.0,6507.970430086685,6643.411528635181
2020-03-13 00:00:00+00:00,5961.000000000002,6169.4135171600765,6264.095246775524
2020-03-13 01:00:00+00:00,5881.000000000001,5972.1574075488,6024.584333061468
2020-03-13 02:00:00+00:00,5793.0,6006.205671021335,5946.333514205456
2020-03-13 03:00:00+00:00,5968.000000000001,6034.402751256023,5922.599916954459
2020-03-13 04:00:00+00:00,6687.000000000002,6400.392230715395,6252.001643671339
2020-03-13 05:00:00+00:00,7901.000000000001,7249.007919843693,7076.60602897099
2020-03-13 06:00:00+00:00,8656.0,8431.806224773725,8190.010241276851
2020-03-13 07:00:00+00:00,9065.0,9113.127315555826,8838.780485682373
2020-03-13 08:00:00+00:00,9269.000000000002,9445.88549238667,9152.412082423798
2020-03-13 09:00:00+00:00,9436.000000000002,9604.907788123464,9323.330096055723
2020-03-13 10:00:00+00:00,9380.0,9685.088400738987,9435.787223628387
2020-03-13 11:00:00+00:00,8958.000000000002,9550.228342559938,9342.648441896861
2020-03-13 12:00:00+00:00,8663.000000000002,9108.48548590559,8973.649998871031
2020-03-13 13:00:00+00:00,8354.0,8761.920627137539,8705.881411595476
2020-03-13 14:00:00+00:00,8210.000000000002,8381.451398021298,8438.841565044095
2020-03-13 15:00:00+00:00,8096.0,8167.190278541278,8307.362974631842
2020-03-13 16:00:00+00:00,8257.0,8069.98761077632,8265.464762497457
2020-03-13 17:00:00+00:00,8661.0,8234.728237738162,8474.207178926317
2020-03-13 18:00:00+00:00,8406.0,8549.016013482258,8672.340165825144
2020-03-13 19:00:00+00:00,7841.000000000001,8190.203023470729,8314.102944373883
2020-03-13 20:00:00+00:00,7177.0,7618.3955853502575,7734.123436284231
2020-03-13 21:00:00+00:00,6967.000000000001,7086.860652275752,7187.910663395937
2020-03-13 22:00:00+00:00,6500.0,6855.519315044288,6898.872256922356
2020-03-13 23:00:00+00:00,6122.000000000002,6446.2620071706515,6461.364144675649
2020-03-14 00:00:00+00:00,5889.000000000001,5968.476666264059,6117.570976954702
2020-03-14 01:00:00+00:00,5745.000000000001,5834.860957583401,5909.654500154725
2020-03-14 02:00:00+00:00,5669.000000000001,5740.452197620511,5767.1680044476125
2020-03-14 03:00:00+00:00,5673.000000000001,5743.172969643691,5716.994108812694
2020-03-14 04:00:00+00:00,5921.0,5894.326203711197,5837.116144976276
2020-03-14 05:00:00+00:00,6134.0,6284.58606755942,6183.998140165279
2020-03-14 06:00:00+00:00,6563.000000000001,6615.806860956148,6487.676245964773
2020-03-14 07:00:00+00:00,6882.0,7053.869102369847,6919.475050774418
2020-03-14 08:00:00+00:00,7091.000000000002,7305.140397629049,7236.460229546541
2020-03-14 09:00:00+00:00,7298.000000000001,7522.078410939945,7430.089911879472
2020-03-14 10:00:00+00:00,7463.0,7606.273308241056,7606.10202149754
2020-03-14 11:00:00+00:00,7277.0,7625.237858167694,7662.263277573407
2020-03-14 12:00:00+00:00,7085.000000000001,7377.183812107517,7459.230239787282
2020-03-14 13:00:00+00:00,6934.0,7139.64532043926,7260.895419358692
2020-03-14 14:00:00+00:00,6942.0,6970.607410651666,7125.992894448517
2020-03-14 15:00:00+00:00,7030.000000000001,6933.569203301112,7117.086393135727
2020-03-14 16:00:00+00:00,7249.000000000001,7009.292162536121,7241.535518344142
2020-03-14 17:00:00+00:00,7650.000000000001,7222.163230529604,7486.571679915504
2020-03-14 18:00:00+00:00,7462.000000000001,7465.0405902522025,7720.907230134962
2020-03-14 19:00:00+00:00,6965.000000000001,7177.5473579072495,7456.713252960321
2020-03-14 20:00:00+00:00,6558.000000000001,6670.649778254949,6940.837127710901
2020-03-14 21:00:00+00:00,6480.0,6351.2936607046,6613.554622017419
2020-03-14 22:00:00+00:00,6106.0,6230.445804128967,6436.955223178503
2020-03-14 23:00:00+00:00,5724.999999999999,5954.494284714668,6071.3813931628865
2020-03-15 00:00:00+00:00,5484.0,5614.753088911075,5724.233667717584
2020-03-15 01:00:00+00:00,5406.999999999999,5477.724475647177,5514.697608780725
2020-03-15 02:00:00+00:00,5294.0,5457.799295853045,5431.336164308336
2020-03-15 03:00:00+00:00,5331.999999999999,5460.859838113702,5353.481810109054
2020-03-15 04:00:00+00:00,5532.0,5610.599169262266,5430.7222344471365
2020-03-15 05:00:00+00:00,5688.000000000001,5873.672884059369,5625.821260352141
2020-03-15 06:00:00+00:00,5945.0,6075.526487639922,5842.037266779179
2020-03-15 07:00:00+00:00,6153.0,6312.002783304498,6116.971549680737
2020-03-15 08:00:00+00:00,6326.999999999999,6450.769414146198,6336.739422175055
2020-03-15 09:00:00+00:00,6505.0,6593.793338764159,6514.411269792111
2020-03-15 10:00:00+00:00,6669.0,6707.970371704434,6673.496775162507
2020-03-15 11:00:00+00:00,6378.000000000001,6732.063317933403,6732.443310464186
2020-03-15 12:00:00+00:00,6079.0,6386.850210297216,6441.584207430454
2020-03-15 13:00:00+00:00,5892.000000000001,6065.406672101415,6168.669361866631
2020-03-15 14:00:00+00:00,5803.0,5857.651191003111,6019.288421326952
2020-03-15 15:00:00+00:00,5963.000000000001,5764.423125595447,5979.526152277336
2020-03-15 16:00:00+00:00,6364.000000000001,5953.898382425337,6213.537021853758
2020-03-15 17:00:00+00:00,7003.000000000001,6379.08142682187,6665.1270299753405
2020-03-15 18:00:00+00:00,7032.0,6900.385193908928,7109.304703375107
2020-03-15 19:00:00+00:00,6766.000000000002,6825.271435796116,7030.835925680396
2020-03-15 20:00:00+00:00,6416.000000000001,6518.360844188526,6714.603231632076
2020-03-15 21:00:00+00:00,6485.000000000002,6264.291778238054,6467.8191642551365
2020-03-15 22:00:00+00:00,6156.0,6266.839239463563,6419.994012414411
2020-03-15 23:00:00+00:00,5911.999999999999,5984.254839820144,6088.929344377187
2020-03-16 00:00:00+00:00,5748.000000000002,5955.587724093215,5857.927809867937
2020-03-16 01:00:00+00:00,5704.0,5863.358247843732,5720.1480531851375
2020-03-16 02:00:00+00:00,5667.0,5883.126300596978,5666.285929670944
2020-03-16 03:00:00+00:00,5890.000000000002,5969.226732807474,5697.205045365306
2020-03-16 04:00:00+00:00,6623.000000000001,6339.500662347669,6043.44080092971
2020-03-16 05:00:00+00:00,7481.000000000001,7145.622215074206,6840.539390218463
2020-03-16 06:00:00+00:00,8054.000000000001,7947.408044996495,7659.204860150793
2020-03-16 07:00:00+00:00,8063.000000000002,8419.853918755221,8166.764485058721
2020-03-16 08:00:00+00:00,7879.000000000001,8347.840277222498,8192.408376537396
2020-03-16 09:00:00+00:00,7890.000000000001,8159.503539442167,8077.584523733556
2020-03-16 10:00:00+00:00,8004.0,8143.817818004607,8105.671550322274
2020-03-16 11:00:00+00:00,7780.0,8132.467357337853,8124.101973648232
2020-03-16 12:00:00+00:00,7563.000000000001,7792.146539350774,7922.072304656706
2020-03-16 13:00:00+00:00,7392.0,7586.576072916676,7726.538471002684
2020-03-16 14:00:00+00:00,7316.0,7370.733534480142,7582.643359357454
2020-03-16 15:00:00+00:00,7366.000000000001,7257.187108027296,7524.146702209112
2020-03-16 16:00:00+00:00,7663.000000000001,7315.864049244503,7612.676951313054
2020-03-16 17:00:00+00:00,8302.0,7544.129301361629,7947.347925815959
2020-03-16 18:00:00+00:00,8212.0,8151.004566803341,8355.040427689844
2020-03-16 19:00:00+00:00,7715.000000000001,7968.643721351246,8149.61757092639
2020-03-16 20:00:00+00:00,7118.000000000001,7506.618443141211,7632.511500265654
2020-03-16 21:00:00+00:00,6895.0,7012.802370488058,7141.833579571828
2020-03-16 22:00:00+00:00,6524.0,6744.912219530344,6845.28674075552
2020-03-16 23:00:00+00:00,6121.000000000001,6453.689182152386,6494.782247761833
2020-03-17 00:00:00+00:00,5930.000000000001,6097.151701335661,6139.759950333078
2020-03-17 01:00:00+00:00,5835.000000000001,5963.628509912509,5974.660623657225
2020-03-17 02:00:00+00:00,5750.000000000001,5974.993735532178,5883.472301098115
2020-03-17 03:00:00+00:00,5891.0,6061.947166875086,5876.980163701818
2020-03-17 04:00:00+00:00,6519.0,6373.863917793715,6184.828868501068
2020-03-17 05:00:00+00:00,7230.000000000001,7169.977425497292,6925.847317734099
2020-03-17 06:00:00+00:00,7671.0,7847.812310428889,7620.938210402185
2020-03-17 07:00:00+00:00,7746.000000000002,8121.997199146752,7978.15534456269
2020-03-17 08:00:00+00:00,7720.0,8132.099244156707,8022.275564317368
2020-03-17 09:00:00+00:00,7886.0,8078.383282669301,8024.697110594704
2020-03-17 10:00:00+00:00,8169.000000000001,8231.821347486764,8174.1626668096715
2020-03-17 11:00:00+00:00,8047.0,8354.173126474234,8326.409469757573
2020-03-17 12:00:00+00:00,7936.000000000001,8117.201467663733,8215.450853929997
2020-03-17 13:00:00+00:00,7724.000000000001,8022.672040810847,8114.29630974592
2020-03-17 14:00:00+00:00,7686.000000000002,7781.834402586369,7957.443278161728
2020-03-17 15:00:00+00:00,7671.0,7705.481278203746,7930.951248552424
2020-03-17 16:00:00+00:00,7830.000000000001,7807.947701703089,7974.211947294156
2020-03-17 17:00:00+00:00,8197.0,7954.365651924335,8204.68044507164
2020-03-17 18:00:00+00:00,8039.0,8197.624560848979,8400.356196324314
2020-03-17 19:00:00+00:00,7512.0,7936.659207038585,8123.627989607977
2020-03-17 20:00:00+00:00,6902.000000000001,7356.829988312627,7554.395748870286
2020-03-17 21:00:00+00:00,6745.0,6847.561819306011,7031.460238018499
2020-03-17 22:00:00+00:00,6330.0,6663.664638352047,6782.382391728181
2020-03-17 23:00:00+00:00,6060.0,6298.763963721159,6362.464055363386
2020-03-18 00:00:00+00:00,5835.000000000001,6071.620056931774,6109.7378476266695
2020-03-18 01:00:00+00:00,5731.0,5922.733893705763,5900.782925284842
2020-03-18 02:00:00+00:00,5576.0,5889.889815246133,5792.127376662225
2020-03-18 03:00:00+00:00,5739.999999999999,5880.661618906648,5713.550482380168
2020-03-18 04:00:00+00:00,6277.000000000001,6221.378737124611,6014.174288757766
2020-03-18 05:00:00+00:00,7003.999999999999,6897.592418003442,6702.591851792301
2020-03-18 06:00:00+00:00,7484.000000000002,7604.125487238476,7414.364036245539
2020-03-18 07:00:00+00:00,7571.000000000001,7980.5557571287445,7832.598634639877
2020-03-18 08:00:00+00:00,7502.000000000001,8015.061017413942,7889.199013958737
2020-03-18 09:00:00+00:00,7526.0,7943.860156109585,7864.799058097448
2020-03-18 10:00:00+00:00,7693.0,7991.571840767036,7923.641940935474
2020-03-18 11:00:00+00:00,7505.000000000001,8037.0682306393255,7998.463294123365
2020-03-18 12:00:00+00:00,7295.000000000001,7757.687325276259,7822.622526763565
2020-03-18 13:00:00+00:00,7116.0,7535.435917520382,7610.960078006769
2020-03-18 14:00:00+00:00,6987.000000000001,7306.040269496643,7455.2487081079025
2020-03-18 15:00:00+00:00,7041.000000000001,7150.635147612449,7350.198302728508
2020-03-18 16:00:00+00:00,7332.0,7194.7966031630185,7422.642860230074
2020-03-18 17:00:00+00:00,8010.000000000001,7391.236196619942,7731.223274753283
2020-03-18 18:00:00+00:00,7959.000000000002,8027.832542357655,8179.313750265035
2020-03-18 19:00:00+00:00,7401.000000000001,7839.299036289341,8000.521079906645
2020-03-18 20:00:00+00:00,6851.000000000002,7309.867346185026,7403.330565234592
2020-03-18 21:00:00+00:00,6719.999999999999,6863.190937087504,6929.950904015874
2020-03-18 22:00:00+00:00,6323.000000000001,6686.919158336847,6700.449025265422
2020-03-18 23:00:00+00:00,6037.000000000001,6352.3088370022415,6319.240696032536
2020-03-19 00:00:00+00:00,5807.000000000001,6126.00500634277,6055.75571244082
2020-03-19 01:00:00+00:00,5701.0,5978.195454991969,5855.59917502052
2020-03-19 02:00:00+00:00,5626.0,5934.0876556158255,5756.3017444876605
2020-03-19 03:00:00+00:00,5797.000000000002,5971.521441885797,5743.309864857007
2020-03-19 04:00:00+00:00,6322.0,6307.647179430448,6055.3406283189215
2020-03-19 05:00:00+00:00,6967.000000000001,6968.366767428596,6706.691996090888
2020-03-19 06:00:00+00:00,7379.0,7588.966970714137,7349.393539214639
2020-03-19 07:00:00+00:00,7451.000000000001,7851.47175303143,7689.053595121841
2020-03-19 08:00:00+00:00,7349.0,7839.497428677897,7723.391172421613
2020-03-19 09:00:00+00:00,7354.0,7756.7122464558115,7649.990797266574
2020-03-19 10:00:00+00:00,7540.0,7725.552903332309,7652.590811465115
2020-03-19 11:00:00+00:00,7256.0,7765.851550007353,7735.807680093566
2020-03-19 12:00:00+00:00,7022.999999999999,7385.782156113986,7492.841037539414
2020-03-19 13:00:00+00:00,6880.000000000001,7170.253694868181,7280.565332284641
2020-03-19 14:00:00+00:00,6788.000000000002,6962.243314452704,7135.88575775532
2020-03-19 15:00:00+00:00,6882.0,6850.094023995686,7066.335109393331
2020-03-19 16:00:00+00:00,7224.000000000001,6908.882746935613,7187.048982459157
2020-03-19 17:00:00+00:00,7786.000000000001,7228.045480343448,7584.313645909964
2020-03-19 18:00:00+00:00,7770.999999999999,7788.012392348331,7956.823663174122
2020-03-19 19:00:00+00:00,7249.000000000001,7612.973636133631,7781.810594193242
2020-03-19 20:00:00+00:00,6654.000000000001,7084.427902315397,7236.770710626516
2020-03-19 21:00:00+00:00,6540.0,6612.688527287476,6746.605707827727
2020-03-19 22:00:00+00:00,6162.000000000001,6475.285521583018,6540.9183389474265
2020-03-19 23:00:00+00:00,5862.000000000001,6162.084021696128,6156.506893005531
2020-03-20 00:00:00+00:00,5619.0,5938.445324025354,5863.398981591921
2020-03-20 01:00:00+00:00,5511.0,5748.8450601398845,5660.685619591416
2020-03-20 02:00:00+00:00,5442.0,5713.688093080129,5558.008490563229
2020-03-20 03:00:00+00:00,5558.0,5766.445836211352,5555.114538360132
2020-03-20 04:00:00+00:00,6058.000000000001,6070.120939935895,5823.56182610315
2020-03-20 05:00:00+00:00,6700.000000000001,6738.785017944922,6482.143280856476
2020-03-20 06:00:00+00:00,7134.000000000001,7329.458197080682,7135.975459087026
2020-03-20 07:00:00+00:00,7182.0,7689.759685261592,7542.067549462537
2020-03-20 08:00:00+00:00,7068.000000000001,7688.581016697683,7610.231643062638
2020-03-20 09:00:00+00:00,7097.0,7633.555184099745,7560.024406746472
2020-03-20 10:00:00+00:00,7243.000000000001,7627.287222822786,7584.297838668159
2020-03-20 11:00:00+00:00,7021.0,7595.780336419237,7585.952559163498
2020-03-20 12:00:00+00:00,6719.000000000001,7250.959082782824,7346.18225111418
2020-03-20 13:00:00+00:00,6571.0,6944.681386257868,7051.625109423565
2020-03-20 14:00:00+00:00,6523.000000000001,6752.842028665531,6907.068638374451
2020-03-20 15:00:00+00:00,6664.000000000001,6681.413534243495,6856.16833617503
2020-03-20 16:00:00+00:00,6996.0,6813.732641594935,7017.904157856076
2020-03-20 17:00:00+00:00,7514.000000000002,7071.199260178776,7385.235684744004
2020-03-20 18:00:00+00:00,7407.999999999999,7560.085614119428,7714.171561423894
2020-03-20 19:00:00+00:00,6875.000000000001,7354.39189307516,7483.92279599789
2020-03-20 20:00:00+00:00,6360.0,6788.80531497092,6914.395797193124
2020-03-20 21:00:00+00:00,6208.0,6379.998332958027,6485.137968896064
2020-03-20 22:00:00+00:00,5862.000000000001,6111.958688428975,6251.538211124769
2020-03-20 23:00:00+00:00,5532.0,5799.916003488393,5898.943762007264
2020-03-21 00:00:00+00:00,5263.0,5398.250804930472,5591.337197635043
2020-03-21 01:00:00+00:00,5148.0,5241.794819036431,5356.57985838278
2020-03-21 02:00:00+00:00,5021.0,5203.9737880095545,5251.582265557035
2020-03-21 03:00:00+00:00,5111.0,5187.787016820973,5167.755152745419
2020-03-21 04:00:00+00:00,5324.0,5436.6856492823545,5321.305085007152
2020-03-21 05:00:00+00:00,5524.0,5731.546721892132,5569.089886144723
2020-03-21 06:00:00+00:00,5888.0,6029.194630965669,5834.496242437831
2020-03-21 07:00:00+00:00,6368.0,6392.254551714817,6169.238572547588
2020-03-21 08:00:00+00:00,6762.0,6785.356587113027,6555.102103076461
2020-03-21 09:00:00+00:00,7109.000000000001,7106.707116689374,6888.252895794624
2020-03-21 10:00:00+00:00,7430.0,7382.866315529584,7187.40154682075
2020-03-21 11:00:00+00:00,7339.000000000001,7539.710246529043,7369.540225160006
2020-03-21 12:00:00+00:00,7080.000000000002,7347.408199093267,7241.447245323318
2020-03-21 13:00:00+00:00,6930.000000000002,7061.254857491607,7009.691871348306
2020-03-21 14:00:00+00:00,6815.000000000001,6857.65522297082,6897.37454584357
2020-03-21 15:00:00+00:00,6820.000000000001,6737.449626144162,6841.092900685681
2020-03-21 16:00:00+00:00,6921.000000000001,6761.1233591605,6913.659593023647
2020-03-21 17:00:00+00:00,7134.000000000001,6906.648869249399,7107.197272440689
2020-03-21 18:00:00+00:00,6917.0,7003.986584926542,7218.268266815324
2020-03-21 19:00:00+00:00,6566.000000000001,6705.47478497986,6919.092898423568
2020-03-21 20:00:00+00:00,6195.000000000001,6328.274244802419,6540.701376078792
2020-03-21 21:00:00+00:00,6157.000000000001,6030.616682980668,6240.766162475441
2020-03-21 22:00:00+00:00,5831.0,5947.608329901875,6111.994517934525
2020-03-21 23:00:00+00:00,5487.0,5649.892017678983,5771.260768759825
2020-03-22 00:00:00+00:00,5226.0,5373.833575331557,5449.821980622565
2020-03-22 01:00:00+00:00,5159.999999999999,5209.38390675185,5233.803321453264
2020-03-22 02:00:00+00:00,5020.0,5194.846321028244,5153.101307156489
2020-03-22 03:00:00+00:00,5016.0,5165.010105628107,5064.5621232166495
2020-03-22 04:00:00+00:00,5170.0,5269.718132215629,5117.651056940053
2020-03-22 05:00:00+00:00,5285.0,5480.146801023718,5277.165408825347
2020-03-22 06:00:00+00:00,5486.000000000001,5675.13156925802,5440.580709469854
2020-03-22 07:00:00+00:00,5714.000000000001,5914.599762684231,5666.270940507618
2020-03-22 08:00:00+00:00,6001.000000000001,6076.904100748904,5898.475610218027
2020-03-22 09:00:00+00:00,6277.000000000001,6331.723481536244,6171.279436906233
2020-03-22 10:00:00+00:00,6588.000000000001,6561.562507236383,6431.22021920615
2020-03-22 11:00:00+00:00,6457.999999999999,6709.987313774536,6594.919297251755
2020-03-22 12:00:00+00:00,6223.000000000002,6527.452187281351,6419.954601652835
2020-03-22 13:00:00+00:00,6083.999999999999,6258.4791561855445,6198.381083734355
2020-03-22 14:00:00+00:00,6002.000000000002,6075.96104950586,6069.592059964742
2020-03-22 15:00:00+00:00,6172.0,5980.477272419673,6041.459938690856
2020-03-22 16:00:00+00:00,6430.000000000001,6132.738841525293,6253.978380179859
2020-03-22 17:00:00+00:00,6876.0,6415.148562982561,6587.164559662016
2020-03-22 18:00:00+00:00,6932.999999999999,6780.761485943505,6904.394304268738
2020-03-22 19:00:00+00:00,6606.0,6750.293286091161,6866.63083752186
2020-03-22 20:00:00+00:00,6266.000000000001,6440.108407957085,6528.23106701297
2020-03-22 21:00:00+00:00,6363.0,6150.3115607493455,6289.075790394576
2020-03-22 22:00:00+00:00,6032.000000000002,6171.458593402906,6270.095445263529
2020-03-22 23:00:00+00:00,5862.000000000001,5905.58662123427,5951.947010334935
2020-03-23 00:00:00+00:00,5672.0,5941.090256979051,5774.462185510176
2020-03-23 01:00:00+00:00,5603.0,5814.061417395402,5621.0104914427375
2020-03-23 02:00:00+00:00,5530.0,5813.87011657104,5552.308493645306
2020-03-23 03:00:00+00:00,5668.0,5885.993887523769,5542.817925446391
2020-03-23 04:00:00+00:00,6251.0,6136.724294435733,5802.139533057749
2020-03-23 05:00:00+00:00,6947.0,6763.461498063409,6410.693113395929
2020-03-23 06:00:00+00:00,7473.000000000002,7375.683262498664,7052.156397173871
2020-03-23 07:00:00+00:00,7576.000000000001,7790.816025272711,7458.311924337993
2020-03-23 08:00:00+00:00,7635.0,7838.934037777383,7519.418900531632
2020-03-23 09:00:00+00:00,7774.0,7875.809139207501,7586.163832920023
2020-03-23 10:00:00+00:00,7966.000000000001,7990.760631729142,7734.906531323182
2020-03-23 11:00:00+00:00,7848.0,8045.238593538038,7821.741354593121
2020-03-23 12:00:00+00:00,7650.000000000001,7838.780513754223,7674.028486644467
2020-03-23 13:00:00+00:00,7530.000000000001,7582.773463921493,7483.952980687923
2020-03-23 14:00:00+00:00,7473.000000000002,7413.042799284579,7374.500556616791
2020-03-23 15:00:00+00:00,7507.0,7334.742252900166,7355.639085606242
2020-03-23 16:00:00+00:00,7746.000000000002,7372.472554764469,7459.586756756922
2020-03-23 17:00:00+00:00,8190.000000000001,7643.319086666146,7796.719336410345
2020-03-23 18:00:00+00:00,8105.0,8005.849115775828,8109.773046967463
2020-03-23 19:00:00+00:00,7619.0,7839.8201439230115,7923.515667857914
2020-03-23 20:00:00+00:00,7127.0,7307.250415961369,7421.443287594168
2020-03-23 21:00:00+00:00,6986.000000000001,6923.502873834165,7022.679068214718
2020-03-23 22:00:00+00:00,6574.000000000001,6760.3871735077955,6819.9807370198405
2020-03-23 23:00:00+00:00,6265.0,6414.214117468165,6423.84854684739
2020-03-24 00:00:00+00:00,6062.000000000002,6182.379361637842,6144.167028926382
2020-03-24 01:00:00+00:00,5989.0,6061.340488934559,5970.758565569407
2020-03-24 02:00:00+00:00,5874.0,6062.126324069903,5894.635946555722
2020-03-24 03:00:00+00:00,6008.0,6071.499883279261,5848.693353539686
2020-03-24 04:00:00+00:00,6464.0,6376.824968742618,6116.719532361507
2020-03-24 05:00:00+00:00,7157.0,6937.820361317236,6646.646281227028
2020-03-24 06:00:00+00:00,7674.000000000001,7556.094282144091,7284.132747331717
2020-03-24 07:00:00+00:00,7781.000000000001,7980.076344249905,7687.113768229502
2020-03-24 08:00:00+00:00,7830.000000000001,8035.034148995715,7765.125072782492
2020-03-24 09:00:00+00:00,7841.999999999999,8068.2109340709185,7844.822937794519
2020-03-24 10:00:00+00:00,7987.0,8088.412178195791,7924.639571973339
2020-03-24 11:00:00+00:00,7821.0,8122.496087772351,7997.991620059531
2020-03-24 12:00:00+00:00,7594.0,7911.6291526435625,7838.7507629103975
2020-03-24 13:00:00+00:00,7388.000000000001,7637.531390758857,7620.451637535838
2020-03-24 14:00:00+00:00,7360.000000000001,7410.830218921473,7457.045415573407
2020-03-24 15:00:00+00:00,7478.000000000001,7340.426951330974,7436.0371418335335
2020-03-24 16:00:00+00:00,7710.000000000001,7427.766894242958,7572.6546935772
2020-03-24 17:00:00+00:00,8150.000000000002,7675.184269956897,7850.130765628643
2020-03-24 18:00:00+00:00,8106.000000000001,7994.228919287333,8135.743467765439
2020-03-24 19:00:00+00:00,7703.0,7876.52555219691,7961.437841768171
2020-03-24 20:00:00+00:00,7146.0,7477.699280920307,7506.150228630314
2020-03-24 21:00:00+00:00,7052.000000000001,7022.315956712912,7054.55229558
2020-03-24 22:00:00+00:00,6639.0,6898.860725354388,6871.42769181203
2020-03-24 23:00:00+00:00,6348.000000000001,6565.8664884481495,6490.442602379624
2020-03-25 00:00:00+00:00,6055.0,6283.192820629353,6216.197504909786
2020-03-25 01:00:00+00:00,5997.0,6135.563490255577,5974.462552805401
2020-03-25 02:00:00+00:00,5866.0,6120.307574864925,5892.1859252027725
2020-03-25 03:00:00+00:00,5974.000000000001,6137.0749466783855,5838.715671098367
2020-03-25 04:00:00+00:00,6435.000000000001,6387.669484348943,6059.793508104198
2020-03-25 05:00:00+00:00,7122.0,6974.819470924604,6596.32921889486
2020-03-25 06:00:00+00:00,7638.0,7560.262342026528,7236.462335185396
2020-03-25 07:00:00+00:00,7846.000000000001,7901.339431786704,7641.37565699252
2020-03-25 08:00:00+00:00,7859.0,8028.161836577301,7784.314344357188
2020-03-25 09:00:00+00:00,8011.000000000002,8014.417833338096,7799.571857408293
2020-03-25 10:00:00+00:00,8267.000000000002,8127.913029619776,7955.664754379091
2020-03-25 11:00:00+00:00,8125.000000000001,8234.448819698746,8093.873000981832
2020-03-25 12:00:00+00:00,7920.000000000001,8026.252164099255,7930.388113282544
2020-03-25 13:00:00+00:00,7736.0,7769.51940141329,7728.35092945486
2020-03-25 14:00:00+00:00,7634.000000000001,7545.9930100007905,7565.250661632778
2020-03-25 15:00:00+00:00,7680.000000000001,7437.574609073818,7510.003642765792
2020-03-25 16:00:00+00:00,7849.000000000001,7491.314605491179,7619.472516987707
2020-03-25 17:00:00+00:00,8227.0,7734.362931412437,7912.308074576049
2020-03-25 18:00:00+00:00,8112.000000000002,8057.506259307793,8176.779032836077
2020-03-25 19:00:00+00:00,7698.0,7847.257850874848,7950.393950773439
2020-03-25 20:00:00+00:00,7218.0,7432.7238662234,7494.0226864588985
2020-03-25 21:00:00+00:00,7099.000000000001,7084.773519098907,7107.807136836688
2020-03-25 22:00:00+00:00,6686.000000000001,6835.738998051543,6909.806918972504
2020-03-25 23:00:00+00:00,6338.0,6481.006318644209,6526.999550331144
2020-03-26 00:00:00+00:00,6089.000000000001,6255.3360286305415,6202.991210927661
2020-03-26 01:00:00+00:00,5935.0,6131.365843807819,5994.358661854808
2020-03-26 02:00:00+00:00,5834.0,6053.6817464159,5856.2038287249425
2020-03-26 03:00:00+00:00,5936.000000000001,6043.388603344588,5824.210578317382
2020-03-26 04:00:00+00:00,6418.0,6272.5278181565045,6038.864587979949
2020-03-26 05:00:00+00:00,7048.0,6843.106323186236,6574.048684078804
2020-03-26 06:00:00+00:00,7737.000000000001,7448.132031624981,7158.635376691865
2020-03-26 07:00:00+00:00,8110.0,7972.494213072908,7695.470091084027
2020-03-26 08:00:00+00:00,8199.000000000002,8222.051446438272,7950.455573038473
2020-03-26 09:00:00+00:00,8438.0,8283.284443277324,8028.491378371769
2020-03-26 10:00:00+00:00,8636.000000000002,8472.380742489262,8260.813430952523
2020-03-26 11:00:00+00:00,8345.0,8512.4873769546,8339.075401501335
2020-03-26 12:00:00+00:00,8018.000000000001,8184.170970449539,8063.10008903093
2020-03-26 13:00:00+00:00,7850.000000000002,7916.4157237380805,7780.167271958378
2020-03-26 14:00:00+00:00,7726.000000000001,7699.931964560393,7630.554312146319
2020-03-26 15:00:00+00:00,7659.000000000002,7583.110930746409,7561.606502169773
2020-03-26 16:00:00+00:00,7740.000000000001,7516.603031260491,7593.327386084651
2020-03-26 17:00:00+00:00,8053.0,7649.228956921775,7793.595038584873
2020-03-26 18:00:00+00:00,7929.000000000002,7877.867037621892,8012.01536995531
2020-03-26 19:00:00+00:00,7441.0,7658.843801729167,7785.327541259995
2020-03-26 20:00:00+00:00,6921.999999999999,7145.285223459617,7271.395163265359
2020-03-26 21:00:00+00:00,6804.000000000001,6712.1232921659175,6857.945022042531
2020-03-26 22:00:00+00:00,6406.000000000002,6551.241046848746,6664.426489734001
2020-03-26 23:00:00+00:00,6131.0,6209.091242760601,6285.489813084698
2020-03-27 00:00:00+00:00,5911.000000000001,5985.05004055796,6015.894038666198
2020-03-27 01:00:00+00:00,5764.000000000001,5861.621458879228,5820.867747695324
2020-03-27 02:00:00+00:00,5694.999999999999,5830.500393699025,5691.323486394917
2020-03-27 03:00:00+00:00,5739.999999999999,5873.237137772846,5671.433981925836
2020-03-27 04:00:00+00:00,6201.000000000002,6071.65526306144,5840.7681811805705
2020-03-27 05:00:00+00:00,6815.000000000001,6609.807256501078,6355.5564231186045
2020-03-27 06:00:00+00:00,7330.000000000001,7184.021187104778,6945.891028335905
2020-03-27 07:00:00+00:00,7486.000000000001,7604.264601158303,7362.471236638193
2020-03-27 08:00:00+00:00,7436.0,7699.051109306598,7461.1640502696
2020-03-27 09:00:00+00:00,7416.000000000002,7654.74277858794,7448.250379485558
2020-03-27 10:00:00+00:00,7506.000000000002,7634.739321662705,7477.565493491979
2020-03-27 11:00:00+00:00,7209.0,7584.109424614515,7477.263858646306
2020-03-27 12:00:00+00:00,6851.000000000002,7231.822153401754,7173.697356139293
2020-03-27 13:00:00+00:00,6692.000000000001,6880.936832665051,6868.041014175611
2020-03-27 14:00:00+00:00,6579.0,6685.971689132413,6731.994256692633
2020-03-27 15:00:00+00:00,6631.0,6564.366335236261,6671.76878656202
2020-03-27 16:00:00+00:00,6954.000000000001,6621.026036011293,6782.200532295727
2020-03-27 17:00:00+00:00,7470.000000000001,6960.573839382242,7146.640527733826
2020-03-27 18:00:00+00:00,7502.000000000001,7390.358609026413,7495.475717794931
2020-03-27 19:00:00+00:00,7024.0,7312.944079788949,7375.660676882441
2020-03-27 20:00:00+00:00,6515.000000000002,6830.933704090086,6882.040459725818
2020-03-27 21:00:00+00:00,6439.0,6423.978242993089,6468.435046931482
2020-03-27 22:00:00+00:00,6069.000000000001,6312.850739039644,6313.3102918004615
2020-03-27 23:00:00+00:00,5726.0,6008.804629434563,5954.527505539341
2020-03-28 00:00:00+00:00,5426.000000000001,5609.9843124180325,5631.92699752879
2020-03-28 01:00:00+00:00,5268.0,5370.212861231479,5377.172890253008
2020-03-28 02:00:00+00:00,5141.0,5294.702270471353,5230.376593921123
2020-03-28 03:00:00+00:00,5202.0,5284.445138292487,5158.274619294848
2020-03-28 04:00:00+00:00,5444.0,5469.492996959127,5280.549996758887
2020-03-28 05:00:00+00:00,5623.999999999999,5799.438591809444,5544.939254815683
2020-03-28 06:00:00+00:00,5795.0,5991.654790124048,5788.840535274659
2020-03-28 07:00:00+00:00,5869.0,6157.633295495792,6021.913392650343
2020-03-28 08:00:00+00:00,6009.000000000001,6226.593811110769,6150.852905074491
2020-03-28 09:00:00+00:00,6124.000000000001,6337.438759275437,6321.263318874301
2020-03-28 10:00:00+00:00,6261.000000000002,6426.161052887047,6476.484627522258
2020-03-28 11:00:00+00:00,6053.000000000001,6441.275270941923,6536.3795196673145
2020-03-28 12:00:00+00:00,5834.0,6172.658803492362,6304.470633616549
2020-03-28 13:00:00+00:00,5690.0,5897.934898671367,6101.333173385096
2020-03-28 14:00:00+00:00,5546.0,5695.86435842046,5963.820329824524
2020-03-28 15:00:00+00:00,5668.0,5536.0561655048305,5862.756035713443
2020-03-28 16:00:00+00:00,6097.000000000001,5673.1269714923255,5997.0334715311055
2020-03-28 17:00:00+00:00,6705.000000000001,6093.194460953906,6394.066895890128
2020-03-28 18:00:00+00:00,6760.000000000001,6580.752065441614,6800.272704748198
2020-03-28 19:00:00+00:00,6378.000000000001,6529.456461809045,6734.360700403498
2020-03-28 20:00:00+00:00,5984.0,6147.497799776855,6340.763221479387
2020-03-28 21:00:00+00:00,5947.000000000001,5857.390026501676,6037.618846282027
2020-03-28 22:00:00+00:00,5555.0,5792.974784709405,5917.272006998415
2020-03-28 23:00:00+00:00,5219.999999999999,5452.225104045075,5534.332733333538
2020-03-29 00:00:00+00:00,4946.0,5156.567081015263,5213.117354607399
2020-03-29 01:00:00+00:00,4936.0,4992.233135159925,4986.411299407752
2020-03-29 02:00:00+00:00,4905.0,5030.728715666078,4941.469737716492
2020-03-29 03:00:00+00:00,4970.0,5100.327799485887,4922.485058735299
2020-03-29 04:00:00+00:00,5053.0,5259.374953641747,5019.336289784574
2020-03-29 05:00:00+00:00,5226.0,5410.333184693592,5116.922192320364
2020-03-29 06:00:00+00:00,5408.0,5519.7861052430435,5297.143017153281
2020-03-29 07:00:00+00:00,5628.000000000001,5688.945433566329,5481.9913271874475
2020-03-29 08:00:00+00:00,5866.0,5891.468853991982,5711.573293384128
2020-03-29 09:00:00+00:00,6166.0,6103.808223193324,5950.311267767042
2020-03-29 10:00:00+00:00,6139.0,6354.696048234537,6243.309771079947
2020-03-29 11:00:00+00:00,5956.0,6249.376510264719,6181.727806172004
2020-03-29 12:00:00+00:00,5830.000000000002,6012.114953253311,5983.672730398046
2020-03-29 13:00:00+00:00,5754.0,5817.548783217977,5852.373935577017
2020-03-29 14:00:00+00:00,5795.0,5662.245175455046,5769.209451829764
2020-03-29 15:00:00+00:00,6025.0,5680.523718743583,5842.535669761089
2020-03-29 16:00:00+00:00,6376.000000000002,5891.725489496873,6095.726763562075
2020-03-29 17:00:00+00:00,6507.000000000002,6286.254142430845,6488.954346742392
2020-03-29 18:00:00+00:00,6379.0,6406.763809052371,6600.802611344353
2020-03-29 19:00:00+00:00,6041.0,6218.39833477838,6412.438995017517
2020-03-29 20:00:00+00:00,6090.0,5875.695227908051,6066.151008856729
2020-03-29 21:00:00+00:00,5809.0,5935.798633306805,6118.712857938894
2020-03-29 22:00:00+00:00,5546.0,5666.420226158879,5816.309265317542
2020-03-29 23:00:00+00:00,5323.0,5454.498772295655,5563.570984609049
2020-03-30 00:00:00+00:00,5240.0,5437.1818916903585,5340.9112331012375
2020-03-30 01:00:00+00:00,5164.000000000001,5424.432541939398,5265.400651386783
2020-03-30 02:00:00+00:00,5303.0,5420.2983618623,5192.636864463457
2020-03-30 03:00:00+00:00,5858.0,5620.270416799627,5327.3377154435375
2020-03-30 04:00:00+00:00,6615.000000000001,6198.928115883889,5858.048786277816
2020-03-30 05:00:00+00:00,7313.0,6950.681078918856,6566.739302647877
2020-03-30 06:00:00+00:00,7827.000000000001,7615.584180466919,7198.913183733881
2020-03-30 07:00:00+00:00,8041.000000000002,8055.869052573293,7614.417317401588
2020-03-30 08:00:00+00:00,8247.0,8248.109454741112,7801.911143073074
2020-03-30 09:00:00+00:00,8360.000000000002,8429.298187973032,8004.171635532696
2020-03-30 10:00:00+00:00,8150.000000000002,8501.106005729347,8123.729539524621
2020-03-30 11:00:00+00:00,7907.000000000001,8232.123677608603,7932.114353386221
2020-03-30 12:00:00+00:00,7654.0,7940.715275205039,7704.61607262
2020-03-30 13:00:00+00:00,7483.000000000001,7681.999976672052,7489.0921369575035
2020-03-30 14:00:00+00:00,7360.000000000001,7427.444590255642,7355.303193735057
2020-03-30 15:00:00+00:00,7300.000000000001,7345.286681577039,7289.290346179498
2020-03-30 16:00:00+00:00,7465.000000000002,7309.864843150483,7319.617461043529
2020-03-30 17:00:00+00:00,7606.000000000001,7462.853095773147,7539.509192507408
2020-03-30 18:00:00+00:00,7556.0,7512.328203152053,7616.657699534066
2020-03-30 19:00:00+00:00,7016.0,7350.280127093533,7457.494619438371
2020-03-30 20:00:00+00:00,6881.000000000002,6865.119170665057,6966.195749025758
2020-03-30 21:00:00+00:00,6527.0,6730.92937038304,6817.560095282755
2020-03-30 22:00:00+00:00,6237.0,6406.083951680076,6455.238001980963
2020-03-30 23:00:00+00:00,6004.000000000001,6165.974204455707,6163.540590963707
2020-03-31 00:00:00+00:00,5918.0,6025.73339345288,5945.520305650064
2020-03-31 01:00:00+00:00,5776.0,5975.596750632193,5862.034989505404
2020-03-31 02:00:00+00:00,5881.999999999999,5924.381488284108,5745.3328850080225
2020-03-31 03:00:00+00:00,6333.0,6120.646158836528,5892.2317815515735
2020-03-31 04:00:00+00:00,7089.0,6651.089229296845,6372.335800342105
2020-03-31 05:00:00+00:00,7652.0,7442.981887726187,7119.468109500209
2020-03-31 06:00:00+00:00,7843.0,7946.469028826047,7675.603958146414
2020-03-31 07:00:00+00:00,7806.000000000001,8128.152573033932,7853.646686599722
2020-03-31 08:00:00+00:00,7797.000000000001,8110.2674186786235,7851.831297667891
2020-03-31 09:00:00+00:00,7896.000000000001,8083.719082534796,7856.140199304945
2020-03-31 10:00:00+00:00,7790.000000000002,8119.859332872188,7941.820483115273
2020-03-31 11:00:00+00:00,7564.0,7942.149558494219,7812.283305427513
2020-03-31 12:00:00+00:00,7442.000000000001,7689.110232120307,7581.588933050481
2020-03-31 13:00:00+00:00,7336.999999999999,7474.40693552107,7437.804663769326
2020-03-31 14:00:00+00:00,7214.000000000002,7320.53280771565,7345.646500822414
2020-03-31 15:00:00+00:00,7281.000000000001,7176.922405860024,7274.132516634317
2020-03-31 16:00:00+00:00,7523.0,7220.601926743496,7382.169660519556
2020-03-31 17:00:00+00:00,7657.0,7460.894404346482,7658.527890763409
2020-03-31 18:00:00+00:00,7578.0,7582.656083243892,7744.505189449482
2020-03-31 19:00:00+00:00,7049.000000000001,7411.9441294298995,7565.068841600579
2020-03-31 20:00:00+00:00,6955.0,6913.87213537506,7054.812990392788
2020-03-31 21:00:00+00:00,6659.000000000001,6817.55753885424,6940.061381890455
2020-03-31 22:00:00+00:00,6385.0,6542.317422522657,6618.071190327398
2020-03-31 23:00:00+00:00,6130.000000000002,6315.08646186585,6340.90333961661
2020-04-01 00:00:00+00:00,5995.0,6124.918842771464,6088.47873014847
2020-04-01 01:00:00+00:00,5859.000000000001,6054.730737004516,5966.863474067855
2020-04-01 02:00:00+00:00,5891.0,6009.368096616999,5848.815837104149
2020-04-01 03:00:00+00:00,6368.0,6154.2661101676795,5928.146285614045
2020-04-01 04:00:00+00:00,6990.000000000002,6712.240147742188,6428.239073177171
2020-04-01 05:00:00+00:00,7606.000000000001,7397.714383601705,7065.309799143621
2020-04-01 06:00:00+00:00,7839.000000000002,7906.608704306205,7635.627333967692
2020-04-01 07:00:00+00:00,7701.0,8106.008468815803,7845.6022536558785
2020-04-01 08:00:00+00:00,7716.000000000002,7971.107029235777,7746.015873582138
2020-04-01 09:00:00+00:00,7802.0,7965.369074516775,7794.8494242511415
2020-04-01 10:00:00+00:00,7526.0,8005.492291933561,7901.035519044305
2020-04-01 11:00:00+00:00,7234.0,7694.217651583717,7652.571536917959
2020-04-01 12:00:00+00:00,6924.000000000001,7397.929035851408,7387.68460946607
2020-04-01 13:00:00+00:00,6789.0,7041.601997701972,7115.015850599869
2020-04-01 14:00:00+00:00,6699.0,6846.7994105196985,6986.004434183808
2020-04-01 15:00:00+00:00,6890.0,6733.809167793636,6934.019968635692
2020-04-01 16:00:00+00:00,7219.000000000001,6885.317311533432,7126.497913445281
2020-04-01 17:00:00+00:00,7479.0,7172.494636013764,7453.904597742662
2020-04-01 18:00:00+00:00,7467.000000000001,7430.109653543062,7616.159659756752
2020-04-01 19:00:00+00:00,6984.000000000001,7324.187679270757,7484.6215562892185
2020-04-01 20:00:00+00:00,6934.0,6921.2078752204525,7026.640666786258
2020-04-01 21:00:00+00:00,6521.0,6878.635788917463,6943.660690494639
2020-04-01 22:00:00+00:00,6255.000000000001,6498.3122160475505,6536.817283913958
2020-04-01 23:00:00+00:00,5928.000000000002,6239.748368566819,6252.469956052439
2020-04-02 00:00:00+00:00,5827.000000000002,6002.904607194724,5952.104382582943
2020-04-02 01:00:00+00:00,5750.999999999999,5934.145670398141,5836.789765349031
2020-04-02 02:00:00+00:00,5861.0,5921.07385348979,5763.195712368934
2020-04-02 03:00:00+00:00,6304.000000000001,6123.969476246791,5900.66071225059
2020-04-02 04:00:00+00:00,7000.000000000001,6645.87928606993,6369.739767484033
2020-04-02 05:00:00+00:00,7499.0,7372.062864975874,7053.910334255642
2020-04-02 06:00:00+00:00,7619.0,7804.8391694724605,7575.847752996108
2020-04-02 07:00:00+00:00,7524.000000000001,7921.411734792645,7727.903563262351
2020-04-02 08:00:00+00:00,7559.0,7832.272350188052,7676.897757616102
2020-04-02 09:00:00+00:00,7571.000000000001,7858.255957246632,7756.777804203644
2020-04-02 10:00:00+00:00,7305.0,7824.918435555119,7784.0530979852865
2020-04-02 11:00:00+00:00,6979.000000000002,7504.772491455524,7508.241194917295
2020-04-02 12:00:00+00:00,6712.0,7130.5234714812095,7179.761773351153
2020-04-02 13:00:00+00:00,6605.000000000002,6815.638378013778,6939.657471479325
2020-04-02 14:00:00+00:00,6575.000000000002,6646.271881891959,6829.402844996922
2020-04-02 15:00:00+00:00,6683.000000000001,6583.581056890752,6808.493184678586
2020-04-02 16:00:00+00:00,7006.000000000001,6676.335230925076,6929.033985129907
2020-04-02 17:00:00+00:00,7338.0,7002.697783377438,7248.6631440388455
2020-04-02 18:00:00+00:00,7361.000000000001,7235.579120039137,7467.167687026208
2020-04-02 19:00:00+00:00,6829.000000000002,7192.870854011908,7350.118532979432
2020-04-02 20:00:00+00:00,6825.000000000001,6731.780457826864,6851.667013878013
2020-04-02 21:00:00+00:00,6442.0,6685.502208740285,6793.810669524346
2020-04-02 22:00:00+00:00,6087.0,6343.874254819619,6412.632102476011
2020-04-02 23:00:00+00:00,5761.000000000001,6050.070841432919,6071.906863442129
2020-04-03 00:00:00+00:00,5647.0,5824.747319202718,5780.643475358519
2020-04-03 01:00:00+00:00,5525.0,5768.231079196195,5661.722695302493
2020-04-03 02:00:00+00:00,5646.0,5740.27855219544,5566.592728674896
2020-04-03 03:00:00+00:00,6142.0,5950.854355416969,5698.183120158619
2020-04-03 04:00:00+00:00,6710.0,6513.173914775012,6207.664856846007
2020-04-03 05:00:00+00:00,7222.000000000002,7139.232118483682,6785.593135443036
2020-04-03 06:00:00+00:00,7395.0,7557.610512611418,7273.810274706182
2020-04-03 07:00:00+00:00,7229.000000000001,7688.50044165488,7424.867750147798
2020-04-03 08:00:00+00:00,7239.0,7537.414419581918,7295.459481400858
2020-04-03 09:00:00+00:00,7395.0,7509.910688147955,7299.702732790624
2020-04-03 10:00:00+00:00,7275.0,7582.851865192937,7412.116670388999
2020-04-03 11:00:00+00:00,6934.0,7418.635393610993,7239.910813631116
2020-04-03 12:00:00+00:00,6740.0,7011.676370551704,6897.51617633221
2020-04-03 13:00:00+00:00,6636.0,6736.481428884369,6715.042958892086
2020-04-03 14:00:00+00:00,6604.000000000001,6581.752039118051,6613.771451104414
2020-04-03 15:00:00+00:00,6749.000000000001,6517.509053107292,6608.813103076118
2020-04-03 16:00:00+00:00,6961.0,6669.222667611796,6804.360178879034
2020-04-03 17:00:00+00:00,7026.0,6931.907878008214,7088.306019874388
2020-04-03 18:00:00+00:00,6947.0,6975.097206681518,7144.193153504961
2020-04-03 19:00:00+00:00,6436.000000000002,6849.726813769267,6950.369360908366
2020-04-03 20:00:00+00:00,6373.000000000002,6362.283513439971,6472.821667222534
2020-04-03 21:00:00+00:00,5972.000000000002,6275.144860685834,6382.1880473640795
2020-04-03 22:00:00+00:00,5612.0,5914.27764643092,5986.542674036738
2020-04-03 23:00:00+00:00,5264.0,5605.369338354088,5628.6309691801025
2020-04-04 00:00:00+00:00,5148.0,5183.74238016498,5304.2220019235
2020-04-04 01:00:00+00:00,4989.0,5124.1891549102975,5178.105428980075
2020-04-04 02:00:00+00:00,4997.0,5085.21080569768,5045.0095833139185
2020-04-04 03:00:00+00:00,5259.0,5215.2101723359165,5100.669508353965
2020-04-04 04:00:00+00:00,5470.0,5576.383121993168,5384.62447146428
2020-04-04 05:00:00+00:00,5769.000000000001,5864.294802904679,5614.423743576146
2020-04-04 06:00:00+00:00,5952.000000000001,6071.5652434936455,5881.352351520035
2020-04-04 07:00:00+00:00,6112.0,6197.637584518482,6017.886095277947
2020-04-04 08:00:00+00:00,6231.000000000002,6318.580169434387,6164.072143726193
2020-04-04 09:00:00+00:00,6422.000000000001,6409.6795766095465,6286.235552890984
2020-04-04 10:00:00+00:00,6338.0,6531.371469751783,6444.756579077909
2020-04-04 11:00:00+00:00,6076.0,6363.156810413796,6315.513126698194
2020-04-04 12:00:00+00:00,5897.000000000001,6057.16279392005,6064.364018407856
2020-04-04 13:00:00+00:00,5769.000000000001,5824.888763494082,5896.037150012369
2020-04-04 14:00:00+00:00,5682.0,5631.017836122205,5770.683372427766
2020-04-04 15:00:00+00:00,5881.999999999999,5542.879330493682,5741.93004876308
2020-04-04 16:00:00+00:00,6096.0,5742.887406263664,5990.49974217609
2020-04-04 17:00:00+00:00,6288.000000000001,5988.02683200091,6273.860801902331
2020-04-04 18:00:00+00:00,6355.0,6197.100326296303,6419.920884706876
2020-04-04 19:00:00+00:00,5931.000000000002,6156.984592723086,6354.165414978312
2020-04-04 20:00:00+00:00,5990.000000000001,5801.743337513609,5959.012903355823
2020-04-04 21:00:00+00:00,5628.000000000001,5848.784500666615,5964.505308179929
2020-04-04 22:00:00+00:00,5292.0,5511.788958212022,5592.790033340004
2020-04-04 23:00:00+00:00,4999.0,5213.10205725226,5252.467188970088
2020-04-05 00:00:00+00:00,4950.0,4984.506309798224,4973.559201185034
2020-04-05 01:00:00+00:00,4817.0,4991.339884460052,4923.42621148749
2020-04-05 02:00:00+00:00,4828.0,4947.42807390797,4820.033286367937
2020-04-05 03:00:00+00:00,4988.0,5051.840452917694,4860.967531730998
2020-04-05 04:00:00+00:00,5142.0,5265.765660713232,5011.170213060157
2020-04-05 05:00:00+00:00,5342.0,5484.418066732638,5181.576100799417
2020-04-05 06:00:00+00:00,5471.000000000001,5595.663594106933,5378.774462275157
2020-04-05 07:00:00+00:00,5557.000000000001,5699.071392615543,5529.579514998244
2020-04-05 08:00:00+00:00,5760.0,5761.28880186148,5649.225869823978
2020-04-05 09:00:00+00:00,5920.000000000002,5928.511833898184,5872.746460985685
2020-04-05 10:00:00+00:00,5686.0,5994.103296084144,5978.582503198684
2020-04-05 11:00:00+00:00,5386.0,5709.7858205329185,5750.052939688228
2020-04-05 12:00:00+00:00,5126.0,5398.474781501547,5490.65104293179
2020-04-05 13:00:00+00:00,4986.0,5111.305511280301,5274.493762405912
2020-04-05 14:00:00+00:00,5018.0,4940.802053451559,5173.0091480719675
2020-04-05 15:00:00+00:00,5307.0,4967.959509418677,5257.495125151084
2020-04-05 16:00:00+00:00,5679.999999999999,5231.055815019153,5556.155727518208
2020-04-05 17:00:00+00:00,5986.0,5561.45911539126,5871.095336702554
2020-04-05 18:00:00+00:00,6149.000000000001,5843.5935384778395,6075.668785880881
2020-04-05 19:00:00+00:00,5790.0,5931.408567235125,6095.9331894585375
2020-04-05 20:00:00+00:00,5848.000000000001,5670.481027878658,5846.168275356163
2020-04-05 21:00:00+00:00,5509.0,5659.030591287137,5805.296835531324
2020-04-05 22:00:00+00:00,5300.0,5360.393500695973,5478.050305987743
2020-04-05 23:00:00+00:00,5092.0,5187.827005694413,5257.654881684458
2020-04-06 00:00:00+00:00,4986.0,5244.3058158886815,5084.446324951728
2020-04-06 01:00:00+00:00,4898.0,5163.574983994905,4981.249202959684
2020-04-06 02:00:00+00:00,5038.0,5181.629324352341,4945.080137953383
2020-04-06 03:00:00+00:00,5582.0,5447.320277459296,5170.808082510915
2020-04-06 04:00:00+00:00,6396.0,6055.513060756401,5733.4641915072325
2020-04-06 05:00:00+00:00,7060.000000000001,6852.31640662102,6486.4854449681325
2020-04-06 06:00:00+00:00,7213.000000000001,7380.008680192181,7087.194711497355
2020-04-06 07:00:00+00:00,7162.000000000002,7486.125865370563,7249.086899559458
2020-04-06 08:00:00+00:00,7219.000000000001,7445.875348032266,7268.2465392859685
2020-04-06 09:00:00+00:00,7352.000000000001,7465.580746341158,7345.00912374905
2020-04-06 10:00:00+00:00,7146.0,7463.735657340753,7383.3490318223885
2020-04-06 11:00:00+00:00,6909.0,7188.33007916033,7160.810983775003
2020-04-06 12:00:00+00:00,6700.999999999999,6899.292246787967,6916.531333725505
2020-04-06 13:00:00+00:00,6548.000000000002,6629.092164829064,6719.043341736011
2020-04-06 14:00:00+00:00,6457.999999999999,6434.478913565521,6584.636126648205
2020-04-06 15:00:00+00:00,6489.0,6326.579277554481,6528.62914170996
2020-04-06 16:00:00+00:00,6806.000000000001,6371.158967824736,6612.790305388602
2020-04-06 17:00:00+00:00,6964.0,6662.5103462072775,6897.385335065964
2020-04-06 18:00:00+00:00,7008.000000000001,6853.575473308682,7016.111994265702
2020-04-06 19:00:00+00:00,6558.000000000001,6840.849728815749,6913.680126353763
2020-04-06 20:00:00+00:00,6398.0,6485.78957225017,6560.36169821925
2020-04-06 21:00:00+00:00,5980.000000000002,6299.753468147557,6346.462401972536
2020-04-06 22:00:00+00:00,5666.0,5949.881994225602,5965.462569217722
2020-04-06 23:00:00+00:00,5412.0,5708.666063469627,5672.36276636311
2020-04-07 00:00:00+00:00,5281.0,5533.079351710224,5460.423764444369
2020-04-07 01:00:00+00:00,5192.0,5469.637324604308,5329.141193789601
2020-04-07 02:00:00+00:00,5284.000000000001,5503.18040315125,5295.490075156301
2020-04-07 03:00:00+00:00,5773.0,5751.43082806882,5494.386015283125
2020-04-07 04:00:00+00:00,6462.000000000001,6357.293049834631,6066.512503514492
2020-04-07 05:00:00+00:00,7054.0,7062.141576063576,6735.839395888083
2020-04-07 06:00:00+00:00,7183.000000000001,7475.36254230952,7220.863697673729
2020-04-07 07:00:00+00:00,7082.000000000001,7531.89623075867,7304.473607815379
2020-04-07 08:00:00+00:00,7141.0,7413.8364699247995,7232.731038682871
2020-04-07 09:00:00+00:00,7305.0,7432.101201226106,7305.944133712036
2020-04-07 10:00:00+00:00,7050.000000000002,7470.0871385784085,7389.7602734904585
2020-04-07 11:00:00+00:00,6753.0,7154.9674348611,7139.1842477711925
2020-04-07 12:00:00+00:00,6558.999999999999,6838.521885401144,6880.643439025981
2020-04-07 13:00:00+00:00,6384.000000000002,6586.491237081208,6705.414658525327
2020-04-07 14:00:00+00:00,6302.000000000002,6363.166985935491,6545.356682152985
2020-04-07 15:00:00+00:00,6332.000000000002,6259.983691095599,6500.745300422854
2020-04-07 16:00:00+00:00,6627.000000000002,6309.773620287403,6595.1028683194445
2020-04-07 17:00:00+00:00,6826.000000000001,6570.40808473368,6850.725101786448
2020-04-07 18:00:00+00:00,6864.000000000001,6787.219561990388,6984.649261612304
2020-04-07 19:00:00+00:00,6369.0,6785.7329343283145,6872.964429270814
2020-04-07 20:00:00+00:00,6201.000000000002,6382.765570965675,6478.044704123733
2020-04-07 21:00:00+00:00,5842.0,6186.704864193094,6263.728896624398
2020-04-07 22:00:00+00:00,5567.0,5877.586769949468,5921.252970030908
2020-04-07 23:00:00+00:00,5308.0,5654.844252504639,5648.898548017404
2020-04-08 00:00:00+00:00,5200.0,5479.13007014324,5421.569459574307
2020-04-08 01:00:00+00:00,5094.0,5437.197896667123,5308.276252834133
2020-04-08 02:00:00+00:00,5179.000000000001,5443.644014122503,5243.6846924546335
2020-04-08 03:00:00+00:00,5663.0,5690.424674935282,5438.393057823437
2020-04-08 04:00:00+00:00,6402.000000000001,6277.336156358831,5970.606009439782
2020-04-08 05:00:00+00:00,6967.000000000001,7029.1663408093345,6681.77545534519
2020-04-08 06:00:00+00:00,7101.000000000001,7427.364105873589,7153.480504794301
2020-04-08 07:00:00+00:00,6983.0,7446.970650162186,7216.835368464502
2020-04-08 08:00:00+00:00,7035.0,7310.313485317125,7137.523713629168
2020-04-08 09:00:00+00:00,7205.000000000001,7321.198372754143,7205.351626679475
2020-04-08 10:00:00+00:00,6959.000000000001,7339.568272293845,7255.974718005961
2020-04-08 11:00:00+00:00,6689.999999999999,7025.383186422368,6994.305966153784
2020-04-08 12:00:00+00:00,6452.000000000001,6711.636725525037,6719.96851886351
2020-04-08 13:00:00+00:00,6271.000000000001,6426.4209833655905,6504.737676208444
2020-04-08 14:00:00+00:00,6208.0,6204.516102093407,6347.4571710018745
2020-04-08 15:00:00+00:00,6332.000000000002,6129.059477787882,6341.457759038845
2020-04-08 16:00:00+00:00,6638.000000000002,6255.106392358382,6520.62199028903
2020-04-08 17:00:00+00:00,6806.000000000001,6554.338111248733,6812.578752412281
2020-04-08 18:00:00+00:00,6816.0,6751.182723106843,6936.614955802012
2020-04-08 19:00:00+00:00,6328.0,6758.857006814195,6810.09706223653
2020-04-08 20:00:00+00:00,6161.0,6363.247727906124,6428.501709071335
2020-04-08 21:00:00+00:00,5693.0,6170.87229186069,6196.109685937603
2020-04-08 22:00:00+00:00,5453.0,5785.574448860098,5778.035721627614
2020-04-08 23:00:00+00:00,5167.0,5580.752056176756,5516.690332168773
2020-04-09 00:00:00+00:00,5076.0,5384.259528548355,5278.025097664324
2020-04-09 01:00:00+00:00,4938.0,5351.447046557094,5187.891965179137
2020-04-09 02:00:00+00:00,5049.0,5313.708702877253,5114.772554964255
2020-04-09 03:00:00+00:00,5567.0,5546.232038173064,5321.442544900214
2020-04-09 04:00:00+00:00,6319.0,6168.503876029902,5897.205289578269
2020-04-09 05:00:00+00:00,6860.0,6891.807189318293,6592.565812596442
2020-04-09 06:00:00+00:00,7041.000000000001,7268.792970947187,7024.482855055196
2020-04-09 07:00:00+00:00,6948.000000000001,7359.339158423016,7129.6788436119705
2020-04-09 08:00:00+00:00,6970.000000000001,7260.059361445293,7072.212061650673
2020-04-09 09:00:00+00:00,7134.000000000001,7251.529856108532,7103.694170313587
2020-04-09 10:00:00+00:00,6918.000000000001,7277.990674112719,7152.585095919372
2020-04-09 11:00:00+00:00,6675.000000000001,6981.540462333913,6908.336223532902
2020-04-09 12:00:00+00:00,6480.0,6688.896657270063,6658.348153270932
2020-04-09 13:00:00+00:00,6296.000000000001,6438.354644402532,6479.877146749481
2020-04-09 14:00:00+00:00,6206.000000000001,6227.619816360638,6333.806483975225
2020-04-09 15:00:00+00:00,6346.000000000002,6135.180244439713,6298.568121815353
2020-04-09 16:00:00+00:00,6584.0,6269.028049662863,6489.140285289985
2020-04-09 17:00:00+00:00,6742.0,6501.1665495069665,6743.075537439757
2020-04-09 18:00:00+00:00,6753.0,6671.089111839019,6864.599156840028
2020-04-09 19:00:00+00:00,6297.0,6582.161269387391,6729.582941710367
2020-04-09 20:00:00+00:00,6112.0,6232.467100173038,6380.762656886344
2020-04-09 21:00:00+00:00,5632.0,6023.394597042314,6132.8266601192145
2020-04-09 22:00:00+00:00,5360.0,5615.962000710917,5690.864051177777
2020-04-09 23:00:00+00:00,5048.0,5368.706284761784,5404.136564046775
2020-04-10 00:00:00+00:00,4931.0,5210.516811816133,5145.055951234485
2020-04-10 01:00:00+00:00,4782.0,5148.231646075497,5024.202598227382
2020-04-10 02:00:00+00:00,4848.0,5133.892042460578,4947.162127541851
2020-04-10 03:00:00+00:00,5292.0,5367.548422761973,5133.877476461713
2020-04-10 04:00:00+00:00,5915.0,5926.02525298838,5630.684468708111
2020-04-10 05:00:00+00:00,6427.999999999999,6561.075913422382,6231.911796963093
2020-04-10 06:00:00+00:00,6635.000000000002,6917.6507791154445,6657.333973461615
2020-04-10 07:00:00+00:00,6580.000000000001,7025.937202562334,6769.361600845069
2020-04-10 08:00:00+00:00,6563.000000000001,6950.673743110857,6732.538404041357
2020-04-10 09:00:00+00:00,6736.000000000002,6931.550752836253,6763.539585808416
2020-04-10 10:00:00+00:00,6478.0,6986.981169058758,6850.38354495519
2020-04-10 11:00:00+00:00,6170.000000000001,6667.257571888213,6574.190039373407
2020-04-10 12:00:00+00:00,5950.000000000002,6334.638663578342,6294.160659002457
2020-04-10 13:00:00+00:00,5782.0,6063.4324378871215,6097.610484460148
2020-04-10 14:00:00+00:00,5783.000000000001,5852.744346011203,5960.79251380328
2020-04-10 15:00:00+00:00,5897.000000000001,5824.344990391397,6001.012470218366
2020-04-10 16:00:00+00:00,6103.000000000002,5927.840995618087,6145.124810556469
2020-04-10 17:00:00+00:00,6238.0,6108.388310789317,6321.515087751053
2020-04-10 18:00:00+00:00,6323.000000000001,6244.177509387419,6405.82520328689
2020-04-10 19:00:00+00:00,5825.0,6232.952519793555,6331.800148084226
2020-04-10 20:00:00+00:00,5705.999999999999,5840.435564981366,5938.918605882195
2020-04-10 21:00:00+00:00,5308.0,5672.5995750989605,5734.976571433372
2020-04-10 22:00:00+00:00,5014.0,5325.798589699426,5349.855096867082
2020-04-10 23:00:00+00:00,4692.0,5084.842877701071,5040.56028386324
2020-04-11 00:00:00+00:00,4547.0,4714.543760118513,4771.723894736135
2020-04-11 01:00:00+00:00,4369.0,4626.142611024657,4622.043708999699
2020-04-11 02:00:00+00:00,4346.0,4573.073621475882,4497.710759405489
2020-04-11 03:00:00+00:00,4595.0,4703.103664163783,4566.691435078968
2020-04-11 04:00:00+00:00,4820.0,5050.872910442719,4839.111158517469
2020-04-11 05:00:00+00:00,5129.999999999999,5343.445393739418,5103.01088557072
2020-04-11 06:00:00+00:00,5351.000000000001,5561.594541138326,5383.021781025033
2020-04-11 07:00:00+00:00,5525.0,5730.2153130330025,5573.090942899776
2020-04-11 08:00:00+00:00,5628.000000000001,5846.618997501692,5723.342702385207
2020-04-11 09:00:00+00:00,5738.0,5928.154176881889,5850.184868065258
2020-04-11 10:00:00+00:00,5501.0,5942.160599552821,5894.61248356446
2020-04-11 11:00:00+00:00,5279.0,5651.651864606769,5644.601073369269
2020-04-11 12:00:00+00:00,5127.0,5382.661109946874,5428.857321632625
2020-04-11 13:00:00+00:00,5026.0,5173.217592683708,5278.711754184557
2020-04-11 14:00:00+00:00,4998.0,5013.414962601208,5187.09192593377
2020-04-11 15:00:00+00:00,5152.0,4969.601793865959,5214.92770557787
2020-04-11 16:00:00+00:00,5361.0,5101.076717324936,5386.386798795408
2020-04-11 17:00:00+00:00,5593.999999999999,5294.024317529915,5588.511416674748
2020-04-11 18:00:00+00:00,5791.000000000001,5526.491479170486,5779.588021824487
2020-04-11 19:00:00+00:00,5416.0,5621.245275723405,5802.056111051465
2020-04-11 20:00:00+00:00,5349.0,5392.147252066975,5528.95842661843
2020-04-11 21:00:00+00:00,4958.0,5298.57490087618,5377.264667705773
2020-04-11 22:00:00+00:00,4655.0,4952.089268326726,5000.398037534159
2020-04-11 23:00:00+00:00,4347.0,4688.716053771272,4694.682941547602
2020-04-12 00:00:00+00:00,4259.0,4490.926395634715,4447.365621437653
2020-04-12 01:00:00+00:00,4108.0,4442.968912060396,4342.589292730954
2020-04-12 02:00:00+00:00,4114.0,4388.288670799997,4231.962469855896
2020-04-12 03:00:00+00:00,4260.0,4497.982822028013,4287.154669175053
2020-04-12 04:00:00+00:00,4360.0,4702.407159480327,4442.266603949927
2020-04-12 05:00:00+00:00,4579.0,4860.020067104251,4579.163533264867
2020-04-12 06:00:00+00:00,4767.0,4981.237275736544,4782.646535634817
2020-04-12 07:00:00+00:00,4934.0,5111.356812230245,4951.188847908918
2020-04-12 08:00:00+00:00,5070.0,5245.626131407621,5122.205428130991
2020-04-12 09:00:00+00:00,5277.0,5336.87037174785,5262.393112371397
2020-04-12 10:00:00+00:00,5068.0,5398.175805721428,5349.920013699362
2020-04-12 11:00:00+00:00,4800.0,5129.160384117998,5119.526188042363
2020-04-12 12:00:00+00:00,4592.0,4827.410363518174,4859.031138102786
2020-04-12 13:00:00+00:00,4488.0,4575.236085690717,4670.439460883527
2020-04-12 14:00:00+00:00,4518.0,4434.037273103221,4598.147256217942
2020-04-12 15:00:00+00:00,4722.0,4451.409096347944,4689.444360798371
2020-04-12 16:00:00+00:00,5004.0,4638.17575225725,4929.619435987659
2020-04-12 17:00:00+00:00,5229.0,4915.221511877711,5215.634922952613
2020-04-12 18:00:00+00:00,5405.0,5168.834503724163,5428.502658054881
2020-04-12 19:00:00+00:00,5103.0,5309.821342731809,5457.845493182389
2020-04-12 20:00:00+00:00,5071.0,5124.981260163477,5242.193586713908
2020-04-12 21:00:00+00:00,4763.0,5047.491144983887,5121.361937097961
2020-04-12 22:00:00+00:00,4516.0,4786.8257883372335,4830.171318416873
2020-04-12 23:00:00+00:00,4280.0,4582.65303254956,4583.663823589967
2020-04-13 00:00:00+00:00,4177.0,4277.740300706016,4382.29924231595
2020-04-13 01:00:00+00:00,4044.0,4227.098595145805,4277.535301564119
2020-04-13 02:00:00+00:00,4109.0,4213.950626632573,4208.077151622591
2020-04-13 03:00:00+00:00,4282.0,4415.777969003016,4375.371685824897
2020-04-13 04:00:00+00:00,4418.0,4722.6843854099525,4672.394280910415
2020-04-13 05:00:00+00:00,4667.0,4975.095019358657,4921.367091625975
2020-04-13 06:00:00+00:00,4911.0,5107.918493019047,5149.2595559014935
2020-04-13 07:00:00+00:00,5186.0,5276.913567128531,5331.235666108721
2020-04-13 08:00:00+00:00,5405.0,5474.816682113846,5555.185181551856
2020-04-13 09:00:00+00:00,5700.0,5639.205257202265,5758.504077183859
2020-04-13 10:00:00+00:00,5567.0,5788.122860698106,5918.553362004838
2020-04-13 11:00:00+00:00,5351.000000000001,5586.694707229319,5753.213172330662
2020-04-13 12:00:00+00:00,5150.0,5310.351712923055,5537.182401010732
2020-04-13 13:00:00+00:00,5086.0,5067.967397957472,5351.046746892071
2020-04-13 14:00:00+00:00,5124.0,4942.1885376127375,5288.398969957183
2020-04-13 15:00:00+00:00,5366.000000000001,4935.284252670383,5338.094961828212
2020-04-13 16:00:00+00:00,5557.000000000001,5165.747303417088,5600.728030574303
2020-04-13 17:00:00+00:00,5687.0,5327.39004862956,5789.8316269642555
2020-04-13 18:00:00+00:00,5652.0,5480.936887502902,5907.626544319725
2020-04-13 19:00:00+00:00,5320.0,5360.346459841299,5769.295599119216
2020-04-13 20:00:00+00:00,5371.0,5095.333036918597,5490.864636618694
2020-04-13 21:00:00+00:00,5036.0,5038.5877520871245,5421.701833909405
2020-04-13 22:00:00+00:00,4819.0,4759.05989493347,5094.044007746885
2020-04-13 23:00:00+00:00,4596.0,4567.8615974268005,4865.954837643416
2020-04-14 00:00:00+00:00,4544.0,4758.9504451680705,4668.072841281103
2020-04-14 01:00:00+00:00,4469.0,4808.745067700223,4602.033513244019
2020-04-14 02:00:00+00:00,4596.0,4848.3156109961865,4570.202852240467
2020-04-14 03:00:00+00:00,5154.0,5103.30012593522,4774.239760853814
2020-04-14 04:00:00+00:00,6079.0,5710.09957254507,5332.30524684889
2020-04-14 05:00:00+00:00,6829.000000000002,6584.896392671424,6149.601535391716
2020-04-14 06:00:00+00:00,7205.000000000001,7238.8673693334995,6745.627311601793
2020-04-14 07:00:00+00:00,7220.0,7533.508873474944,7023.166487863747
2020-04-14 08:00:00+00:00,7311.000000000001,7600.310571794063,7062.834287495608
2020-04-14 09:00:00+00:00,7543.000000000001,7622.113016024683,7185.074059965723
2020-04-14 10:00:00+00:00,7365.0,7697.907940277136,7294.97233179422
2020-04-14 11:00:00+00:00,7100.0,7427.29488790941,7088.687712752816
2020-04-14 12:00:00+00:00,6932.000000000001,7129.039434349844,6840.084787131675
2020-04-14 13:00:00+00:00,6817.000000000001,6898.344425180124,6677.014623804151
2020-04-14 14:00:00+00:00,6765.000000000001,6728.597870272308,6579.196827352758
2020-04-14 15:00:00+00:00,6799.000000000002,6634.364287604723,6565.518811363106
2020-04-14 16:00:00+00:00,6950.0,6653.084495608255,6663.987168903417
2020-04-14 17:00:00+00:00,6953.0,6764.345181636579,6824.723241309436
2020-04-14 18:00:00+00:00,6936.0,6761.7149338583085,6831.988298815638
2020-04-14 19:00:00+00:00,6523.000000000001,6657.662214929394,6695.767377002879
2020-04-14 20:00:00+00:00,6370.000000000001,6328.5688527920765,6362.600275286997
2020-04-14 21:00:00+00:00,5906.000000000001,6143.4195497618,6153.208364064043
2020-04-14 22:00:00+00:00,5626.0,5752.917240156722,5740.808937397184
2020-04-14 23:00:00+00:00,5368.0,5521.239993166843,5466.441889972478
2020-04-15 00:00:00+00:00,5274.0,5384.830717823184,5251.334211392729
2020-04-15 01:00:00+00:00,5153.000000000001,5306.368212420113,5155.472270762758
2020-04-15 02:00:00+00:00,5262.0,5297.314202114061,5093.162110764718
2020-04-15 03:00:00+00:00,5765.0,5557.444204744634,5312.2478137936605
2020-04-15 04:00:00+00:00,6560.0,6186.227795598633,5899.766972158627
2020-04-15 05:00:00+00:00,7158.000000000001,6947.828017009046,6654.025657843255
2020-04-15 06:00:00+00:00,7306.999999999999,7412.400172685475,7149.091516595921
2020-04-15 07:00:00+00:00,7189.000000000001,7485.719968024315,7236.299817408779
2020-04-15 08:00:00+00:00,7220.0,7374.880717390348,7166.800924374792
2020-04-15 09:00:00+00:00,7403.0,7393.820085600747,7241.094266702804
2020-04-15 10:00:00+00:00,7137.000000000001,7426.750038297631,7313.102605138389
2020-04-15 11:00:00+00:00,6857.0,7096.750649730178,7043.725775369154
2020-04-15 12:00:00+00:00,6657.000000000002,6791.2865125288845,6777.6015072070395
2020-04-15 13:00:00+00:00,6554.0,6530.36891712984,6585.689069798377
2020-04-15 14:00:00+00:00,6427.000000000001,6376.649371109401,6493.409968689594
2020-04-15 15:00:00+00:00,6525.000000000001,6243.073346551894,6427.272041242447
2020-04-15 16:00:00+00:00,6747.000000000002,6336.051690359741,6571.757490328768
2020-04-15 17:00:00+00:00,6864.000000000001,6501.362303591745,6768.6897858265465
2020-04-15 18:00:00+00:00,6934.0,6663.937051567551,6855.417962382354
2020-04-15 19:00:00+00:00,6517.000000000001,6657.10061996908,6778.2632888688295
2020-04-15 20:00:00+00:00,6287.0,6364.514033554681,6426.709118352965
2020-04-15 21:00:00+00:00,5864.0,6129.188621604862,6129.0441935352455
2020-04-15 22:00:00+00:00,5567.0,5782.6567674821545,5748.875021145933
2020-04-15 23:00:00+00:00,5312.0,5542.355871793655,5453.865964374921
2020-04-16 00:00:00+00:00,5177.0,5374.91066009557,5241.0636465950265
2020-04-16 01:00:00+00:00,5070.0,5293.944606349244,5105.083074025409
2020-04-16 02:00:00+00:00,5133.0,5297.674616040163,5056.79183047954
2020-04-16 03:00:00+00:00,5659.0,5526.012075713316,5244.553222816112
2020-04-16 04:00:00+00:00,6456.0,6171.803686298004,5841.6126918685695
2020-04-16 05:00:00+00:00,7070.0,6929.344362579606,6580.93947073379
2020-04-16 06:00:00+00:00,7222.000000000002,7352.935580872721,7079.835664247786
2020-04-16 07:00:00+00:00,7109.000000000001,7394.858549352888,7164.101644603794
2020-04-16 08:00:00+00:00,7158.000000000001,7275.110473737251,7087.735813269562
2020-04-16 09:00:00+00:00,7362.0,7300.073971092376,7170.349417063028
2020-04-16 10:00:00+00:00,7102.000000000002,7347.3244939827,7257.1016740672585
2020-04-16 11:00:00+00:00,6859.000000000002,7034.11586847215,6996.200295105525
2020-04-16 12:00:00+00:00,6622.0,6753.333897846018,6763.449339659362
2020-04-16 13:00:00+00:00,6506.000000000001,6469.395503695912,6544.670434481843
2020-04-16 14:00:00+00:00,6411.000000000001,6300.369262137117,6431.7762031904385
2020-04-16 15:00:00+00:00,6482.000000000001,6208.748349945493,6397.259784922942
2020-04-16 16:00:00+00:00,6706.000000000002,6286.728532685952,6513.763335011491
2020-04-16 17:00:00+00:00,6765.000000000001,6493.397857409394,6718.856804236351
2020-04-16 18:00:00+00:00,6833.0,6598.811929613842,6769.744026247859
2020-04-16 19:00:00+00:00,6385.0,6561.788039269169,6697.179581291628
2020-04-16 20:00:00+00:00,6140.000000000001,6177.013211703872,6313.375464173296
2020-04-16 21:00:00+00:00,5697.0,5911.282813829869,6005.3975327442495
2020-04-16 22:00:00+00:00,5413.0,5562.046782629845,5602.838005556816
2020-04-16 23:00:00+00:00,5143.0,5336.062510135646,5312.424814680705
2020-04-17 00:00:00+00:00,4999.0,5164.3679247741875,5080.2818980209
2020-04-17 01:00:00+00:00,4878.0,5083.813404016763,4936.545744312279
2020-04-17 02:00:00+00:00,4943.0,5084.387152397691,4865.483694129307
2020-04-17 03:00:00+00:00,5481.0,5314.294649555697,5041.711215519235
2020-04-17 04:00:00+00:00,6219.000000000001,5954.435742727461,5622.033601492077
2020-04-17 05:00:00+00:00,6798.000000000001,6641.542264394872,6313.594933302561
2020-04-17 06:00:00+00:00,6994.0,7089.999731143936,6792.1408144997895
2020-04-17 07:00:00+00:00,6975.0,7199.115092302226,6916.69839289727
2020-04-17 08:00:00+00:00,7051.0,7148.603217977814,6903.0474886887
2020-04-17 09:00:00+00:00,7160.0,7205.006249799543,7008.900201143356
2020-04-17 10:00:00+00:00,6918.000000000001,7182.974951682576,7017.860830237349
2020-04-17 11:00:00+00:00,6534.000000000002,6879.074927741448,6760.0386456160495
2020-04-17 12:00:00+00:00,6333.0,6477.075035473638,6415.769313137902
2020-04-17 13:00:00+00:00,6204.000000000002,6221.412848406532,6225.6343204675195
2020-04-17 14:00:00+00:00,6159.000000000001,6051.7723689897,6123.715984428277
2020-04-17 15:00:00+00:00,6272.000000000002,5984.525401004354,6118.707556792429
2020-04-17 16:00:00+00:00,6395.000000000002,6088.624807631542,6259.852658102383
2020-04-17 17:00:00+00:00,6430.000000000001,6194.6752424655715,6381.651514955179
2020-04-17 18:00:00+00:00,6477.000000000002,6276.816266307832,6429.456108042286
2020-04-17 19:00:00+00:00,6031.000000000001,6237.977242644924,6330.694168260664
2020-04-17 20:00:00+00:00,5830.000000000002,5880.548800946893,5960.3464341471345
2020-04-17 21:00:00+00:00,5361.0,5671.053580069803,5699.525358807542
2020-04-17 22:00:00+00:00,5051.0,5275.264870889497,5274.430886454457
2020-04-17 23:00:00+00:00,4741.0,5006.325774266672,4961.741329082264
2020-04-18 00:00:00+00:00,4617.0,4656.330664118625,4693.8932617026185
2020-04-18 01:00:00+00:00,4474.0,4563.437734554682,4557.998050448886
2020-04-18 02:00:00+00:00,4474.0,4538.318517412716,4453.150776831431
2020-04-18 03:00:00+00:00,4607.0,4668.454858674963,4543.602507400933
2020-04-18 04:00:00+00:00,4872.0,4956.864216528642,4742.2291247226685
2020-04-18 05:00:00+00:00,5195.0,5262.466910367607,5042.722332441391
2020-04-18 06:00:00+00:00,5514.0,5520.997667159062,5338.993609925445
2020-04-18 07:00:00+00:00,5738.0,5782.896472700729,5606.631744574622
2020-04-18 08:00:00+00:00,5880.0,5946.835130881087,5797.5107015389995
2020-04-18 09:00:00+00:00,6039.000000000001,6048.791763507682,5932.000183007765
2020-04-18 10:00:00+00:00,5899.0,6074.040513586181,5983.175046932352
2020-04-18 11:00:00+00:00,5703.0,5852.889493910181,5806.683729578429
2020-04-18 12:00:00+00:00,5537.999999999999,5593.2142782409255,5616.890668131823
2020-04-18 13:00:00+00:00,5469.0,5385.675549378198,5465.532822354001
2020-04-18 14:00:00+00:00,5471.000000000001,5260.670196563117,5405.707664770493
2020-04-18 15:00:00+00:00,5606.0,5272.819647671895,5446.373535576885
2020-04-18 16:00:00+00:00,5715.0,5376.45624177627,5596.565309056341
2020-04-18 17:00:00+00:00,5809.0,5469.698334143692,5725.730058288822
2020-04-18 18:00:00+00:00,5897.000000000001,5574.856685928971,5837.609661799047
2020-04-18 19:00:00+00:00,5471.000000000001,5611.573586456899,5793.6332961921735
2020-04-18 20:00:00+00:00,5356.0,5261.530968659847,5451.674843031425
2020-04-18 21:00:00+00:00,4976.0,5103.198888518635,5253.495052678126
2020-04-18 22:00:00+00:00,4702.0,4781.94060568506,4890.073084478159
2020-04-18 23:00:00+00:00,4421.0,4544.516328166767,4603.60784491865
2020-04-19 00:00:00+00:00,4339.0,4437.800641999798,4369.973061674811
2020-04-19 01:00:00+00:00,4179.0,4382.507524098703,4268.683417151013
2020-04-19 02:00:00+00:00,4172.0,4311.157876300605,4152.186079328166
2020-04-19 03:00:00+00:00,4281.0,4394.246780033137,4186.204398293278
2020-04-19 04:00:00+00:00,4410.0,4573.855218959021,4306.388620231296
2020-04-19 05:00:00+00:00,4750.0,4741.706553951271,4469.385010369612
2020-04-19 06:00:00+00:00,5024.0,5032.734511124354,4781.064539708201
2020-04-19 07:00:00+00:00,5429.0,5314.388926959567,5032.799854531049
2020-04-19 08:00:00+00:00,5846.000000000001,5621.372471112155,5368.479823156855
2020-04-19 09:00:00+00:00,6257.0,5942.543988069971,5728.455946669409
2020-04-19 10:00:00+00:00,6032.000000000002,6170.787028524093,5978.430342728421
2020-04-19 11:00:00+00:00,5726.0,5890.594112250886,5744.688894323843
2020-04-19 12:00:00+00:00,5488.0,5552.964441085808,5465.681919773759
2020-04-19 13:00:00+00:00,5393.0,5283.056908143369,5264.6911541451655
2020-04-19 14:00:00+00:00,5363.0,5158.696508344671,5200.952434156057
2020-04-19 15:00:00+00:00,5529.0,5117.278655255157,5229.7891927212595
2020-04-19 16:00:00+00:00,5752.0,5249.456591189391,5416.327999438365
2020-04-19 17:00:00+00:00,5776.0,5435.1424386413755,5632.29782815011
2020-04-19 18:00:00+00:00,5789.000000000002,5544.0042016885845,5691.701575133293
2020-04-19 19:00:00+00:00,5520.0,5465.7765365058585,5608.69386939121
2020-04-19 20:00:00+00:00,5565.0,5259.665111517873,5395.7691669848455
2020-04-19 21:00:00+00:00,5262.0,5241.667164371478,5338.630525728172
2020-04-19 22:00:00+00:00,5013.0,4977.438890970481,5045.804604074924
2020-04-19 23:00:00+00:00,4759.0,4756.798727589461,4794.351280819396
2020-04-20 00:00:00+00:00,4685.0,4733.074135880234,4580.850929481625
2020-04-20 01:00:00+00:00,4650.0,4700.394752468839,4487.811389056596
2020-04-20 02:00:00+00:00,4716.0,4741.702528104222,4474.548419261447
2020-04-20 03:00:00+00:00,5264.0,4898.019604848686,4565.9028181273625
2020-04-20 04:00:00+00:00,6173.000000000001,5411.702533122457,5005.902202912305
2020-04-20 05:00:00+00:00,6863.0,6227.307328055071,5750.012941846685
2020-04-20 06:00:00+00:00,7190.0,6826.554178903939,6327.106523982556
2020-04-20 07:00:00+00:00,7228.0,7127.201303627098,6653.4016622610225
2020-04-20 08:00:00+00:00,7345.000000000002,7174.368775153215,6756.886423138356
2020-04-20 09:00:00+00:00,7574.000000000002,7311.2946828542335,6933.118415332732
2020-04-20 10:00:00+00:00,7289.0,7413.457143135132,7058.067569288869
2020-04-20 11:00:00+00:00,7044.000000000001,7076.318910445363,6782.336110213401
2020-04-20 12:00:00+00:00,6860.0,6784.243781839318,6544.183535782447
2020-04-20 13:00:00+00:00,6724.000000000001,6558.4964115606135,6389.06219344824
2020-04-20 14:00:00+00:00,6635.000000000002,6398.724132054647,6294.498836672735
2020-04-20 15:00:00+00:00,6665.000000000002,6319.229959515388,6290.037312778921
2020-04-20 16:00:00+00:00,6790.999999999999,6337.707814654435,6367.2382832128615
2020-04-20 17:00:00+00:00,6846.0,6428.012961603856,6487.743574073937
2020-04-20 18:00:00+00:00,6887.0,6460.582882546945,6522.326747463136
2020-04-20 19:00:00+00:00,6475.0,6466.591870664829,6466.003776763856
2020-04-20 20:00:00+00:00,6269.000000000001,6157.967561800489,6176.726172993749
2020-04-20 21:00:00+00:00,5813.000000000001,5934.662075428986,5935.540002269129
2020-04-20 22:00:00+00:00,5507.0,5553.2434052733,5538.111738885302
2020-04-20 23:00:00+00:00,5232.0,5306.718186242964,5249.40626508455
2020-04-21 00:00:00+00:00,5137.0,5124.50455264282,5031.249399198951
2020-04-21 01:00:00+00:00,5051.0,5098.001705097203,4943.837113375589
2020-04-21 02:00:00+00:00,5137.0,5115.0023390058095,4910.964894219627
2020-04-21 03:00:00+00:00,5679.999999999999,5377.124251143838,5127.094270658506
2020-04-21 04:00:00+00:00,6468.000000000001,6063.530483519541,5779.852627425995
2020-04-21 05:00:00+00:00,7095.0,6861.726658348803,6561.245949440432
2020-04-21 06:00:00+00:00,7293.000000000002,7386.585930164589,7122.124086527605
2020-04-21 07:00:00+00:00,7282.000000000002,7529.108062834114,7273.615715519316
2020-04-21 08:00:00+00:00,7386.000000000002,7523.528257840429,7292.558311028849
2020-04-21 09:00:00+00:00,7527.000000000001,7615.996360930792,7432.675145111662
2020-04-21 10:00:00+00:00,7238.000000000001,7628.504372098517,7479.226609832022
2020-04-21 11:00:00+00:00,6970.000000000001,7294.8841379115365,7195.274003070229
2020-04-21 12:00:00+00:00,6688.0,7011.32656186932,6950.726237932653
2020-04-21 13:00:00+00:00,6570.0,6692.796066814459,6710.081099091
2020-04-21 14:00:00+00:00,6509.000000000001,6526.686105488652,6606.163973048221
2020-04-21 15:00:00+00:00,6494.0,6436.072482022091,6570.347042371801
2020-04-21 16:00:00+00:00,6682.0,6415.1950798378375,6598.961943198691
2020-04-21 17:00:00+00:00,6760.000000000001,6552.076894119928,6741.976157307735
2020-04-21 18:00:00+00:00,6843.0,6629.060069966267,6799.053377965526
2020-04-21 19:00:00+00:00,6481.000000000001,6671.807145613712,6746.474440166694
2020-04-21 20:00:00+00:00,6277.000000000001,6363.479224912619,6434.128407343659
2020-04-21 21:00:00+00:00,5885.0,6119.692275398069,6156.9986603410225
2020-04-21 22:00:00+00:00,5575.0,5780.247314156333,5789.692446271564
2020-04-21 23:00:00+00:00,5318.0,5524.669049144684,5489.425734084872
2020-04-22 00:00:00+00:00,5228.0,5375.009967817042,5274.495373658035
2020-04-22 01:00:00+00:00,5112.0,5329.551781150786,5177.675713597459
2020-04-22 02:00:00+00:00,5198.0,5331.708466742058,5120.636303735808
2020-04-22 03:00:00+00:00,5662.0,5584.887226499748,5325.384319133493
2020-04-22 04:00:00+00:00,6461.0,6187.116741543662,5884.897628463937
2020-04-22 05:00:00+00:00,7051.0,6931.470684604076,6639.268553624716
2020-04-22 06:00:00+00:00,7221.000000000001,7391.222554063306,7117.868707563763
2020-04-22 07:00:00+00:00,7112.000000000001,7472.949771837249,7218.523443941817
2020-04-22 08:00:00+00:00,7156.000000000001,7373.835667479833,7152.430188448575
2020-04-22 09:00:00+00:00,7366.000000000001,7407.302003697632,7231.941377746496
2020-04-22 10:00:00+00:00,7126.000000000001,7456.21552745122,7311.380618287627
2020-04-22 11:00:00+00:00,6882.0,7152.242818823005,7058.71687375258
2020-04-22 12:00:00+00:00,6654.000000000001,6862.214571291697,6817.991580109084
2020-04-22 13:00:00+00:00,6538.0,6590.325898758086,6620.831484827313
2020-04-22 14:00:00+00:00,6474.000000000002,6416.35664107814,6505.582482630322
2020-04-22 15:00:00+00:00,6514.000000000001,6323.931469909423,6476.902840234966
2020-04-22 16:00:00+00:00,6712.0,6358.957851548866,6564.84502115561
2020-04-22 17:00:00+00:00,6801.000000000001,6519.601502933742,6739.693257338517
2020-04-22 18:00:00+00:00,6961.0,6635.624518846694,6825.402376414086
2020-04-22 19:00:00+00:00,6543.0,6771.8219181398945,6832.468547809381
2020-04-22 20:00:00+00:00,6312.000000000001,6413.890556907539,6463.757114194565
2020-04-22 21:00:00+00:00,5904.0,6159.35556122713,6179.809603411525
2020-04-22 22:00:00+00:00,5494.0,5804.6045509056,5797.039861022681
2020-04-22 23:00:00+00:00,5264.0,5480.007769672228,5425.185015214744
2020-04-23 00:00:00+00:00,5169.0,5320.938799217436,5222.303466331738
2020-04-23 01:00:00+00:00,5085.0,5286.350547648164,5122.299187990129
2020-04-23 02:00:00+00:00,5176.0,5308.404791076012,5079.615125727153
2020-04-23 03:00:00+00:00,5646.0,5567.3801046440485,5286.609231068471
2020-04-23 04:00:00+00:00,6516.0,6179.664574312711,5851.769528747111
2020-04-23 05:00:00+00:00,7021.0,6974.083552208142,6658.73483227515
2020-04-23 06:00:00+00:00,7211.000000000002,7357.4911396085545,7073.300166664464
2020-04-23 07:00:00+00:00,7168.0,7442.640452626369,7182.217520581992
2020-04-23 08:00:00+00:00,7230.000000000001,7376.196071768139,7163.711324357945
2020-04-23 09:00:00+00:00,7388.000000000001,7424.388357700938,7265.92313392355
2020-04-23 10:00:00+00:00,7139.000000000001,7442.095095267519,7312.064258977216
2020-04-23 11:00:00+00:00,6886.000000000001,7137.590734208961,7061.993574366004
2020-04-23 12:00:00+00:00,6636.0,6840.431804062643,6811.392004216558
2020-04-23 13:00:00+00:00,6517.999999999999,6546.515940336516,6595.61726441281
2020-04-23 14:00:00+00:00,6421.000000000001,6373.518858825518,6485.047380855117
2020-04-23 15:00:00+00:00,6561.000000000001,6257.700571261413,6430.898537353365
2020-04-23 16:00:00+00:00,6696.0,6371.661190804364,6593.539077937464
2020-04-23 17:00:00+00:00,6753.0,6479.145982172263,6711.332552231048
2020-04-23 18:00:00+00:00,6824.0,6578.311373296134,6778.953261044042
2020-04-23 19:00:00+00:00,6451.000000000001,6604.271519423147,6710.108850545283
2020-04-23 20:00:00+00:00,6253.000000000002,6339.357039994072,6369.430004820559
2020-04-23 21:00:00+00:00,5850.0,6119.576332197242,6104.537351553343
2020-04-23 22:00:00+00:00,5563.0,5765.4295662431705,5720.426163486387
2020-04-23 23:00:00+00:00,5258.0,5534.131653775623,5438.101936363115
2020-04-24 00:00:00+00:00,5162.0,5337.015023316459,5177.9000637295385
2020-04-24 01:00:00+00:00,5048.0,5298.57679471417,5076.8088299555075
2020-04-24 02:00:00+00:00,5156.0,5274.828227216626,5012.841146499214
2020-04-24 03:00:00+00:00,5608.999999999999,5520.197955643616,5235.183907551314
2020-04-24 04:00:00+00:00,6365.000000000002,6089.918846741025,5781.480096007406
2020-04-24 05:00:00+00:00,6833.0,6771.975723025441,6491.155210220758
2020-04-24 06:00:00+00:00,7066.000000000001,7153.41628866941,6888.781321072674
2020-04-24 07:00:00+00:00,6955.0,7301.4085633848845,7053.050799016112
2020-04-24 08:00:00+00:00,6973.000000000001,7201.428979360618,6991.256620994578
2020-04-24 09:00:00+00:00,7122.0,7202.151242551293,7038.191604345721
2020-04-24 10:00:00+00:00,6843.0,7210.011483224472,7080.583731053696
2020-04-24 11:00:00+00:00,6618.000000000001,6857.5173513918535,6779.635842984162
2020-04-24 12:00:00+00:00,6449.000000000001,6579.854912401993,6555.094431185448
2020-04-24 13:00:00+00:00,6326.000000000001,6369.142586219035,6396.122329267757
2020-04-24 14:00:00+00:00,6304.000000000001,6223.73235665101,6289.310790189103
2020-04-24 15:00:00+00:00,6382.0,6169.008444985442,6306.276374208939
2020-04-24 16:00:00+00:00,6478.0,6223.712044003854,6398.38406463261
2020-04-24 17:00:00+00:00,6511.0,6337.614238978567,6480.260356561362
2020-04-24 18:00:00+00:00,6474.000000000002,6331.009108859508,6519.2609677828195
2020-04-24 19:00:00+00:00,6103.000000000002,6250.08030209382,6374.7908602591215
2020-04-24 20:00:00+00:00,5909.000000000002,5909.093255417608,6046.8287461385235
2020-04-24 21:00:00+00:00,5472.0,5701.0426768461,5780.043603252577
2020-04-24 22:00:00+00:00,5236.0,5334.068339791032,5375.059749003844
2020-04-24 23:00:00+00:00,4917.0,5139.43889147868,5116.522481903377
2020-04-25 00:00:00+00:00,4761.0,4732.503971861215,4849.89586898577
2020-04-25 01:00:00+00:00,4624.0,4696.504400170789,4697.97299368577
2020-04-25 02:00:00+00:00,4564.0,4664.049061356816,4605.386787721908
2020-04-25 03:00:00+00:00,4747.0,4743.534431768521,4622.127338443528
2020-04-25 04:00:00+00:00,4930.0,5021.039477687609,4866.862311075407
2020-04-25 05:00:00+00:00,5214.0,5321.222905680214,5101.199400696503
2020-04-25 06:00:00+00:00,5561.0,5643.987885281943,5391.1295359577625
2020-04-25 07:00:00+00:00,5727.0,5930.171131852696,5682.326040748908
2020-04-25 08:00:00+00:00,5949.000000000001,6016.353434791695,5833.917950394666
2020-04-25 09:00:00+00:00,6172.0,6226.834985654026,6040.057897302433
2020-04-25 10:00:00+00:00,5945.0,6302.452859479117,6154.832657843462
2020-04-25 11:00:00+00:00,5726.0,6048.796434591666,5931.64375004158
2020-04-25 12:00:00+00:00,5505.0,5704.356519719302,5724.7718101564715
2020-04-25 13:00:00+00:00,5325.000000000001,5478.018040698887,5539.048609422247
2020-04-25 14:00:00+00:00,5350.0,5260.50918213406,5405.292855495579
2020-04-25 15:00:00+00:00,5391.999999999999,5256.62427107088,5456.395165028605
2020-04-25 16:00:00+00:00,5626.0,5282.747986340595,5516.1816939469
2020-04-25 17:00:00+00:00,5809.0,5460.2893090629395,5709.397532916516
2020-04-25 18:00:00+00:00,5919.000000000001,5611.342546894466,5858.611327768349
2020-04-25 19:00:00+00:00,5578.999999999999,5651.482228106069,5826.353621857058
2020-04-25 20:00:00+00:00,5479.0,5355.3869809917305,5538.608203745288
2020-04-25 21:00:00+00:00,5061.0,5232.864198748268,5356.08801068173
2020-04-25 22:00:00+00:00,4787.0,4929.112943994634,4976.121940790734
2020-04-25 23:00:00+00:00,4498.0,4712.092379105813,4694.341212137356
2020-04-26 00:00:00+00:00,4446.0,4455.791233697428,4453.575510441611
2020-04-26 01:00:00+00:00,4308.0,4436.191338482665,4373.005204941677
2020-04-26 02:00:00+00:00,4272.0,4398.931888035102,4265.532911510095
2020-04-26 03:00:00+00:00,4367.0,4484.425186521868,4274.654089362664
2020-04-26 04:00:00+00:00,4441.0,4668.772383108834,4384.08338082672
2020-04-26 05:00:00+00:00,4648.0,4736.19395586419,4527.778384537505
2020-04-26 06:00:00+00:00,4902.0,4967.09814245242,4760.9049128602155
2020-04-26 07:00:00+00:00,5202.0,5216.541060891458,5040.93009734471
2020-04-26 08:00:00+00:00,5464.0,5496.736953706633,5361.445019572598
2020-04-26 09:00:00+00:00,5707.0,5748.846479594554,5652.90106590237
2020-04-26 10:00:00+00:00,5472.0,5840.202204386279,5769.454109899062
2020-04-26 11:00:00+00:00,5227.0,5535.839728591164,5518.968525372901
2020-04-26 12:00:00+00:00,5000.0,5258.528024078351,5274.524240571549
2020-04-26 13:00:00+00:00,4849.0,4974.623820662527,5074.9267924622745
2020-04-26 14:00:00+00:00,4844.0,4787.456567851866,4959.753276441048
2020-04-26 15:00:00+00:00,5023.0,4771.457702236827,4992.287713656406
2020-04-26 16:00:00+00:00,5378.0,4928.001752465533,5186.096079308636
2020-04-26 17:00:00+00:00,5711.0,5193.886488024065,5465.813262904763
2020-04-26 18:00:00+00:00,5848.000000000001,5443.186548910368,5721.629706974843
2020-04-26 19:00:00+00:00,5563.0,5585.385002972607,5742.923709244863
2020-04-26 20:00:00+00:00,5501.0,5358.534100072015,5534.70900057346
2020-04-26 21:00:00+00:00,5141.0,5290.610565892015,5396.97263979471
2020-04-26 22:00:00+00:00,4899.0,5021.802453613029,5061.808368684339
2020-04-26 23:00:00+00:00,4688.0,4817.9903685534555,4811.284725922602
2020-04-27 00:00:00+00:00,4603.0,4777.268677918015,4637.446705032013
2020-04-27 01:00:00+00:00,4507.0,4762.148826319803,4557.496167775662
2020-04-27 02:00:00+00:00,4586.0,4775.928759555211,4497.339441983572
2020-04-27 03:00:00+00:00,5133.0,4998.463552931012,4671.88708203518
2020-04-27 04:00:00+00:00,6078.000000000001,5614.392071566465,5260.977280835661
2020-04-27 05:00:00+00:00,6814.0,6423.398696257874,6109.313942524814
2020-04-27 06:00:00+00:00,7190.0,7019.75881755272,6735.259457419126
2020-04-27 07:00:00+00:00,7224.999999999999,7332.020050235687,7042.395772388595
2020-04-27 08:00:00+00:00,7329.0,7374.176677905768,7111.595078407677
2020-04-27 09:00:00+00:00,7531.0,7481.006972479436,7252.389928286324
2020-04-27 10:00:00+00:00,7306.999999999999,7531.4450925157835,7326.494807939153
2020-04-27 11:00:00+00:00,7110.000000000002,7261.108278525016,7094.545302889969
2020-04-27 12:00:00+00:00,6986.000000000001,7021.080605279074,6895.979454382468
2020-04-27 13:00:00+00:00,6906.0,6806.731526530111,6766.448218588159
2020-04-27 14:00:00+00:00,6786.0,6671.223589796242,6689.743150930344
2020-04-27 15:00:00+00:00,6805.0,6480.448225673204,6621.306992934438
2020-04-27 16:00:00+00:00,6880.000000000001,6578.273147847496,6687.574057249095
2020-04-27 17:00:00+00:00,6863.0,6633.923684592697,6779.169310560303
2020-04-27 18:00:00+00:00,6750.000000000002,6618.50657551504,6785.3840093649105
2020-04-27 19:00:00+00:00,6354.000000000002,6505.070104552207,6598.634604017872
2020-04-27 20:00:00+00:00,6107.0,6209.744023711161,6261.760573182834
2020-04-27 21:00:00+00:00,5603.0,5964.665648734319,5961.96983799634
2020-04-27 22:00:00+00:00,5314.0,5541.779401608345,5512.0311096720825
2020-04-27 23:00:00+00:00,5036.0,5307.290997370098,5228.724044773802
2020-04-28 00:00:00+00:00,4960.0,5131.725196573256,4998.942162584603
2020-04-28 01:00:00+00:00,4867.0,5103.28743427703,4918.662755943566
2020-04-28 02:00:00+00:00,4945.0,5113.014019901345,4873.45639388173
2020-04-28 03:00:00+00:00,5438.0,5360.848635584281,5080.630667187838
2020-04-28 04:00:00+00:00,6298.0,5994.922721630306,5672.044642585205
2020-04-28 05:00:00+00:00,6952.000000000002,6754.51779798708,6485.362230332647
2020-04-28 06:00:00+00:00,7178.000000000001,7275.536004783324,7034.3393812122995
2020-04-28 07:00:00+00:00,7103.0,7409.093922801825,7200.999040133827
2020-04-28 08:00:00+00:00,7184.000000000002,7334.146787911496,7174.460139237944
2020-04-28 09:00:00+00:00,7379.0,7384.030672045632,7277.4568023191805
2020-04-28 10:00:00+00:00,7234.0,7429.688063114095,7346.223659996727
2020-04-28 11:00:00+00:00,7071.000000000001,7221.828361446869,7171.211628660698
2020-04-28 12:00:00+00:00,6891.000000000001,6999.437174221346,6985.72541746775
2020-04-28 13:00:00+00:00,6762.0,6788.923312545941,6823.754965889805
2020-04-28 14:00:00+00:00,6668.000000000002,6645.817126166287,6707.600510642659
2020-04-28 15:00:00+00:00,6711.000000000001,6546.291477639312,6636.917416810537
2020-04-28 16:00:00+00:00,6851.000000000002,6570.037143583964,6711.689192161039
2020-04-28 17:00:00+00:00,6939.0,6630.085013782808,6828.887759892008
2020-04-28 18:00:00+00:00,6814.0,6736.670848813751,6901.559539124082
2020-04-28 19:00:00+00:00,6352.0,6621.147187172593,6707.415395851639
2020-04-28 20:00:00+00:00,6087.0,6226.970337726237,6308.253170340419
2020-04-28 21:00:00+00:00,5583.000000000001,5942.83945018512,5996.961734947658
2020-04-28 22:00:00+00:00,5338.0,5528.063571624101,5542.597871581634
2020-04-28 23:00:00+00:00,5037.0,5302.17856637795,5290.09614446615
2020-04-29 00:00:00+00:00,4959.0,5111.715206017072,5045.040884118033
2020-04-29 01:00:00+00:00,4828.0,5090.553313818598,4957.499248789863
2020-04-29 02:00:00+00:00,4894.0,5082.987636259189,4884.226623278467
2020-04-29 03:00:00+00:00,5436.999999999999,5305.167061162619,5062.682861115345
2020-04-29 04:00:00+00:00,6260.000000000001,5965.5387082766365,5686.561347815998
2020-04-29 05:00:00+00:00,6951.000000000001,6755.630979299661,6459.035423928362
2020-04-29 06:00:00+00:00,7451.000000000001,7359.809675223122,7018.225232397431
2020-04-29 07:00:00+00:00,7630.0,7742.929145804002,7358.520266237935
2020-04-29 08:00:00+00:00,7879.000000000001,7887.724796161047,7505.1359330356445
2020-04-29 09:00:00+00:00,8177.000000000001,8118.9577847767905,7744.988970271814
2020-04-29 10:00:00+00:00,7980.000000000001,8281.808476804283,7905.377054854457
2020-04-29 11:00:00+00:00,7744.0,8039.34005646594,7699.58747653585
2020-04-29 12:00:00+00:00,7538.999999999999,7727.823548122688,7467.0063124547705
2020-04-29 13:00:00+00:00,7432.000000000001,7496.957436832341,7283.412369117134
2020-04-29 14:00:00+00:00,7132.000000000002,7322.034649843865,7184.908760498618
2020-04-29 15:00:00+00:00,7048.0,7030.835472523708,6975.59130607776
2020-04-29 16:00:00+00:00,7134.999999999999,6946.269092395888,6963.954353553983
2020-04-29 17:00:00+00:00,7074.000000000001,6985.7031124082405,7052.386991602452
2020-04-29 18:00:00+00:00,6923.0,6918.51372614643,7029.927323026187
2020-04-29 19:00:00+00:00,6441.000000000001,6686.893456874935,6800.493893907173
2020-04-29 20:00:00+00:00,6187.000000000001,6259.857321425224,6379.886712671336
2020-04-29 21:00:00+00:00,5720.0,5974.927697134057,6073.510010682648
2020-04-29 22:00:00+00:00,5458.0,5571.405482734635,5629.790594560729
2020-04-29 23:00:00+00:00,5191.0,5337.607931262954,5368.430866777381
2020-04-30 00:00:00+00:00,5099.0,5160.7906753142815,5147.247511082332
2020-04-30 01:00:00+00:00,5004.0,5128.486853967552,5052.915486339489
2020-04-30 02:00:00+00:00,5043.0,5152.024417184525,5006.225318779218
2020-04-30 03:00:00+00:00,5517.0,5381.200907620722,5169.845585193737
2020-04-30 04:00:00+00:00,6279.000000000001,6003.6558804200995,5754.328867392098
2020-04-30 05:00:00+00:00,6881.000000000002,6698.865964801141,6467.826793751198
2020-04-30 06:00:00+00:00,7126.000000000001,7223.682461818472,6986.370910382025
2020-04-30 07:00:00+00:00,7117.0,7416.489341940251,7171.53407974455
2020-04-30 08:00:00+00:00,7189.000000000001,7392.781296398094,7196.135225435849
2020-04-30 09:00:00+00:00,7369.000000000001,7439.128713447533,7303.134041709447
2020-04-30 10:00:00+00:00,7128.000000000001,7472.850801116474,7370.816882022731
2020-04-30 11:00:00+00:00,6952.000000000002,7181.913027488784,7125.144074097248
2020-04-30 12:00:00+00:00,6843.0,6961.626436541562,6930.230937890077
2020-04-30 13:00:00+00:00,6764.0,6788.929149691891,6818.349678324248
2020-04-30 14:00:00+00:00,6659.999999999999,6639.173218163512,6718.048758127464
2020-04-30 15:00:00+00:00,6629.000000000001,6605.004849626806,6663.028653419242
2020-04-30 16:00:00+00:00,6728.000000000002,6560.631177910593,6673.69656499369
2020-04-30 17:00:00+00:00,6825.000000000001,6601.82313245901,6753.172546999604
2020-04-30 18:00:00+00:00,6618.000000000001,6665.216051350375,6827.145625438303
2020-04-30 19:00:00+00:00,6136.0,6470.409189132328,6563.930449731481
2020-04-30 20:00:00+00:00,5934.0,6058.57337488769,6150.689280518227
2020-04-30 21:00:00+00:00,5513.0,5809.581827903548,5886.319075316215
2020-04-30 22:00:00+00:00,5154.0,5443.540667033518,5499.60408818393
2020-04-30 23:00:00+00:00,4832.0,5117.553166269482,5154.503800813782
2020-05-01 00:00:00+00:00,4760.0,4604.236622945597,4891.552415415638
2020-05-01 01:00:00+00:00,4651.0,4620.685592910859,4808.630261161175
2020-05-01 02:00:00+00:00,4558.0,4626.341044330627,4752.918972091092
2020-05-01 03:00:00+00:00,4607.0,4734.022092251021,4810.7655564558745
2020-05-01 04:00:00+00:00,4699.0,5009.225760546317,5055.250732599351
2020-05-01 05:00:00+00:00,4975.0,5251.3670870883725,5261.730303551382
2020-05-01 06:00:00+00:00,5275.999999999999,5476.082881924711,5529.519459491475
2020-05-01 07:00:00+00:00,5546.0,5692.462019818825,5727.847657574273
2020-05-01 08:00:00+00:00,5735.0,5886.697278617036,5935.273206537559
2020-05-01 09:00:00+00:00,5972.000000000002,6035.09965621648,6117.459556396337
2020-05-01 10:00:00+00:00,5768.0,6128.415861177919,6217.667869720956
2020-05-01 11:00:00+00:00,5529.0,5876.171222386468,6009.284202481429
2020-05-01 12:00:00+00:00,5341.0,5587.7595321127765,5791.406364071522
2020-05-01 13:00:00+00:00,5230.0,5339.389011962717,5622.469298678039
2020-05-01 14:00:00+00:00,5223.0,5180.260847432127,5528.377415287207
2020-05-01 15:00:00+00:00,5371.0,5135.058320155578,5536.2495662325355
2020-05-01 16:00:00+00:00,5625.0,5279.194377583645,5671.591418641907
2020-05-01 17:00:00+00:00,5820.0,5480.593329301391,5872.194466526975
2020-05-01 18:00:00+00:00,5825.0,5598.297527252891,5992.368998460681
2020-05-01 19:00:00+00:00,5521.0,5529.895587465969,5885.393436032576
2020-05-01 20:00:00+00:00,5427.0,5259.0119236060145,5607.760733964603
2020-05-01 21:00:00+00:00,5056.0,5106.910123201868,5419.501759738738
2020-05-01 22:00:00+00:00,4898.0,4786.185625685738,5072.316339255854
2020-05-01 23:00:00+00:00,4624.0,4615.660766649389,4868.060496915731
2020-05-02 00:00:00+00:00,4506.0,4575.882684122156,4629.9884203012625
2020-05-02 01:00:00+00:00,4398.0,4558.759442556736,4507.602147106578
2020-05-02 02:00:00+00:00,4380.0,4520.809755321278,4409.129067569962
2020-05-02 03:00:00+00:00,4582.0,4607.675980807828,4436.061334554667
2020-05-02 04:00:00+00:00,4816.0,4864.685151421106,4628.060147153435
2020-05-02 05:00:00+00:00,5155.0,5087.710543883608,4877.717349625979
2020-05-02 06:00:00+00:00,5462.0,5428.259678186078,5219.049100046855
2020-05-02 07:00:00+00:00,5757.0,5717.858127973002,5498.426850583985
2020-05-02 08:00:00+00:00,5949.000000000001,6003.005291420651,5773.985722066194
2020-05-02 09:00:00+00:00,6138.000000000001,6199.32074850938,5977.649551491697
2020-05-02 10:00:00+00:00,6046.0,6251.576358990043,6055.915581915949
2020-05-02 11:00:00+00:00,5858.0,6059.6069215567595,5926.490600947648
2020-05-02 12:00:00+00:00,5688.000000000001,5826.40845444245,5729.953931551537
2020-05-02 13:00:00+00:00,5622.0,5576.565089246715,5560.677987143922
2020-05-02 14:00:00+00:00,5516.0,5458.748007295164,5516.638894300422
2020-05-02 15:00:00+00:00,5617.0,5322.851902174715,5458.341512666841
2020-05-02 16:00:00+00:00,5804.0,5413.31645978954,5598.574637993215
2020-05-02 17:00:00+00:00,5922.999999999999,5566.918496690588,5787.394885521342
2020-05-02 18:00:00+00:00,5932.0,5648.749250636662,5897.214597656286
2020-05-02 19:00:00+00:00,5580.0,5642.589952221575,5812.990630522033
2020-05-02 20:00:00+00:00,5517.0,5364.79507351227,5527.077712462987
2020-05-02 21:00:00+00:00,5101.0,5234.299318902562,5369.2705692572745
2020-05-02 22:00:00+00:00,4801.0,4906.418788133555,4996.756366154966
2020-05-02 23:00:00+00:00,4494.0,4659.609375748577,4697.722964686348
2020-05-03 00:00:00+00:00,4414.0,4466.004266378416,4452.6202457571935
2020-05-03 01:00:00+00:00,4271.0,4429.467820166652,4358.073454566615
2020-05-03 02:00:00+00:00,4252.0,4398.342354454629,4244.359701039776
2020-05-03 03:00:00+00:00,4361.0,4475.205486881722,4264.655496488622
2020-05-03 04:00:00+00:00,4424.0,4646.181166558174,4377.314955436384
2020-05-03 05:00:00+00:00,4666.0,4740.3971173534555,4490.610133880204
2020-05-03 06:00:00+00:00,4969.0,4993.151980787483,4742.4580487934845
2020-05-03 07:00:00+00:00,5274.0,5303.298517276828,5047.4170097037995
2020-05-03 08:00:00+00:00,5571.0,5576.741149156949,5338.447561378952
2020-05-03 09:00:00+00:00,5896.0,5833.112482392689,5619.593336332091
2020-05-03 10:00:00+00:00,5693.0,5996.37431795269,5804.740024599718
2020-05-03 11:00:00+00:00,5402.0,5739.359113440593,5592.311321325647
2020-05-03 12:00:00+00:00,5165.0,5422.068759587026,5320.113194310256
2020-05-03 13:00:00+00:00,5014.0,5131.701303619107,5110.665450450752
2020-05-03 14:00:00+00:00,4957.0,4944.77382216229,4990.501904463099
2020-05-03 15:00:00+00:00,5097.0,4875.641562012323,4991.865701668077
2020-05-03 16:00:00+00:00,5301.999999999999,5000.6139075618385,5179.708042085625
2020-05-03 17:00:00+00:00,5484.0,5172.485940142838,5405.7993231681785
2020-05-03 18:00:00+00:00,5679.0,5326.181616936878,5567.568362375148
2020-05-03 19:00:00+00:00,5528.0,5470.4149342900355,5627.392240753382
2020-05-03 20:00:00+00:00,5537.999999999999,5367.526014136855,5499.203273363492
2020-05-03 21:00:00+00:00,5147.0,5341.942408208809,5403.207124516655
2020-05-03 22:00:00+00:00,4912.0,5019.289163203374,5044.661326496647
2020-05-03 23:00:00+00:00,4648.0,4824.594052677643,4806.485467215845
2020-05-04 00:00:00+00:00,4588.0,4795.34945702992,4589.348852459118
2020-05-04 01:00:00+00:00,4508.0,4779.1892470484645,4515.249306196715
2020-05-04 02:00:00+00:00,4655.0,4780.068974570185,4470.745340469079
2020-05-04 03:00:00+00:00,5247.0,5028.938781964957,4696.173019864387
2020-05-04 04:00:00+00:00,6244.000000000001,5655.519569944787,5324.706151029008
2020-05-04 05:00:00+00:00,6919.000000000002,6547.33243736569,6223.12938409987
2020-05-04 06:00:00+00:00,7253.0,7091.063955087431,6817.715713318498
2020-05-04 07:00:00+00:00,7298.000000000001,7435.4290955996485,7093.748380328532
2020-05-04 08:00:00+00:00,7352.000000000001,7531.498860574316,7170.371115269345
2020-05-04 09:00:00+00:00,7538.000000000001,7562.554635977685,7275.2399325670385
2020-05-04 10:00:00+00:00,7353.000000000002,7539.259785181317,7352.145029923623
2020-05-04 11:00:00+00:00,7229.000000000001,7278.845076332015,7154.923095743788
2020-05-04 12:00:00+00:00,7174.0,7082.472087467882,7021.228365118562
2020-05-04 13:00:00+00:00,7110.000000000002,7012.242451454228,6953.598918675334
2020-05-04 14:00:00+00:00,6985.0,6902.216344023708,6878.534918679299
2020-05-04 15:00:00+00:00,6992.999999999999,6754.965364316338,6801.27590717579
2020-05-04 16:00:00+00:00,7092.0,6726.5014870771065,6837.904316359061
2020-05-04 17:00:00+00:00,7082.000000000001,6730.545863332802,6921.358393492047
2020-05-04 18:00:00+00:00,6932.999999999999,6705.077888838231,6906.493839932833
2020-05-04 19:00:00+00:00,6472.0,6584.348392530596,6706.684660415193
2020-05-04 20:00:00+00:00,6221.0,6197.137017451315,6319.3318849579955
2020-05-04 21:00:00+00:00,5733.0,5936.076624053415,6004.687848544853
2020-05-04 22:00:00+00:00,5447.999999999999,5536.665624501175,5570.448899281562
2020-05-04 23:00:00+00:00,5129.0,5298.477083735465,5285.471427489183
2020-05-05 00:00:00+00:00,5012.0,5051.4335991307335,5031.241039464754
2020-05-05 01:00:00+00:00,4884.0,5000.259041980864,4920.640563492847
2020-05-05 02:00:00+00:00,4995.0,5001.035370563402,4853.272272791859
2020-05-05 03:00:00+00:00,5528.0,5284.353639679151,5078.168322713576
2020-05-05 04:00:00+00:00,6394.000000000001,5973.170768080609,5717.29335519547
2020-05-05 05:00:00+00:00,7172.000000000001,6821.50604538549,6535.759010955809
2020-05-05 06:00:00+00:00,7686.000000000002,7508.163908296145,7178.322292250022
2020-05-05 07:00:00+00:00,7811.000000000001,7912.056777502885,7544.82632363398
2020-05-05 08:00:00+00:00,8071.000000000002,8018.822981773587,7657.0512857339945
2020-05-05 09:00:00+00:00,8378.0,8246.395774608247,7901.323152997501
2020-05-05 10:00:00+00:00,8133.999999999999,8388.011452933488,8084.224450962832
2020-05-05 11:00:00+00:00,7871.000000000001,8049.3117491268795,7862.98122530836
2020-05-05 12:00:00+00:00,7601.000000000001,7767.298431174276,7629.606563507682
2020-05-05 13:00:00+00:00,7387.0,7491.780994148786,7400.5378431140625
2020-05-05 14:00:00+00:00,7224.999999999999,7306.011360666231,7214.970354561181
2020-05-05 15:00:00+00:00,7274.000000000002,7147.409035744097,7105.0452078319595
2020-05-05 16:00:00+00:00,7293.000000000002,7174.8835807782,7176.532081994873
2020-05-05 17:00:00+00:00,7268.000000000001,7162.854647057347,7207.302644132062
2020-05-05 18:00:00+00:00,7074.000000000001,7071.635994208837,7152.70763914552
2020-05-05 19:00:00+00:00,6613.000000000001,6793.65707467531,6882.965518229665
2020-05-05 20:00:00+00:00,6378.000000000001,6373.944162228437,6472.096114232019
2020-05-05 21:00:00+00:00,5856.000000000001,6091.141664263987,6161.784638376578
2020-05-05 22:00:00+00:00,5506.0,5656.750316330445,5707.456983644113
2020-05-05 23:00:00+00:00,5223.0,5357.198122376086,5365.861958637774
2020-05-06 00:00:00+00:00,5128.0,5159.581362307,5133.3291720874995
2020-05-06 01:00:00+00:00,5033.0,5126.131646542536,5027.650833393023
2020-05-06 02:00:00+00:00,5118.0,5143.31209190419,4979.396026182362
2020-05-06 03:00:00+00:00,5602.0,5404.033625024616,5190.626431700717
2020-05-06 04:00:00+00:00,6434.0,6035.354803370145,5776.365354294144
2020-05-06 05:00:00+00:00,7167.000000000001,6885.154502074558,6585.016809376864
2020-05-06 06:00:00+00:00,7471.0,7548.639887191611,7262.737561684534
2020-05-06 07:00:00+00:00,7437.999999999999,7833.317664879647,7531.4327410768465
2020-05-06 08:00:00+00:00,7493.0,7843.668097474903,7576.499840798009
2020-05-06 09:00:00+00:00,7634.000000000001,7917.379084759587,7699.591487723551
2020-05-06 10:00:00+00:00,7418.000000000001,7932.975899261675,7745.392100133263
2020-05-06 11:00:00+00:00,7263.000000000002,7650.597166196983,7519.454682356552
2020-05-06 12:00:00+00:00,7040.0,7430.090071040882,7344.032357998936
2020-05-06 13:00:00+00:00,6814.0,7157.050245526348,7142.394617482799
2020-05-06 14:00:00+00:00,6736.000000000002,6853.006508461504,6904.043448751789
2020-05-06 15:00:00+00:00,6716.000000000001,6724.839535303451,6833.613965259227
2020-05-06 16:00:00+00:00,6907.000000000001,6675.364526723805,6837.621907755857
2020-05-06 17:00:00+00:00,6947.0,6787.072342001073,6963.97693438745
2020-05-06 18:00:00+00:00,6906.0,6776.497015619641,6948.520912565453
2020-05-06 19:00:00+00:00,6515.000000000002,6698.423069013757,6787.268731150096
2020-05-06 20:00:00+00:00,6299.000000000001,6312.436075619144,6431.25519713583
2020-05-06 21:00:00+00:00,5792.0,6093.917562757067,6139.676994397097
2020-05-06 22:00:00+00:00,5511.0,5645.900545774844,5688.030473222337
2020-05-06 23:00:00+00:00,5195.0,5448.012096939475,5406.68068060494
2020-05-07 00:00:00+00:00,5124.0,5203.544962865722,5148.748977212902
2020-05-07 01:00:00+00:00,4983.0,5225.723167097259,5070.387111584701
2020-05-07 02:00:00+00:00,5097.0,5200.436295151194,4980.926124205537
2020-05-07 03:00:00+00:00,5563.0,5458.701782120882,5195.992071256547
2020-05-07 04:00:00+00:00,6356.999999999999,6051.645424547011,5753.742052041266
2020-05-07 05:00:00+00:00,7033.999999999999,6773.1765278728335,6513.281332057732
2020-05-07 06:00:00+00:00,7208.000000000001,7346.98890492644,7083.033712575143
2020-05-07 07:00:00+00:00,7186.000000000001,7463.5864209287865,7206.655523951026
2020-05-07 08:00:00+00:00,7249.000000000001,7435.076142021314,7208.9753801177485
2020-05-07 09:00:00+00:00,7409.0,7481.797028120297,7301.859117816331
2020-05-07 10:00:00+00:00,7156.000000000001,7498.726842478367,7355.05238341738
2020-05-07 11:00:00+00:00,6989.000000000001,7203.373407728188,7122.12324518205
2020-05-07 12:00:00+00:00,6818.000000000002,6985.28353918395,6960.616811786038
2020-05-07 13:00:00+00:00,6636.0,6747.842983320192,6801.924878669398
2020-05-07 14:00:00+00:00,6533.000000000001,6517.103279726555,6641.415765725735
2020-05-07 15:00:00+00:00,6563.000000000001,6373.210617684315,6557.952174751011
2020-05-07 16:00:00+00:00,6680.0,6383.970156155887,6614.239068102529
2020-05-07 17:00:00+00:00,6779.000000000001,6475.926634516047,6722.619377842704
2020-05-07 18:00:00+00:00,6742.0,6541.961453132623,6751.037312236037
2020-05-07 19:00:00+00:00,6463.000000000002,6487.793842754789,6598.047232152163
2020-05-07 20:00:00+00:00,6252.000000000001,6238.229837080234,6336.205914503314
2020-05-07 21:00:00+00:00,5742.000000000001,5987.0742165462825,6058.614467147172
2020-05-07 22:00:00+00:00,5421.999999999999,5554.572383959265,5590.678976073338
2020-05-07 23:00:00+00:00,5133.999999999999,5287.897918439701,5267.171336469214
2020-05-08 00:00:00+00:00,5013.0,5127.893298196194,5035.635419220649
2020-05-08 01:00:00+00:00,4903.0,5076.318357398065,4914.206978989947
2020-05-08 02:00:00+00:00,4993.0,5071.150211869442,4823.440024403433
2020-05-08 03:00:00+00:00,5440.0,5260.271025347588,4934.792049541737
2020-05-08 04:00:00+00:00,6221.0,5746.89384154429,5342.164958746319
2020-05-08 05:00:00+00:00,6800.0,6401.401381465702,6022.921236891926
2020-05-08 06:00:00+00:00,7012.000000000002,6875.2870531829985,6521.874452680528
2020-05-08 07:00:00+00:00,7021.0,7057.073921176163,6729.878818718779
2020-05-08 08:00:00+00:00,7066.000000000001,7055.620470277857,6778.927117751426
2020-05-08 09:00:00+00:00,7197.000000000001,7091.026694796554,6871.383463391824
2020-05-08 10:00:00+00:00,6985.0,7090.473051551727,6907.813302687082
2020-05-08 11:00:00+00:00,6707.0,6823.005410689359,6691.5790685023085
2020-05-08 12:00:00+00:00,6503.000000000001,6506.497148585368,6436.656226660599
2020-05-08 13:00:00+00:00,6375.000000000001,6250.094293014666,6250.654035013711
2020-05-08 14:00:00+00:00,6312.000000000001,6089.914431489933,6147.273690033806
2020-05-08 15:00:00+00:00,6427.999999999999,6025.458597741036,6132.691156422342
2020-05-08 16:00:00+00:00,6536.000000000001,6124.803832822065,6277.483504949611
2020-05-08 17:00:00+00:00,6483.0,6221.778300459451,6403.267221727196
2020-05-08 18:00:00+00:00,6389.000000000001,6149.831242700385,6362.442651750182
2020-05-08 19:00:00+00:00,6099.000000000001,6126.346159136765,6211.496089870919
2020-05-08 20:00:00+00:00,5898.000000000002,5872.467755002069,5963.430098834114
2020-05-08 21:00:00+00:00,5417.0,5674.745195329476,5702.891895376424
2020-05-08 22:00:00+00:00,5105.0,5306.601837938687,5293.338193059358
2020-05-08 23:00:00+00:00,4782.0,5048.63792825386,4987.379782398182
2020-05-09 00:00:00+00:00,4656.0,4664.315951518956,4717.1059521285115
2020-05-09 01:00:00+00:00,4480.0,4589.690742595184,4594.527456378554
2020-05-09 02:00:00+00:00,4453.0,4521.230886463124,4468.307258764572
2020-05-09 03:00:00+00:00,4597.0,4639.952381794961,4522.614188951283
2020-05-09 04:00:00+00:00,4881.0,4904.427699783486,4734.394924933865
2020-05-09 05:00:00+00:00,5208.0,5240.8495870188135,5054.639585353531
2020-05-09 06:00:00+00:00,5563.999999999999,5537.904662919995,5372.2063983506005
2020-05-09 07:00:00+00:00,5816.000000000001,5837.986604500635,5693.295897225357
2020-05-09 08:00:00+00:00,5944.000000000001,6046.971772940341,5920.14730856079
2020-05-09 09:00:00+00:00,6096.0,6173.792240877134,6061.761299296703
2020-05-09 10:00:00+00:00,5945.0,6212.930039547604,6138.9643531997035
2020-05-09 11:00:00+00:00,5759.000000000002,6006.8319987941895,5969.212816525902
2020-05-09 12:00:00+00:00,5642.0,5724.758214873329,5782.945068470287
2020-05-09 13:00:00+00:00,5604.0,5547.690408487485,5673.927424259554
2020-05-09 14:00:00+00:00,5576.0,5429.97628853915,5619.983775195315
2020-05-09 15:00:00+00:00,5636.0,5387.388133951335,5628.250056858442
2020-05-09 16:00:00+00:00,5689.0,5433.405845422015,5717.750840676012
2020-05-09 17:00:00+00:00,5769.000000000001,5480.8592137936175,5776.3112901406175
2020-05-09 18:00:00+00:00,5832.000000000001,5600.5298570629975,5829.7068810386545
2020-05-09 19:00:00+00:00,5619.0,5671.229055892821,5783.78848198208
2020-05-09 20:00:00+00:00,5470.0,5494.151017479062,5599.269485573003
2020-05-09 21:00:00+00:00,5028.0,5286.863469120022,5370.198924481584
2020-05-09 22:00:00+00:00,4748.0,4905.516661683215,4961.629544428714
2020-05-09 23:00:00+00:00,4428.0,4664.64918559246,4669.962408728887
2020-05-10 00:00:00+00:00,4357.0,4450.049912768889,4409.086487733255
2020-05-10 01:00:00+00:00,4183.0,4405.925742945051,4314.9694752143505
2020-05-10 02:00:00+00:00,4139.0,4332.358486698392,4181.143091454847
2020-05-10 03:00:00+00:00,4208.0,4398.256139973451,4181.4146865403845
2020-05-10 04:00:00+00:00,4320.0,4546.565904252498,4266.248182537681
2020-05-10 05:00:00+00:00,4670.0,4710.584447670419,4421.618938868107
2020-05-10 06:00:00+00:00,5032.0,5050.802107047653,4766.368852502056
2020-05-10 07:00:00+00:00,5354.0,5407.309806396848,5112.438139811667
2020-05-10 08:00:00+00:00,5683.0,5679.882299068172,5418.0824681431095
2020-05-10 09:00:00+00:00,5994.0,5857.111784718449,5736.301166712056
2020-05-10 10:00:00+00:00,5760.0,5979.986334017194,5913.061298443416
2020-05-10 11:00:00+00:00,5477.0,5706.858489227003,5668.841567516523
2020-05-10 12:00:00+00:00,5227.0,5435.469207758694,5404.582059581095
2020-05-10 13:00:00+00:00,5088.999999999999,5129.53356017213,5187.715155798876
2020-05-10 14:00:00+00:00,5001.0,4943.55932895955,5072.688606941558
2020-05-10 15:00:00+00:00,5065.0,4837.466376549257,5040.366760673467
2020-05-10 16:00:00+00:00,5265.000000000001,4882.636907953161,5132.24129911141
2020-05-10 17:00:00+00:00,5429.0,5040.661708574716,5321.611758677727
2020-05-10 18:00:00+00:00,5562.0,5221.2820387918355,5485.817167408889
2020-05-10 19:00:00+00:00,5438.0,5401.215250776317,5537.312125189025
2020-05-10 20:00:00+00:00,5446.0,5309.094459166525,5436.773921326263
2020-05-10 21:00:00+00:00,5075.0,5236.475496571648,5331.148549633626
2020-05-10 22:00:00+00:00,4934.0,4911.854723589322,4990.225102545177
2020-05-10 23:00:00+00:00,4721.0,4780.787342999974,4809.633368705167
2020-05-11 00:00:00+00:00,4675.0,4794.815666865801,4635.6822309582885
2020-05-11 01:00:00+00:00,4564.0,4788.7181769082,4572.726695547063
2020-05-11 02:00:00+00:00,4685.0,4781.900397316203,4517.09301052035
2020-05-11 03:00:00+00:00,5247.0,5028.266065842591,4729.344566635077
2020-05-11 04:00:00+00:00,6088.000000000001,5656.317776559439,5349.920336884452
2020-05-11 05:00:00+00:00,6883.000000000001,6441.002405266267,6129.673448981725
2020-05-11 06:00:00+00:00,7349.0,7143.3157713605615,6808.61417126826
2020-05-11 07:00:00+00:00,7548.0,7576.828803612955,7185.003762950506
2020-05-11 08:00:00+00:00,7807.0,7760.758233794151,7367.361559165536
2020-05-11 09:00:00+00:00,8065.000000000001,7866.9400104968545,7618.768109791055
2020-05-11 10:00:00+00:00,7834.0,7973.92537618017,7754.08466233862
2020-05-11 11:00:00+00:00,7652.0,7695.783025543233,7538.2382594897335
2020-05-11 12:00:00+00:00,7447.0,7464.6309636816,7374.693887419746
2020-05-11 13:00:00+00:00,7228.0,7207.327105387669,7200.960196649989
2020-05-11 14:00:00+00:00,7078.0,6947.881388340042,7008.56695035349
2020-05-11 15:00:00+00:00,7134.999999999999,6773.3008920183465,6904.961365290862
2020-05-11 16:00:00+00:00,7151.000000000002,6805.344524583161,6982.045283153583
2020-05-11 17:00:00+00:00,7061.000000000002,6796.274943445521,7004.501877328773
2020-05-11 18:00:00+00:00,6887.0,6764.204643724935,6918.92625923712
2020-05-11 19:00:00+00:00,6478.0,6552.8855344789,6689.841024157711
2020-05-11 20:00:00+00:00,6192.000000000001,6197.177767362062,6339.78940078808
2020-05-11 21:00:00+00:00,5757.0,5901.452104728129,6004.12312563217
2020-05-11 22:00:00+00:00,5453.0,5551.290367649037,5616.811044913241
2020-05-11 23:00:00+00:00,5151.0,5326.80561925293,5313.565908481735
2020-05-12 00:00:00+00:00,5060.0,5133.006505036257,5064.725020068067
2020-05-12 01:00:00+00:00,4955.0,5115.647699647909,4963.90921546469
2020-05-12 02:00:00+00:00,5136.0,5150.187927378735,4918.055768259188
2020-05-12 03:00:00+00:00,5636.0,5489.152263449902,5200.130885555415
2020-05-12 04:00:00+00:00,6536.000000000001,6136.334110209369,5804.340564223917
2020-05-12 05:00:00+00:00,7369.000000000001,7058.959800466757,6681.672385189896
2020-05-12 06:00:00+00:00,7697.000000000002,7845.829285723721,7432.128403754014
2020-05-12 07:00:00+00:00,7721.000000000001,8141.316141759187,7713.401644622723
2020-05-12 08:00:00+00:00,7841.000000000001,8208.131101708332,7802.563948153838
2020-05-12 09:00:00+00:00,8025.0,8343.474328700508,7971.594749789891
2020-05-12 10:00:00+00:00,7747.0,8373.849881532691,8040.720465812149
2020-05-12 11:00:00+00:00,7473.000000000002,8030.118548534889,7770.039395306444
2020-05-12 12:00:00+00:00,7211.000000000002,7668.383764049416,7499.146202165083
2020-05-12 13:00:00+00:00,7048.0,7351.589057645446,7247.165573264912
2020-05-12 14:00:00+00:00,6980.0,7056.535420634113,7083.598675965506
2020-05-12 15:00:00+00:00,6974.0,6930.263406478287,7047.678463305348
2020-05-12 16:00:00+00:00,7084.0,6879.449937828265,7048.249635733647
2020-05-12 17:00:00+00:00,7093.999999999999,6926.780877024884,7117.310362464997
2020-05-12 18:00:00+00:00,6975.0,6912.537166276286,7072.786112655271
2020-05-12 19:00:00+00:00,6578.000000000002,6749.354552808436,6862.34173262121
2020-05-12 20:00:00+00:00,6367.000000000001,6370.029419179009,6501.84888995531
2020-05-12 21:00:00+00:00,5816.000000000001,6120.877211945344,6209.629671703923
2020-05-12 22:00:00+00:00,5498.0,5651.315776045058,5711.602126011043
2020-05-12 23:00:00+00:00,5188.0,5381.0047901691305,5398.416129967404
2020-05-13 00:00:00+00:00,5078.000000000001,5172.662903476409,5144.610389704226
2020-05-13 01:00:00+00:00,4973.0,5120.76890910592,5036.811752244207
2020-05-13 02:00:00+00:00,5096.0,5135.90681329604,4990.294264940619
2020-05-13 03:00:00+00:00,5570.0,5401.743273841174,5215.184990948149
2020-05-13 04:00:00+00:00,6474.000000000002,6023.643427141197,5797.931455391865
2020-05-13 05:00:00+00:00,7191.000000000001,6893.523765218088,6672.066716543529
2020-05-13 06:00:00+00:00,7548.0,7463.412137769063,7284.809208567368
2020-05-13 07:00:00+00:00,7530.000000000001,7736.614501713935,7542.566153482789
2020-05-13 08:00:00+00:00,7561.0,7706.019329880048,7549.387219204615
2020-05-13 09:00:00+00:00,7764.000000000001,7719.131419111097,7614.231828682978
2020-05-13 10:00:00+00:00,7586.0,7774.713702314115,7699.31114672549
2020-05-13 11:00:00+00:00,7617.000000000001,7538.489293306912,7516.686505427481
2020-05-13 12:00:00+00:00,7618.000000000002,7560.663177003305,7475.1509580821485
2020-05-13 13:00:00+00:00,7560.000000000001,7517.039766756877,7418.511391735341
2020-05-13 14:00:00+00:00,7415.000000000001,7412.313422288974,7355.208766764893
2020-05-13 15:00:00+00:00,7363.000000000001,7220.456149437612,7244.189793008238
2020-05-13 16:00:00+00:00,7334.000000000002,7156.498957602907,7252.415687953445
2020-05-13 17:00:00+00:00,7157.0,7109.709795134646,7239.849686404139
2020-05-13 18:00:00+00:00,6953.0,6942.4538741107945,7092.482956352664
2020-05-13 19:00:00+00:00,6526.000000000002,6692.504178629496,6834.380182813944
2020-05-13 20:00:00+00:00,6204.000000000002,6336.970998927095,6461.294899716495
2020-05-13 21:00:00+00:00,5681.0,5992.3273350865975,6081.583419399688
2020-05-13 22:00:00+00:00,5374.0,5551.388518392017,5616.808838342
2020-05-13 23:00:00+00:00,5077.0,5296.783167085227,5304.50850431532
2020-05-14 00:00:00+00:00,4982.0,5089.350446207575,5063.583651211765
2020-05-14 01:00:00+00:00,4878.0,5055.133074061182,4957.636108482222
2020-05-14 02:00:00+00:00,4979.0,5077.361700693108,4913.211399526295
2020-05-14 03:00:00+00:00,5499.0,5326.3545170664875,5116.352292399211
2020-05-14 04:00:00+00:00,6473.000000000001,5980.275340135874,5725.657001392841
2020-05-14 05:00:00+00:00,7338.0,6928.497467356765,6631.299917457698
2020-05-14 06:00:00+00:00,7704.000000000001,7684.128081922366,7329.21409421579
2020-05-14 07:00:00+00:00,7810.0,7977.667299771761,7592.624559763297
2020-05-14 08:00:00+00:00,7956.000000000001,8072.379918193232,7685.515683782235
2020-05-14 09:00:00+00:00,8170.0,8196.77243663473,7840.2359091385615
2020-05-14 10:00:00+00:00,7953.000000000001,8248.671616618945,7933.709157069467
2020-05-14 11:00:00+00:00,7745.000000000001,7940.474036482196,7743.25608352225
2020-05-14 12:00:00+00:00,7582.000000000001,7694.666196975387,7556.31643016866
2020-05-14 13:00:00+00:00,7476.000000000002,7451.980472059694,7395.7731841777395
2020-05-14 14:00:00+00:00,7395.0,7333.481938521635,7286.269957167622
2020-05-14 15:00:00+00:00,7308.0,7168.666212155187,7228.728741868353
2020-05-14 16:00:00+00:00,7317.000000000001,7078.044944824142,7185.855335683664
2020-05-14 17:00:00+00:00,7265.999999999999,7079.2871586350275,7198.746424311875
2020-05-14 18:00:00+00:00,7076.0,7026.22775143309,7138.378092825123
2020-05-14 19:00:00+00:00,6594.000000000001,6793.210754500338,6910.6248469591055
2020-05-14 20:00:00+00:00,6352.0,6362.629983297928,6489.668380354866
2020-05-14 21:00:00+00:00,5825.0,6067.247305941442,6170.352620135663
2020-05-14 22:00:00+00:00,5535.0,5613.26519795352,5695.73367417969
2020-05-14 23:00:00+00:00,5230.999999999999,5382.741342934206,5402.53510362618
2020-05-15 00:00:00+00:00,5150.0,5157.529857156375,5147.6702595095485
2020-05-15 01:00:00+00:00,5023.0,5091.13354674642,5058.301706450614
2020-05-15 02:00:00+00:00,5095.0,5107.587854364556,4990.537025248793
2020-05-15 03:00:00+00:00,5612.0,5346.993197724984,5172.089420880825
2020-05-15 04:00:00+00:00,6513.0,6000.789057363681,5781.9391237524105
2020-05-15 05:00:00+00:00,7421.000000000001,6864.3008976185965,6625.625462123691
2020-05-15 06:00:00+00:00,8001.0,7618.602819323133,7363.409052219985
2020-05-15 07:00:00+00:00,8220.0,8085.963085781453,7799.805868146162
2020-05-15 08:00:00+00:00,8442.000000000002,8290.399891107025,7980.962041697194
2020-05-15 09:00:00+00:00,8630.000000000002,8543.880332449737,8186.638057197681
2020-05-15 10:00:00+00:00,8336.0,8630.186010277252,8266.203792672295
2020-05-15 11:00:00+00:00,7964.000000000001,8322.505717510641,7978.846392436083
2020-05-15 12:00:00+00:00,7693.0,7926.6597670625215,7652.27703445561
2020-05-15 13:00:00+00:00,7574.000000000002,7656.019907194597,7419.443420706922
2020-05-15 14:00:00+00:00,7451.000000000001,7475.989219395416,7313.23629561924
2020-05-15 15:00:00+00:00,7422.0,7341.875659144613,7239.295169913071
2020-05-15 16:00:00+00:00,7303.000000000001,7279.047200660035,7240.187366110712
2020-05-15 17:00:00+00:00,7066.000000000001,7129.9124234374885,7138.239955801207
2020-05-15 18:00:00+00:00,6763.000000000001,6882.217053806451,6930.763492841872
2020-05-15 19:00:00+00:00,6358.0,6547.031442561171,6613.491142682771
2020-05-15 20:00:00+00:00,6168.000000000001,6177.493391579424,6257.19545715033
2020-05-15 21:00:00+00:00,5741.0,5927.546706035217,5981.554881890284
2020-05-15 22:00:00+00:00,5410.0,5548.008907230639,5583.332293226674
2020-05-15 23:00:00+00:00,5045.0,5259.984669826182,5252.444204575689
2020-05-16 00:00:00+00:00,4946.0,4843.519101836754,4952.750226393214
2020-05-16 01:00:00+00:00,4774.0,4781.529730685423,4835.202364231609
2020-05-16 02:00:00+00:00,4781.0,4721.409430347561,4708.782410922153
2020-05-16 03:00:00+00:00,4890.0,4857.820448750766,4781.880874368444
2020-05-16 04:00:00+00:00,5157.0,5120.9668086758775,4987.021343860012
2020-05-16 05:00:00+00:00,5535.0,5490.9286768277825,5317.37653693571
2020-05-16 06:00:00+00:00,5940.0,5921.336744685384,5710.14577519985
2020-05-16 07:00:00+00:00,6210.0,6217.793142895845,6074.589204560841
2020-05-16 08:00:00+00:00,6400.000000000001,6449.345137390154,6315.283250046931
2020-05-16 09:00:00+00:00,6612.0,6580.607542273769,6499.342510023629
2020-05-16 10:00:00+00:00,6383.000000000001,6733.44740583469,6602.572289932029
2020-05-16 11:00:00+00:00,6142.0,6489.946366623309,6368.610446488077
2020-05-16 12:00:00+00:00,5981.0,6175.428850112978,6147.264912612357
2020-05-16 13:00:00+00:00,5828.0,6007.711578635062,6012.055757344795
2020-05-16 14:00:00+00:00,5733.0,5812.5994174781945,5884.414224157775
2020-05-16 15:00:00+00:00,5768.0,5663.21486484564,5824.106721448071
2020-05-16 16:00:00+00:00,5806.0,5663.436049624582,5851.169251681657
2020-05-16 17:00:00+00:00,5835.000000000001,5656.004582389565,5876.867967142508
2020-05-16 18:00:00+00:00,5874.0,5649.425865479522,5887.575608150014
2020-05-16 19:00:00+00:00,5715.0,5609.309674737494,5842.927356330036
2020-05-16 20:00:00+00:00,5572.000000000001,5471.472588181738,5681.798511458532
2020-05-16 21:00:00+00:00,5132.0,5291.634559598486,5456.04389749776
2020-05-16 22:00:00+00:00,4856.0,4921.386764696783,5051.460952929591
2020-05-16 23:00:00+00:00,4528.0,4688.803272590048,4756.929870020503
2020-05-17 00:00:00+00:00,4444.0,4473.333478032834,4493.997536883201
2020-05-17 01:00:00+00:00,4263.0,4431.435775762464,4384.423995958253
2020-05-17 02:00:00+00:00,4261.0,4347.111044726522,4243.027667196034
2020-05-17 03:00:00+00:00,4328.0,4407.1249937047505,4263.530078998449
2020-05-17 04:00:00+00:00,4466.0,4554.103447689423,4355.344677816252
2020-05-17 05:00:00+00:00,4809.0,4796.293201722002,4555.21657203517
2020-05-17 06:00:00+00:00,5197.0,5182.721462151416,4910.277819337578
2020-05-17 07:00:00+00:00,5522.999999999999,5560.667470554166,5280.197684403705
2020-05-17 08:00:00+00:00,5776.0,5871.108860745624,5599.845972687326
2020-05-17 09:00:00+00:00,5961.000000000002,6100.998348065944,5863.905096726517
2020-05-17 10:00:00+00:00,5681.0,6145.868350639727,5935.839889834451
2020-05-17 11:00:00+00:00,5378.0,5735.58073695831,5655.147246696498
2020-05-17 12:00:00+00:00,5193.0,5463.223528173174,5370.189895637082
2020-05-17 13:00:00+00:00,5085.0,5179.325491457968,5194.92868108534
2020-05-17 14:00:00+00:00,5050.0,5004.922923961627,5090.667297416652
2020-05-17 15:00:00+00:00,5249.0,4966.976700815722,5080.263179943777
2020-05-17 16:00:00+00:00,5489.0,5039.555561178872,5269.28190296868
2020-05-17 17:00:00+00:00,5618.0,5222.992660587805,5480.61656825314
2020-05-17 18:00:00+00:00,5662.0,5370.5121390444265,5604.919961539966
2020-05-17 19:00:00+00:00,5557.000000000001,5373.047876557349,5600.458290312797
2020-05-17 20:00:00+00:00,5596.0,5326.161596563443,5513.952209876578
2020-05-17 21:00:00+00:00,5181.0,5288.825743027012,5435.266075526844
2020-05-17 22:00:00+00:00,4954.0,4961.944873569909,5081.021604104059
2020-05-17 23:00:00+00:00,4668.0,4800.226614876016,4846.732589023287
2020-05-18 00:00:00+00:00,4611.0,4822.945893344723,4620.883589424601
2020-05-18 01:00:00+00:00,4531.0,4805.46512658014,4543.1122697713245
2020-05-18 02:00:00+00:00,4692.0,4827.390409361812,4508.273056347838
2020-05-18 03:00:00+00:00,5249.0,5100.852041571032,4743.795987128307
2020-05-18 04:00:00+00:00,6312.000000000001,5707.568153509706,5331.572014366728
2020-05-18 05:00:00+00:00,7028.000000000001,6575.727551472022,6297.965324023587
2020-05-18 06:00:00+00:00,7306.000000000001,7198.607818067729,6947.091758338815
2020-05-18 07:00:00+00:00,7267.0,7444.985702824287,7216.19901074832
2020-05-18 08:00:00+00:00,7339.000000000001,7436.352107102273,7258.560333074593
2020-05-18 09:00:00+00:00,7553.0,7505.448085965041,7377.158915896458
2020-05-18 10:00:00+00:00,7394.000000000002,7569.869181969941,7467.401436977967
2020-05-18 11:00:00+00:00,7234.0,7342.197307951697,7291.382130257173
2020-05-18 12:00:00+00:00,7108.0,7122.983746298299,7119.029261492791
2020-05-18 13:00:00+00:00,6976.000000000001,6912.279148463513,6974.748194343708
2020-05-18 14:00:00+00:00,6910.000000000001,6721.05208438448,6845.3495727532645
2020-05-18 15:00:00+00:00,6936.0,6634.929616381135,6823.5138885630095
2020-05-18 16:00:00+00:00,6986.000000000001,6640.721310637386,6864.2581083222185
2020-05-18 17:00:00+00:00,6945.0,6652.82029545262,6893.070755671164
2020-05-18 18:00:00+00:00,6788.000000000002,6592.183339541303,6831.746864198584
2020-05-18 19:00:00+00:00,6548.000000000002,6465.309368544771,6626.945561930611
2020-05-18 20:00:00+00:00,6244.000000000001,6216.957465185135,6396.547039608526
2020-05-18 21:00:00+00:00,5684.000000000001,5940.5528370150605,6054.849700390993
2020-05-18 22:00:00+00:00,5378.0,5470.142361629121,5565.273761955816
2020-05-18 23:00:00+00:00,5091.0,5220.860996867327,5258.3861823931165
2020-05-19 00:00:00+00:00,5008.0,5048.802736413868,5024.919833935048
2020-05-19 01:00:00+00:00,4872.0,5014.0747778963805,4936.927516620319
2020-05-19 02:00:00+00:00,4967.0,5013.635353800359,4885.260512789423
2020-05-19 03:00:00+00:00,5451.0,5284.442073461508,5097.11791539356
2020-05-19 04:00:00+00:00,6467.0,5939.240763699382,5713.187549551568
2020-05-19 05:00:00+00:00,7270.000000000001,6908.956439979183,6680.743249770273
2020-05-19 06:00:00+00:00,7560.000000000001,7590.911673445702,7357.758271396643
2020-05-19 07:00:00+00:00,7559.0,7813.299410759238,7572.862363960701
2020-05-19 08:00:00+00:00,7658.000000000001,7815.339007655731,7601.544822673545
2020-05-19 09:00:00+00:00,7860.000000000001,7899.079415035566,7727.312364786196
2020-05-19 10:00:00+00:00,7787.000000000002,8030.982898413938,7808.412149776283
2020-05-19 11:00:00+00:00,7783.0,7843.363880737113,7688.017129264999
2020-05-19 12:00:00+00:00,7688.000000000001,7765.921277255187,7623.355781783676
2020-05-19 13:00:00+00:00,7546.000000000001,7551.930753540515,7511.05083998616
2020-05-19 14:00:00+00:00,7401.000000000001,7351.610397355397,7388.1287956384085
2020-05-19 15:00:00+00:00,7371.000000000001,7184.530092348609,7282.33810541705
2020-05-19 16:00:00+00:00,7383.000000000002,7160.270029605353,7286.0468333336785
2020-05-19 17:00:00+00:00,7184.000000000002,7193.1549792792275,7293.793873629814
2020-05-19 18:00:00+00:00,6911.000000000002,6966.628790084381,7111.838781921509
2020-05-19 19:00:00+00:00,6562.0,6649.929009273561,6813.749334352659
2020-05-19 20:00:00+00:00,6298.0,6368.85721742073,6491.9584147759715
2020-05-19 21:00:00+00:00,5796.000000000001,6066.644168776903,6145.471735908223
2020-05-19 22:00:00+00:00,5507.999999999999,5582.7058705939635,5689.70777400438
2020-05-19 23:00:00+00:00,5202.0,5368.021193676623,5394.352541477431
2020-05-20 00:00:00+00:00,5070.0,5136.689706066088,5141.115910791387
2020-05-20 01:00:00+00:00,4922.0,5072.3987874282375,5012.795593276302
2020-05-20 02:00:00+00:00,4998.0,5055.278485248219,4935.696897191616
2020-05-20 03:00:00+00:00,5454.0,5299.760661464155,5122.824946567841
2020-05-20 04:00:00+00:00,6512.000000000001,5921.107804358413,5715.5061519237615
2020-05-20 05:00:00+00:00,7265.999999999999,6961.048730137446,6697.432004342203
2020-05-20 06:00:00+00:00,7690.0,7654.379311415847,7345.076196707243
2020-05-20 07:00:00+00:00,7826.0,7960.6533096504745,7653.224012500998
2020-05-20 08:00:00+00:00,8038.000000000001,8100.488252159009,7766.9663276774745
2020-05-20 09:00:00+00:00,8220.0,8288.166010196413,7978.711388472804
2020-05-20 10:00:00+00:00,7996.0,8327.037785718525,8071.572658220226
2020-05-20 11:00:00+00:00,7814.000000000001,8057.978747276851,7912.747972027675
2020-05-20 12:00:00+00:00,7578.0,7884.014770458173,7771.89386310201
2020-05-20 13:00:00+00:00,7421.000000000001,7618.567699006485,7575.98485727191
2020-05-20 14:00:00+00:00,7270.000000000001,7450.70464509721,7420.604055790773
2020-05-20 15:00:00+00:00,7190.0,7226.915376818255,7296.906641931447
2020-05-20 16:00:00+00:00,7145.000000000001,7099.5370354004135,7233.18964655986
2020-05-20 17:00:00+00:00,6931.0,6982.590769851839,7149.676199907756
2020-05-20 18:00:00+00:00,6719.000000000001,6766.043044420181,6930.879713966392
2020-05-20 19:00:00+00:00,6384.000000000002,6545.465870869939,6663.348861120651
2020-05-20 20:00:00+00:00,6138.000000000001,6197.888846231192,6332.752513789618
2020-05-20 21:00:00+00:00,5583.000000000001,5921.524367289979,6009.465138046014
2020-05-20 22:00:00+00:00,5257.0,5445.930884340604,5518.248960128675
2020-05-20 23:00:00+00:00,4934.0,5163.576905053475,5196.051949664643
2020-05-21 00:00:00+00:00,4814.0,4622.718148165745,4929.534930496502
2020-05-21 01:00:00+00:00,4615.0,4563.010532070274,4809.289327579845
2020-05-21 02:00:00+00:00,4568.0,4497.741207342094,4688.81761300279
2020-05-21 03:00:00+00:00,4578.0,4645.340201556539,4792.480134146836
2020-05-21 04:00:00+00:00,4731.0,4952.152528380391,5074.226350380381
2020-05-21 05:00:00+00:00,5078.000000000001,5298.361726376803,5416.200355551637
2020-05-21 06:00:00+00:00,5414.0,5661.380442238556,5776.274428651156
2020-05-21 07:00:00+00:00,5675.0,5925.907350252829,6054.5517639738055
2020-05-21 08:00:00+00:00,5904.0,6157.870290332202,6291.437876116714
2020-05-21 09:00:00+00:00,6150.0,6363.4077632447625,6516.064144767385
2020-05-21 10:00:00+00:00,5981.0,6462.4810381298175,6636.459064227347
2020-05-21 11:00:00+00:00,5739.000000000001,6248.4446694446515,6456.668666255469
2020-05-21 12:00:00+00:00,5536.0,5972.115262245594,6228.052306121173
2020-05-21 13:00:00+00:00,5365.0,5716.961946255139,6045.481351451566
2020-05-21 14:00:00+00:00,5316.0,5500.023303938903,5891.878134875133
2020-05-21 15:00:00+00:00,5432.0,5389.682792043909,5832.2020852117275
2020-05-21 16:00:00+00:00,5626.0,5429.926841425414,5915.673783256319
2020-05-21 17:00:00+00:00,5810.999999999999,5516.338635328278,6031.731549594488
2020-05-21 18:00:00+00:00,5795.0,5611.850785621939,6113.671571648182
2020-05-21 19:00:00+00:00,5671.0,5542.683787259569,5980.292088819705
2020-05-21 20:00:00+00:00,5572.000000000001,5413.099635856198,5822.105210956212
2020-05-21 21:00:00+00:00,5126.0,5217.7333123675335,5602.044416537539
2020-05-21 22:00:00+00:00,4916.0,4833.137510128129,5191.454286133772
2020-05-21 23:00:00+00:00,4663.0,4651.073322240192,4951.86247179317
2020-05-22 00:00:00+00:00,4575.0,4830.600714159883,4740.522507362419
2020-05-22 01:00:00+00:00,4487.0,4764.002762107713,4635.351404176008
2020-05-22 02:00:00+00:00,4544.0,4766.259993617342,4581.399206438181
2020-05-22 03:00:00+00:00,4927.0,4971.386682057163,4727.092127271936
2020-05-22 04:00:00+00:00,5668.0,5453.114034283667,5199.943844588762
2020-05-22 05:00:00+00:00,6269.000000000001,6137.392633892265,5952.264438515712
2020-05-22 06:00:00+00:00,6602.000000000001,6715.738925739095,6535.46837893688
2020-05-22 07:00:00+00:00,6702.0,7016.288107131963,6843.959001334642
2020-05-22 08:00:00+00:00,6831.000000000001,7127.3934250191205,6979.256202415403
2020-05-22 09:00:00+00:00,7052.000000000001,7245.714545445565,7130.384473778028
2020-05-22 10:00:00+00:00,6886.000000000001,7319.490685073698,7221.577051455815
2020-05-22 11:00:00+00:00,6620.0,7062.838858499465,7007.092245661633
2020-05-22 12:00:00+00:00,6448.0,6736.785980762591,6742.157797803327
2020-05-22 13:00:00+00:00,6345.000000000001,6505.8169067780955,6579.07171201383
2020-05-22 14:00:00+00:00,6335.000000000002,6340.800748129674,6475.209062752224
2020-05-22 15:00:00+00:00,6398.0,6282.342855339471,6471.011315991944
2020-05-22 16:00:00+00:00,6430.000000000001,6282.378854903752,6508.483564389076
2020-05-22 17:00:00+00:00,6332.000000000002,6332.91639652301,6498.943395052022
2020-05-22 18:00:00+00:00,6168.000000000001,6206.131697516818,6365.344745555894
2020-05-22 19:00:00+00:00,5862.000000000001,6016.527454979998,6154.661461344692
2020-05-22 20:00:00+00:00,5722.0,5709.476062515916,5884.276914947824
2020-05-22 21:00:00+00:00,5243.0,5542.59207664341,5662.359937767807
2020-05-22 22:00:00+00:00,4972.0,5163.9904501593965,5228.215784679307
2020-05-22 23:00:00+00:00,4651.0,4941.004630997752,4936.977726018982
2020-05-23 00:00:00+00:00,4533.0,4535.839201635329,4674.508211783483
2020-05-23 01:00:00+00:00,4374.0,4496.02713275916,4546.768344068706
2020-05-23 02:00:00+00:00,4373.0,4445.687586391874,4435.558907105204
2020-05-23 03:00:00+00:00,4502.0,4558.851410175581,4485.632454524293
2020-05-23 04:00:00+00:00,4824.0,4849.548097974865,4689.966855164039
2020-05-23 05:00:00+00:00,5236.0,5212.170789646622,5047.656410286988
2020-05-23 06:00:00+00:00,5722.0,5623.298426043255,5456.518518031985
2020-05-23 07:00:00+00:00,6168.000000000001,6026.119206504837,5875.206244295132
2020-05-23 08:00:00+00:00,6390.0,6380.476681373905,6250.782379531354
2020-05-23 09:00:00+00:00,6575.000000000002,6571.873758686973,6473.023212526894
2020-05-23 10:00:00+00:00,6287.0,6590.015272299483,6550.762683778439
2020-05-23 11:00:00+00:00,6090.0,6257.9304129863285,6270.668116757517
2020-05-23 12:00:00+00:00,5893.0,5985.488892957696,6080.585325557563
2020-05-23 13:00:00+00:00,5797.000000000002,5723.801304348111,5897.3379158830985
2020-05-23 14:00:00+00:00,5833.0,5571.339051900886,5806.988927791191
2020-05-23 15:00:00+00:00,6014.0,5582.360591503997,5845.166257639505
2020-05-23 16:00:00+00:00,6031.000000000001,5793.597400567921,5988.2271797979465
2020-05-23 17:00:00+00:00,5926.0,5804.51232654211,5999.012522371884
2020-05-23 18:00:00+00:00,5835.000000000001,5718.4781226825935,5917.058798414555
2020-05-23 19:00:00+00:00,5578.999999999999,5617.125916770052,5795.161955180474
2020-05-23 20:00:00+00:00,5462.999999999999,5407.842327395491,5567.740045700116
2020-05-23 21:00:00+00:00,5038.0,5229.005624467449,5358.325863200494
2020-05-23 22:00:00+00:00,4738.0,4856.02883454533,4970.177529778129
2020-05-23 23:00:00+00:00,4425.0,4589.550251917527,4659.784789693208
2020-05-24 00:00:00+00:00,4330.0,4397.053218582208,4403.8822583061
2020-05-24 01:00:00+00:00,4174.0,4339.864570976635,4285.847578538585
2020-05-24 02:00:00+00:00,4159.0,4296.289993221347,4170.632618591601
2020-05-24 03:00:00+00:00,4213.0,4379.057673963997,4182.732310691211
2020-05-24 04:00:00+00:00,4344.0,4542.339407365117,4274.379851203365
2020-05-24 05:00:00+00:00,4654.0,4746.844813771266,4470.317907214382
2020-05-24 06:00:00+00:00,5047.0,5093.212436318907,4812.465847551431
2020-05-24 07:00:00+00:00,5461.0,5496.175563997238,5200.243927156141
2020-05-24 08:00:00+00:00,5702.0,5850.374739701377,5571.890134938327
2020-05-24 09:00:00+00:00,5893.0,6039.087701641768,5799.9580268456275
2020-05-24 10:00:00+00:00,5694.999999999999,6077.217295422545,5862.651107638474
2020-05-24 11:00:00+00:00,5440.0,5825.5819626924595,5641.630122181935
2020-05-24 12:00:00+00:00,5256.0,5539.003820539817,5402.1997186641065
2020-05-24 13:00:00+00:00,5060.0,5268.720893614245,5238.001478116616
2020-05-24 14:00:00+00:00,5011.0,5044.332731702034,5089.545860459483
2020-05-24 15:00:00+00:00,5206.0,5001.313793247808,5106.827541426254
2020-05-24 16:00:00+00:00,5375.0,5125.509398205479,5299.245774859165
2020-05-24 17:00:00+00:00,5411.000000000001,5227.075212154398,5441.171458531888
2020-05-24 18:00:00+00:00,5451.0,5236.2885577608085,5469.436285983043
2020-05-24 19:00:00+00:00,5384.0,5291.162780503376,5458.426968939506
2020-05-24 20:00:00+00:00,5393.0,5217.030897473987,5408.089794875782
2020-05-24 21:00:00+00:00,5019.0,5156.712130966727,5299.704140795538
2020-05-24 22:00:00+00:00,4823.0,4838.825461739524,4956.640998573036
2020-05-24 23:00:00+00:00,4583.0,4650.8671215491695,4731.74056542247
2020-05-25 00:00:00+00:00,4520.0,4650.658445718392,4536.6925876160385
2020-05-25 01:00:00+00:00,4422.0,4622.587813716985,4462.58900035731
2020-05-25 02:00:00+00:00,4575.0,4637.0033289883595,4421.493415019399
2020-05-25 03:00:00+00:00,5218.0,4888.427734472323,4649.14731610366
2020-05-25 04:00:00+00:00,6287.0,5602.570801950474,5343.879350101666
2020-05-25 05:00:00+00:00,7179.0,6603.750544447184,6296.446141382929
2020-05-25 06:00:00+00:00,7666.000000000001,7389.820645274234,7037.950919327837
2020-05-25 07:00:00+00:00,7908.0,7816.411082845029,7420.07227570868
2020-05-25 08:00:00+00:00,8089.000000000001,8032.988095397334,7630.9787635821585
2020-05-25 09:00:00+00:00,8204.0,8177.400704526267,7821.516362431872
2020-05-25 10:00:00+00:00,7997.000000000001,8151.459229180889,7859.62030622586
2020-05-25 11:00:00+00:00,7840.0,7851.9662536211345,7656.403720113648
2020-05-25 12:00:00+00:00,7738.000000000002,7693.589898529285,7502.138015703025
2020-05-25 13:00:00+00:00,7595.000000000001,7495.470341742177,7386.219384627789
2020-05-25 14:00:00+00:00,7519.000000000001,7282.8603705827445,7264.480690279375
2020-05-25 15:00:00+00:00,7505.000000000001,7149.226802828876,7228.885363727218
2020-05-25 16:00:00+00:00,7488.0,7111.664452596506,7241.664793913606
2020-05-25 17:00:00+00:00,7241.000000000002,7065.071476435559,7223.975129866845
2020-05-25 18:00:00+00:00,6967.000000000001,6858.416767787086,7014.307584001384
2020-05-25 19:00:00+00:00,6612.0,6622.55397716727,6760.077461015797
2020-05-25 20:00:00+00:00,6330.0,6287.107182851017,6439.272448398868
2020-05-25 21:00:00+00:00,5788.000000000001,5978.3884342094825,6091.9947601465965
2020-05-25 22:00:00+00:00,5452.000000000001,5508.005820116348,5617.643852667822
2020-05-25 23:00:00+00:00,5152.0,5227.560129349721,5295.204153437499
2020-05-26 00:00:00+00:00,5046.0,5040.193341849505,5053.333090971508
2020-05-26 01:00:00+00:00,4930.0,5010.604651080071,4940.897071517255
2020-05-26 02:00:00+00:00,5035.0,5029.82081884658,4886.212019431523
2020-05-26 03:00:00+00:00,5578.999999999999,5313.32852884121,5108.792544474502
2020-05-26 04:00:00+00:00,6656.000000000001,6013.3340584348725,5792.573346339969
2020-05-26 05:00:00+00:00,7436.0,7022.5448872055695,6812.409753183915
2020-05-26 06:00:00+00:00,7849.000000000001,7729.596725221514,7480.8255362100845
2020-05-26 07:00:00+00:00,7969.000000000001,8078.803787350696,7802.746559661726
2020-05-26 08:00:00+00:00,8223.0,8187.838263028844,7924.481279449041
2020-05-26 09:00:00+00:00,8327.000000000002,8385.460191581382,8160.271704489406
2020-05-26 10:00:00+00:00,8124.0,8398.485528311247,8206.485307503419
2020-05-26 11:00:00+00:00,8013.999999999999,8175.234849498415,8044.491170212838
2020-05-26 12:00:00+00:00,7861.000000000002,8034.039387660201,7936.938652417591
2020-05-26 13:00:00+00:00,7606.000000000001,7813.909452872111,7785.277910382558
2020-05-26 14:00:00+00:00,7426.999999999999,7525.740577999037,7563.091128828226
2020-05-26 15:00:00+00:00,7400.0,7336.2219344062905,7424.407834380454
2020-05-26 16:00:00+00:00,7394.000000000002,7262.638540075055,7405.639875565225
2020-05-26 17:00:00+00:00,7189.000000000001,7207.115164389918,7342.79051282756
2020-05-26 18:00:00+00:00,6910.000000000001,6933.511292883959,7116.810406965043
2020-05-26 19:00:00+00:00,6654.000000000001,6712.823713796578,6815.112279982632
2020-05-26 20:00:00+00:00,6444.000000000002,6452.413763331065,6552.82474722639
2020-05-26 21:00:00+00:00,5881.999999999999,6174.959304612221,6257.186844653362
2020-05-26 22:00:00+00:00,5536.0,5703.635444352132,5760.9966541011145
2020-05-26 23:00:00+00:00,5222.0,5398.436856758169,5422.793838010833
2020-05-27 00:00:00+00:00,5093.000000000001,5176.5681903633495,5157.5376369921505
2020-05-27 01:00:00+00:00,5016.0,5105.794897943523,5024.373350315637
2020-05-27 02:00:00+00:00,5111.0,5122.773483547382,4990.884460422848
2020-05-27 03:00:00+00:00,5671.0,5378.740583026245,5192.9630856728745
2020-05-27 04:00:00+00:00,6671.0,6120.694026886429,5897.455653909312
2020-05-27 05:00:00+00:00,7444.0,7045.3341211685065,6842.351486811673
2020-05-27 06:00:00+00:00,7658.000000000001,7749.728728834031,7526.668064702841
2020-05-27 07:00:00+00:00,7598.999999999999,7940.884183451195,7720.234637887725
2020-05-27 08:00:00+00:00,7710.000000000001,7929.404510246992,7738.353747859314
2020-05-27 09:00:00+00:00,7869.000000000002,8010.052647909501,7864.090294837297
2020-05-27 10:00:00+00:00,7643.0,8047.413412674798,7920.896670459327
2020-05-27 11:00:00+00:00,7497.999999999999,7778.878442908073,7710.021528441219
2020-05-27 12:00:00+00:00,7360.000000000001,7582.798328362321,7544.678635587292
2020-05-27 13:00:00+00:00,7191.000000000001,7360.9426556341605,7392.474704185188
2020-05-27 14:00:00+00:00,7091.000000000002,7125.473032322212,7224.456161700401
2020-05-27 15:00:00+00:00,7036.000000000001,6977.937170070716,7132.887248191014
2020-05-27 16:00:00+00:00,7031.000000000002,6878.9006314475455,7082.976896683029
2020-05-27 17:00:00+00:00,6978.000000000001,6798.312627831079,7021.0348019709845
2020-05-27 18:00:00+00:00,6846.0,6705.629421108488,6918.587102299731
2020-05-27 19:00:00+00:00,6632.000000000001,6551.112505045501,6735.301013970753
2020-05-27 20:00:00+00:00,6390.0,6414.26108012177,6512.95038957869
2020-05-27 21:00:00+00:00,5865.000000000001,6118.3879115421705,6181.680175961516
2020-05-27 22:00:00+00:00,5511.0,5671.367974609444,5704.353588393959
2020-05-27 23:00:00+00:00,5195.0,5368.166335334901,5355.803651524207
2020-05-28 00:00:00+00:00,5108.000000000001,5163.191011115972,5089.708573805054
2020-05-28 01:00:00+00:00,4954.0,5099.41691705731,4980.227575664156
2020-05-28 02:00:00+00:00,5039.0,5058.499365498655,4864.828699404032
2020-05-28 03:00:00+00:00,5566.0,5228.227478842528,4971.880516637362
2020-05-28 04:00:00+00:00,6442.0,5800.821403760766,5465.896491798802
2020-05-28 05:00:00+00:00,7281.000000000001,6610.72133978612,6237.945827384299
2020-05-28 06:00:00+00:00,7764.000000000001,7344.474661169888,6938.116989244584
2020-05-28 07:00:00+00:00,7970.000000000002,7743.046126409557,7340.835327516539
2020-05-28 08:00:00+00:00,8244.0,7938.524729565054,7546.431800713566
2020-05-28 09:00:00+00:00,8516.000000000002,8202.116265531698,7809.087749799895
2020-05-28 10:00:00+00:00,8304.0,8373.882576841357,7958.330355337117
2020-05-28 11:00:00+00:00,8103.999999999999,8139.877305431004,7743.266980244164
2020-05-28 12:00:00+00:00,7844.000000000001,7857.241322662171,7545.3249550056225
2020-05-28 13:00:00+00:00,7669.999999999999,7576.187812145995,7307.267152902506
2020-05-28 14:00:00+00:00,7568.999999999999,7370.030242540675,7162.004752298279
2020-05-28 15:00:00+00:00,7428.0,7250.565502868279,7106.72276834172
2020-05-28 16:00:00+00:00,7333.000000000001,7053.61919149929,7041.358888371696
2020-05-28 17:00:00+00:00,7224.999999999999,6921.858987846447,7004.36993010078
2020-05-28 18:00:00+00:00,6917.0,6798.75239241465,6911.758449190015
2020-05-28 19:00:00+00:00,6691.0,6587.941296422385,6644.300418713334
2020-05-28 20:00:00+00:00,6404.0,6371.977161653985,6439.994611643658
2020-05-28 21:00:00+00:00,5843.000000000001,6049.767240381187,6100.172718558047
2020-05-28 22:00:00+00:00,5477.0,5603.755685280215,5618.879018922117
2020-05-28 23:00:00+00:00,5156.0,5321.570987306807,5275.300151264704
2020-05-29 00:00:00+00:00,5051.0,5095.268708801352,5015.095414844548
2020-05-29 01:00:00+00:00,4914.0,5045.756603683378,4908.63563600101
2020-05-29 02:00:00+00:00,5018.0,5025.904416049825,4825.704038706657
2020-05-29 03:00:00+00:00,5488.0,5262.045881828581,5018.551347620098
2020-05-29 04:00:00+00:00,6446.000000000001,5855.162877558074,5578.397818183463
2020-05-29 05:00:00+00:00,7248.0,6785.176088826857,6466.403636753406
2020-05-29 06:00:00+00:00,7667.000000000002,7462.86525251695,7159.228183643395
2020-05-29 07:00:00+00:00,7738.000000000002,7830.783258794404,7502.918531642835
2020-05-29 08:00:00+00:00,7877.000000000001,7986.021007464519,7601.632426578694
2020-05-29 09:00:00+00:00,7984.0,8136.787331848502,7768.515919063917
2020-05-29 10:00:00+00:00,7742.0,8145.054058473107,7797.947956721462
2020-05-29 11:00:00+00:00,7504.0,7856.551991880708,7551.719100631439
2020-05-29 12:00:00+00:00,7242.0,7562.790916081771,7322.598022802833
2020-05-29 13:00:00+00:00,7126.000000000001,7253.335288735412,7096.113375571322
2020-05-29 14:00:00+00:00,7060.000000000001,7037.448615860431,7001.078784613211
2020-05-29 15:00:00+00:00,6987.000000000001,6954.669194325128,6954.322809137932
2020-05-29 16:00:00+00:00,7044.000000000001,6842.530294479866,6899.746072023352
2020-05-29 17:00:00+00:00,6900.000000000002,6820.406818074944,6913.892230595673
2020-05-29 18:00:00+00:00,6562.0,6638.527038948129,6751.873552670893
2020-05-29 19:00:00+00:00,6248.0,6316.3756626646655,6425.126879980138
2020-05-29 20:00:00+00:00,6098.0,6049.0638822847595,6144.4605608687725
2020-05-29 21:00:00+00:00,5592.0,5812.990596991579,5896.0349358957355
2020-05-29 22:00:00+00:00,5273.0,5384.324017991201,5442.092649844771
2020-05-29 23:00:00+00:00,4928.0,5134.858149945172,5119.126277300812
2020-05-30 00:00:00+00:00,4772.0,4773.961115378407,4833.90481520934
2020-05-30 01:00:00+00:00,4627.0,4680.109067501574,4677.059815793539
2020-05-30 02:00:00+00:00,4644.0,4636.1621033767,4578.103308216469
2020-05-30 03:00:00+00:00,4778.0,4776.041042521252,4651.9873898420565
2020-05-30 04:00:00+00:00,5112.0,5058.001283457393,4887.417612406827
2020-05-30 05:00:00+00:00,5499.0,5410.2709870978315,5275.926160187342
2020-05-30 06:00:00+00:00,5996.000000000001,5827.588937168666,5688.997607646461
2020-05-30 07:00:00+00:00,6348.000000000001,6282.022212818874,6148.54902180089
2020-05-30 08:00:00+00:00,6625.0,6581.459599016432,6462.037790444513
2020-05-30 09:00:00+00:00,6822.0,6815.112688648952,6710.585211359099
2020-05-30 10:00:00+00:00,6637.000000000001,6947.903627445658,6779.536757273169
2020-05-30 11:00:00+00:00,6427.000000000001,6690.034870224124,6586.021921583334
2020-05-30 12:00:00+00:00,6345.000000000001,6447.648216127964,6372.302110677092
2020-05-30 13:00:00+00:00,6300.0,6346.390281331387,6283.9522138662805
2020-05-30 14:00:00+00:00,6175.0,6215.754736344292,6252.922173041602
2020-05-30 15:00:00+00:00,6120.0,6123.0561499157475,6191.417289890373
2020-05-30 16:00:00+00:00,6003.0,6033.651775865999,6158.591093688406
2020-05-30 17:00:00+00:00,5898.000000000002,5866.0354621070965,6040.565193657527
2020-05-30 18:00:00+00:00,5759.000000000002,5724.82324097582,5919.413454909861
2020-05-30 19:00:00+00:00,5619.0,5544.158646136552,5742.227757774071
2020-05-30 20:00:00+00:00,5586.0,5404.498093589316,5604.688333774833
2020-05-30 21:00:00+00:00,5173.0,5287.570234720028,5457.217116870834
2020-05-30 22:00:00+00:00,4868.0,4927.463128287711,5069.437871370343
2020-05-30 23:00:00+00:00,4558.0,4657.3726197605965,4756.513353941502
2020-05-31 00:00:00+00:00,4467.0,4459.313330507489,4497.7202010433975
2020-05-31 01:00:00+00:00,4333.0,4431.907274822585,4388.660793572592
2020-05-31 02:00:00+00:00,4316.0,4406.093606600576,4288.3905918437185
2020-05-31 03:00:00+00:00,4351.0,4476.327384493124,4296.795887343087
2020-05-31 04:00:00+00:00,4506.0,4619.414557649939,4373.972614995247
2020-05-31 05:00:00+00:00,4791.0,4823.32149087237,4579.069051520714
2020-05-31 06:00:00+00:00,5183.000000000001,5110.614520581183,4904.650544329786
2020-05-31 07:00:00+00:00,5641.0,5542.245401424918,5302.06828813654
2020-05-31 08:00:00+00:00,6083.999999999999,5933.57240504263,5707.859590165723
2020-05-31 09:00:00+00:00,6533.000000000001,6306.056847589774,6086.59624228712
2020-05-31 10:00:00+00:00,6416.999999999999,6569.33136534508,6363.227509154673
2020-05-31 11:00:00+00:00,6161.0,6345.693729563022,6211.126452863721
2020-05-31 12:00:00+00:00,6042.999999999999,6073.95335357761,5979.9448108858915
2020-05-31 13:00:00+00:00,5894.0,5963.364552753015,5850.660510767444
2020-05-31 14:00:00+00:00,5854.000000000001,5777.833315566562,5721.779464374072
2020-05-31 15:00:00+00:00,5890.000000000002,5709.080688266963,5727.003982770017
2020-05-31 16:00:00+00:00,5926.0,5705.116248109553,5778.233907663119
2020-05-31 17:00:00+00:00,5793.0,5682.94656565764,5803.89143855995
2020-05-31 18:00:00+00:00,5628.000000000001,5540.6796158089455,5703.481719507548
2020-05-31 19:00:00+00:00,5416.0,5375.107862474479,5558.139935939333
2020-05-31 20:00:00+00:00,5408.0,5201.949239049364,5401.503924171738
2020-05-31 21:00:00+00:00,5042.0,5123.066438487525,5289.686372952543
2020-05-31 22:00:00+00:00,4742.0,4811.853949018065,4958.290350068198
2020-05-31 23:00:00+00:00,4438.0,4559.274583785575,4666.28145780722
2020-06-01 00:00:00+00:00,4340.0,4215.109103838924,4423.246155442373
2020-06-01 01:00:00+00:00,4212.0,4170.539071616076,4321.453219180972
2020-06-01 02:00:00+00:00,4226.0,4159.511978941628,4256.507668301922
2020-06-01 03:00:00+00:00,4294.0,4325.856857035273,4397.579553489176
2020-06-01 04:00:00+00:00,4508.0,4590.286286985325,4672.372069122016
2020-06-01 05:00:00+00:00,4860.0,4956.168167806131,5029.14546292421
2020-06-01 06:00:00+00:00,5170.0,5358.137256177211,5414.837353215837
2020-06-01 07:00:00+00:00,5470.0,5683.548582637524,5725.830662701878
2020-06-01 08:00:00+00:00,5704.0,5927.1342546124215,6016.156785525412
2020-06-01 09:00:00+00:00,5922.999999999999,6171.303441505706,6245.228992535214
2020-06-01 10:00:00+00:00,5754.0,6228.305364460565,6356.1394320110385
2020-06-01 11:00:00+00:00,5516.0,5998.523383464654,6181.044321037643
2020-06-01 12:00:00+00:00,5322.0,5723.729076262466,5976.658883038909
2020-06-01 13:00:00+00:00,5189.0,5481.051971730167,5794.094833984335
2020-06-01 14:00:00+00:00,5162.0,5261.913609583412,5678.025002854585
2020-06-01 15:00:00+00:00,5269.000000000001,5179.319458505848,5658.036140470282
2020-06-01 16:00:00+00:00,5447.0,5222.432877074904,5735.996867524912
2020-06-01 17:00:00+00:00,5520.0,5278.792974495057,5807.509857558314
2020-06-01 18:00:00+00:00,5537.0,5282.095228103752,5794.021039234821
2020-06-01 19:00:00+00:00,5507.999999999999,5230.344878212858,5719.660272046129
2020-06-01 20:00:00+00:00,5536.0,5257.817556738339,5641.54469209339
2020-06-01 21:00:00+00:00,5088.999999999999,5197.449296769069,5526.331537880758
2020-06-01 22:00:00+00:00,4808.0,4812.107631936719,5107.874450823057
2020-06-01 23:00:00+00:00,4519.0,4588.849304764662,4818.359958931525
2020-06-02 00:00:00+00:00,4478.0,4694.647819673112,4577.278101056394
2020-06-02 01:00:00+00:00,4418.0,4679.406934368494,4514.301087712208
2020-06-02 02:00:00+00:00,4566.0,4732.079829891233,4492.1898158828635
2020-06-02 03:00:00+00:00,5142.0,4992.5381206716465,4714.631654078207
2020-06-02 04:00:00+00:00,6196.0,5636.4750611160125,5369.17379530758
2020-06-02 05:00:00+00:00,6994.0,6559.21170040197,6326.62551333329
2020-06-02 06:00:00+00:00,7341.000000000001,7256.804610771452,7019.552937815604
2020-06-02 07:00:00+00:00,7412.000000000001,7554.9036665741,7321.68972816558
2020-06-02 08:00:00+00:00,7606.000000000001,7651.038883575678,7442.524008837154
2020-06-02 09:00:00+00:00,7773.000000000001,7804.878736883768,7622.774029872844
2020-06-02 10:00:00+00:00,7695.0,7852.471296847947,7692.49994797182
2020-06-02 11:00:00+00:00,7598.000000000001,7700.839645150843,7595.3590236477185
2020-06-02 12:00:00+00:00,7459.000000000001,7530.819817298219,7479.038233134611
2020-06-02 13:00:00+00:00,7271.000000000002,7301.327775982065,7316.149588916475
2020-06-02 14:00:00+00:00,7102.000000000002,7068.1132647963495,7140.421954426144
2020-06-02 15:00:00+00:00,7151.000000000002,6883.243951446475,7019.122340084983
2020-06-02 16:00:00+00:00,7050.000000000002,6885.69890372335,7067.70666367676
2020-06-02 17:00:00+00:00,6980.0,6747.456921802376,6958.319683256948
2020-06-02 18:00:00+00:00,6727.000000000001,6640.561864492194,6852.710754069863
2020-06-02 19:00:00+00:00,6515.000000000002,6408.580613384531,6613.585341124053
2020-06-02 20:00:00+00:00,6263.000000000001,6290.827016575756,6418.08702472923
2020-06-02 21:00:00+00:00,5719.0,5990.195961660682,6086.899249378285
2020-06-02 22:00:00+00:00,5381.000000000001,5529.998373032053,5596.630680763885
2020-06-02 23:00:00+00:00,5054.0,5254.032034529386,5263.609483919619
2020-06-03 00:00:00+00:00,4975.0,5056.953415693867,4994.385456038531
2020-06-03 01:00:00+00:00,4843.0,5038.434043818993,4916.445672498869
2020-06-03 02:00:00+00:00,4930.0,5034.999167078837,4849.60510412838
2020-06-03 03:00:00+00:00,5384.0,5292.777256635736,5068.989826450654
2020-06-03 04:00:00+00:00,6416.000000000001,5908.323911369729,5682.245538071372
2020-06-03 05:00:00+00:00,7111.0,6841.073796167762,6655.850977816654
2020-06-03 06:00:00+00:00,7531.0,7434.144777324406,7235.95988836391
2020-06-03 07:00:00+00:00,7593.000000000001,7742.918248749524,7538.475531329177
2020-06-03 08:00:00+00:00,7714.0,7797.836122117373,7620.952120666995
2020-06-03 09:00:00+00:00,7895.0,7896.98789526763,7754.319504020766
2020-06-03 10:00:00+00:00,7696.000000000001,7956.6323981356,7836.473062778798
2020-06-03 11:00:00+00:00,7657.0,7717.6380758497835,7653.869605144536
2020-06-03 12:00:00+00:00,7538.000000000001,7607.485379231718,7587.134305771313
2020-06-03 13:00:00+00:00,7440.000000000001,7409.824967140577,7451.670670805124
2020-06-03 14:00:00+00:00,7250.0,7240.01300083436,7346.853487458753
2020-06-03 15:00:00+00:00,7238.000000000001,7031.964297547465,7199.915563263956
2020-06-03 16:00:00+00:00,7248.0,6974.633523907638,7182.428695635484
2020-06-03 17:00:00+00:00,7104.999999999999,6942.142040071743,7173.924159535275
2020-06-03 18:00:00+00:00,6841.0,6829.235444256948,7023.249695275654
2020-06-03 19:00:00+00:00,6546.0,6614.240666005857,6770.370986695494
2020-06-03 20:00:00+00:00,6322.0,6351.8225540209305,6486.066768258454
2020-06-03 21:00:00+00:00,5785.000000000001,6111.54378326649,6175.392256049951
2020-06-03 22:00:00+00:00,5405.0,5675.519775547587,5684.27951622824
2020-06-03 23:00:00+00:00,5088.0,5365.313779105365,5317.022554314021
2020-06-04 00:00:00+00:00,4936.0,5139.7438524919025,5060.575044413883
2020-06-04 01:00:00+00:00,4866.0,5038.737803372458,4908.075712023429
2020-06-04 02:00:00+00:00,4982.0,5074.492358685282,4880.152411876183
2020-06-04 03:00:00+00:00,5514.0,5341.583181472044,5104.978517108896
2020-06-04 04:00:00+00:00,6496.000000000002,6006.168215591696,5749.198969100516
2020-06-04 05:00:00+00:00,7267.0,6888.904434023156,6691.343029544646
2020-06-04 06:00:00+00:00,7587.000000000001,7571.718833282716,7386.494683914116
2020-06-04 07:00:00+00:00,7712.0,7835.056293387929,7667.579185398794
2020-06-04 08:00:00+00:00,7912.000000000001,7957.944559512886,7823.308626044345
2020-06-04 09:00:00+00:00,8056.0,8141.1715995113245,8038.36135916731
2020-06-04 10:00:00+00:00,7887.000000000001,8185.880836423614,8086.904287563868
2020-06-04 11:00:00+00:00,7787.000000000002,7988.561624264492,7919.832481097897
2020-06-04 12:00:00+00:00,7722.0,7866.831409995002,7785.457827218767
2020-06-04 13:00:00+00:00,7637.000000000002,7726.298924806037,7695.560081648917
2020-06-04 14:00:00+00:00,7514.000000000002,7610.3101901707205,7598.510600942417
2020-06-04 15:00:00+00:00,7489.000000000001,7393.345681260086,7479.082813942721
2020-06-04 16:00:00+00:00,7407.999999999999,7344.445092680414,7442.557679013216
2020-06-04 17:00:00+00:00,7136.0,7223.482492486558,7350.622631500283
2020-06-04 18:00:00+00:00,6856.000000000001,6918.2905472807615,7069.168357011472
2020-06-04 19:00:00+00:00,6528.000000000001,6640.386093555899,6795.812910190703
2020-06-04 20:00:00+00:00,6240.0,6335.047184615058,6480.397063621292
2020-06-04 21:00:00+00:00,5761.000000000001,6016.489840192325,6116.001203559801
2020-06-04 22:00:00+00:00,5424.0,5599.804165680864,5661.946006885432
2020-06-04 23:00:00+00:00,5107.0,5280.535555497453,5326.072934616391
2020-06-05 00:00:00+00:00,4954.0,5055.446668417019,5060.488743619244
2020-06-05 01:00:00+00:00,4864.0,4969.106651547934,4915.36031073238
2020-06-05 02:00:00+00:00,4984.0,5009.406880899362,4878.716870875638
2020-06-05 03:00:00+00:00,5507.0,5282.418294190697,5101.04874697287
2020-06-05 04:00:00+00:00,6553.000000000001,5968.198318176324,5751.17456505817
2020-06-05 05:00:00+00:00,7451.000000000001,7027.8842317392055,6738.782820494997
2020-06-05 06:00:00+00:00,7896.000000000001,7850.721960518577,7506.976123359754
2020-06-05 07:00:00+00:00,8016.000000000001,8240.736542114697,7857.8982753680775
2020-06-05 08:00:00+00:00,8168.000000000001,8341.406512518128,7989.07583744278
2020-06-05 09:00:00+00:00,8266.0,8475.52865841141,8133.146959187872
2020-06-05 10:00:00+00:00,7988.000000000001,8433.391732159642,8144.1708437984935
2020-06-05 11:00:00+00:00,7693.0,8151.317504611222,7884.725414373823
2020-06-05 12:00:00+00:00,7395.0,7788.784946079013,7610.633845795443
2020-06-05 13:00:00+00:00,7158.000000000001,7484.564428405391,7361.881702589388
2020-06-05 14:00:00+00:00,6967.000000000001,7119.440616846668,7165.044416942047
2020-06-05 15:00:00+00:00,6937.000000000001,6946.998919611966,7008.079491121294
2020-06-05 16:00:00+00:00,6841.0,6885.207944130954,6991.1562832063355
2020-06-05 17:00:00+00:00,6644.0,6663.416590695809,6871.12848891771
2020-06-05 18:00:00+00:00,6424.000000000001,6431.984513716516,6637.57201924378
2020-06-05 19:00:00+00:00,6200.000000000001,6238.18411302395,6388.243314407943
2020-06-05 20:00:00+00:00,6003.0,6061.249542755484,6171.70470354883
2020-06-05 21:00:00+00:00,5510.0,5820.415037660297,5889.576910198725
2020-06-05 22:00:00+00:00,5174.0,5384.0043407569265,5437.83376273826
2020-06-05 23:00:00+00:00,4881.0,5107.3816898501855,5097.882475372184
2020-06-06 00:00:00+00:00,4727.0,4760.902558483739,4839.680144522878
2020-06-06 01:00:00+00:00,4578.0,4684.951025982818,4690.6737340909895
2020-06-06 02:00:00+00:00,4554.0,4651.77153135114,4593.578676811372
2020-06-06 03:00:00+00:00,4651.0,4754.355735396204,4642.330672866022
2020-06-06 04:00:00+00:00,5008.0,4994.971932104909,4859.61476425408
2020-06-06 05:00:00+00:00,5426.000000000001,5358.987468896571,5267.326867388631
2020-06-06 06:00:00+00:00,5902.0,5769.835368978675,5707.330611392825
2020-06-06 07:00:00+00:00,6225.999999999999,6183.663769555602,6136.395072526765
2020-06-06 08:00:00+00:00,6401.0,6461.281457890323,6441.194713869401
2020-06-06 09:00:00+00:00,6521.0,6601.969339274676,6616.382088809063
2020-06-06 10:00:00+00:00,6347.0,6613.530772318938,6646.4308713276905
2020-06-06 11:00:00+00:00,6137.0,6381.168297097841,6454.02025939867
2020-06-06 12:00:00+00:00,5968.000000000001,6146.525174215678,6260.424171782075
2020-06-06 13:00:00+00:00,5910.0,5925.347483678962,6109.002034097857
2020-06-06 14:00:00+00:00,5881.000000000001,5793.435965569225,6026.781330975107
2020-06-06 15:00:00+00:00,5915.0,5739.392812459141,5992.089982277998
2020-06-06 16:00:00+00:00,5806.0,5752.45507325245,5986.363603885897
2020-06-06 17:00:00+00:00,5698.0,5597.723145523263,5870.193205441019
2020-06-06 18:00:00+00:00,5638.999999999999,5454.985472399751,5746.245455951241
2020-06-06 19:00:00+00:00,5532.0,5394.807226775347,5657.846094068258
2020-06-06 20:00:00+00:00,5485.0,5316.136549311853,5557.536088294055
2020-06-06 21:00:00+00:00,5061.0,5250.436570773612,5403.148247131178
2020-06-06 22:00:00+00:00,4766.0,4888.854183842424,5004.988120500213
2020-06-06 23:00:00+00:00,4441.0,4612.248487097101,4703.966841920215
2020-06-07 00:00:00+00:00,4364.0,4394.42314545401,4435.084124083628
2020-06-07 01:00:00+00:00,4206.0,4369.385029201454,4340.392927244037
2020-06-07 02:00:00+00:00,4132.0,4335.006013732686,4218.950239454905
2020-06-07 03:00:00+00:00,4148.0,4365.106412960815,4178.830601754995
2020-06-07 04:00:00+00:00,4318.0,4474.680660287671,4248.55694330907
2020-06-07 05:00:00+00:00,4653.0,4647.691358939669,4462.048588899943
2020-06-07 06:00:00+00:00,5051.0,5001.843823288509,4822.595555005495
2020-06-07 07:00:00+00:00,5389.0,5381.2265452202455,5231.060659966791
2020-06-07 08:00:00+00:00,5667.0,5693.084988152161,5581.092057097719
2020-06-07 09:00:00+00:00,6029.000000000002,5926.857849045696,5884.028863976806
2020-06-07 10:00:00+00:00,5911.999999999999,6129.664190255635,6113.835378505124
2020-06-07 11:00:00+00:00,5727.0,5956.635812787118,5960.7747283642075
2020-06-07 12:00:00+00:00,5578.0,5760.498525553573,5788.326653934455
2020-06-07 13:00:00+00:00,5541.0,5587.423308314858,5644.613171438894
2020-06-07 14:00:00+00:00,5582.0,5549.3540824997835,5607.187107210924
2020-06-07 15:00:00+00:00,5705.0,5584.185561906053,5647.060034054117
2020-06-07 16:00:00+00:00,5810.999999999999,5656.707411058708,5736.3750173931685
2020-06-07 17:00:00+00:00,5768.0,5674.043693725635,5779.614020025199
2020-06-07 18:00:00+00:00,5661.0,5603.58471983872,5710.638582031315
2020-06-07 19:00:00+00:00,5489.0,5471.4328832175615,5581.580550112116
2020-06-07 20:00:00+00:00,5522.0,5332.250384132769,5449.926252078453
2020-06-07 21:00:00+00:00,5144.0,5275.294435408364,5369.041788506439
2020-06-07 22:00:00+00:00,4910.0,4940.386093662122,5008.882721001527
2020-06-07 23:00:00+00:00,4656.0,4733.635443638454,4751.54641157983
2020-06-08 00:00:00+00:00,4608.0,4694.755154650254,4539.408114303947
2020-06-08 01:00:00+00:00,4482.0,4687.657517607099,4466.624593422417
2020-06-08 02:00:00+00:00,4615.0,4651.063504084222,4371.165956571023
2020-06-08 03:00:00+00:00,5214.0,4835.574445627188,4483.791837566855
2020-06-08 04:00:00+00:00,6332.000000000002,5404.219264151382,4979.963297193494
2020-06-08 05:00:00+00:00,7208.000000000001,6390.408474671129,5897.939059811581
2020-06-08 06:00:00+00:00,7648.000000000002,7172.82878278049,6634.437931723687
2020-06-08 07:00:00+00:00,7885.000000000001,7596.510032913237,7043.769001304966
2020-06-08 08:00:00+00:00,8122.000000000001,7832.782774271228,7286.097294248222
2020-06-08 09:00:00+00:00,8313.0,8046.285683234657,7531.81606247145
2020-06-08 10:00:00+00:00,8089.000000000001,8109.869304237612,7629.9682928218335
2020-06-08 11:00:00+00:00,7912.000000000001,7808.614491341145,7404.013493395583
2020-06-08 12:00:00+00:00,7753.0,7541.072469815858,7224.125586707925
2020-06-08 13:00:00+00:00,7628.999999999999,7345.551850878922,7078.1405304068785
2020-06-08 14:00:00+00:00,7484.000000000002,7171.055422177199,6984.933441396617
2020-06-08 15:00:00+00:00,7481.000000000001,7025.468255940866,6909.195706848992
2020-06-08 16:00:00+00:00,7396.999999999999,6993.377282795146,6950.721159319042
2020-06-08 17:00:00+00:00,7157.0,6886.507621257103,6900.412706653898
2020-06-08 18:00:00+00:00,6833.0,6659.134079071131,6719.341202770315
2020-06-08 19:00:00+00:00,6460.000000000001,6377.810513546889,6462.367372205447
2020-06-08 20:00:00+00:00,6227.0,6096.682613424093,6196.275813804067
2020-06-08 21:00:00+00:00,5660.0,5828.43623113547,5907.2170443679815
2020-06-08 22:00:00+00:00,5358.0,5361.334235918134,5416.546116299984
2020-06-08 23:00:00+00:00,5064.0,5108.622204482048,5117.625307203947
2020-06-09 00:00:00+00:00,4953.0,4912.199424394477,4889.656900311727
2020-06-09 01:00:00+00:00,4850.0,4856.939269040693,4786.539071241297
2020-06-09 02:00:00+00:00,4936.0,4871.552492170556,4750.438505124909
2020-06-09 03:00:00+00:00,5467.000000000001,5133.900047354865,4974.01915714226
2020-06-09 04:00:00+00:00,6517.000000000001,5834.96672767991,5659.5238249149015
2020-06-09 05:00:00+00:00,7461.000000000001,6872.455543157095,6657.271605466305
2020-06-09 06:00:00+00:00,7988.000000000001,7719.668706620631,7454.073031228767
2020-06-09 07:00:00+00:00,8151.0,8165.335097768102,7873.8111251316805
2020-06-09 08:00:00+00:00,8350.0,8372.604209639934,8050.37668490954
2020-06-09 09:00:00+00:00,8489.0,8517.969459960697,8244.534779384843
2020-06-09 10:00:00+00:00,8243.000000000002,8599.527967646092,8314.204006827653
2020-06-09 11:00:00+00:00,8061.0,8298.975779399478,8100.540582489637
2020-06-09 12:00:00+00:00,7876.000000000001,8079.957849500098,7926.938979303439
2020-06-09 13:00:00+00:00,7665.0,7811.363006553531,7744.024378564276
2020-06-09 14:00:00+00:00,7527.999999999999,7514.026663729575,7544.170117854533
2020-06-09 15:00:00+00:00,7516.000000000001,7365.878486804691,7452.965943070541
2020-06-09 16:00:00+00:00,7407.999999999999,7296.70012701962,7417.635680995158
2020-06-09 17:00:00+00:00,7183.000000000001,7151.393751515202,7306.028250401693
2020-06-09 18:00:00+00:00,6885.000000000001,6922.072964769204,7065.535036288331
2020-06-09 19:00:00+00:00,6596.000000000001,6632.293951738822,6775.808798925568
2020-06-09 20:00:00+00:00,6272.000000000002,6331.340005991022,6495.380372298541
2020-06-09 21:00:00+00:00,5771.0,5962.687455990892,6105.633480596238
2020-06-09 22:00:00+00:00,5436.999999999999,5533.383910673735,5646.923487709081
2020-06-09 23:00:00+00:00,5100.0,5250.171390496885,5313.81595036329
2020-06-10 00:00:00+00:00,5003.0,5026.5921891439875,5041.82337717655
2020-06-10 01:00:00+00:00,4911.0,4983.3035634073185,4936.367438293964
2020-06-10 02:00:00+00:00,4981.0,5008.714027185777,4892.593009128559
2020-06-10 03:00:00+00:00,5530.0,5225.63733876806,5074.897306560442
2020-06-10 04:00:00+00:00,6572.000000000001,5942.137579039633,5764.064529602437
2020-06-10 05:00:00+00:00,7522.000000000001,6981.348205806189,6740.558197745294
2020-06-10 06:00:00+00:00,8013.999999999999,7852.698308405511,7562.908056271541
2020-06-10 07:00:00+00:00,8244.0,8265.193181078945,7949.4542973573125
2020-06-10 08:00:00+00:00,8469.000000000002,8460.97630851595,8157.834935218151
2020-06-10 09:00:00+00:00,8652.000000000002,8642.005248455245,8369.937486405937
2020-06-10 10:00:00+00:00,8437.0,8681.744445783086,8446.178274031518
2020-06-10 11:00:00+00:00,8250.0,8415.401129681737,8266.49319467971
2020-06-10 12:00:00+00:00,8020.0,8219.356447159853,8091.228630268842
2020-06-10 13:00:00+00:00,7897.0,8007.880207250068,7886.546565141919
2020-06-10 14:00:00+00:00,7710.999999999999,7821.410303976364,7747.8507954034785
2020-06-10 15:00:00+00:00,7551.0,7616.440157319391,7607.790629864123
2020-06-10 16:00:00+00:00,7376.0,7429.721099108649,7483.920402575052
2020-06-10 17:00:00+00:00,7120.000000000001,7204.169194036777,7309.632132786104
2020-06-10 18:00:00+00:00,6771.000000000001,6888.675525880225,7046.11637013729
2020-06-10 19:00:00+00:00,6426.0,6570.784090555394,6708.7124020624815
2020-06-10 20:00:00+00:00,6171.000000000002,6227.46866040895,6385.731098087238
2020-06-10 21:00:00+00:00,5636.0,5932.732734360167,6053.118570623464
2020-06-10 22:00:00+00:00,5254.000000000001,5464.76450352233,5558.576358143785
2020-06-10 23:00:00+00:00,4894.0,5147.398127310569,5188.865340211761
2020-06-11 00:00:00+00:00,4756.0,4619.574744135601,4886.448955927349
2020-06-11 01:00:00+00:00,4579.0,4554.155324764732,4763.998928373729
2020-06-11 02:00:00+00:00,4548.0,4530.881232976434,4662.2353327873725
2020-06-11 03:00:00+00:00,4559.0,4696.501396024795,4787.122773757821
2020-06-11 04:00:00+00:00,4704.0,4947.342612411621,5069.971404386559
2020-06-11 05:00:00+00:00,5053.0,5235.26520614385,5402.217981711206
2020-06-11 06:00:00+00:00,5444.0,5601.161641745528,5759.732157923845
2020-06-11 07:00:00+00:00,5771.0,5934.637788159122,6089.35078275961
2020-06-11 08:00:00+00:00,6025.0,6215.163318399493,6386.482030344532
2020-06-11 09:00:00+00:00,6220.000000000001,6414.5645174692845,6615.583957147857
2020-06-11 10:00:00+00:00,5980.000000000002,6482.25398109146,6708.681865197118
2020-06-11 11:00:00+00:00,5705.0,6212.431904277265,6497.769673053766
2020-06-11 12:00:00+00:00,5457.0,5931.784119092273,6264.815584010344
2020-06-11 13:00:00+00:00,5329.0,5652.71956151226,6055.861274988478
2020-06-11 14:00:00+00:00,5284.000000000001,5502.115604436501,5922.790184588493
2020-06-11 15:00:00+00:00,5366.000000000001,5407.323699960881,5872.274892837771
2020-06-11 16:00:00+00:00,5528.0,5428.151720346881,5902.880419067549
2020-06-11 17:00:00+00:00,5559.0,5445.493561810481,5948.138681011443
2020-06-11 18:00:00+00:00,5505.0,5379.128584449039,5888.434883089782
2020-06-11 19:00:00+00:00,5499.0,5303.937437727521,5756.9984760169555
2020-06-11 20:00:00+00:00,5503.0,5296.89275148439,5675.709832068351
2020-06-11 21:00:00+00:00,5070.0,5238.605474633659,5542.4647142192425
2020-06-11 22:00:00+00:00,4814.0,4869.0360862954385,5127.800125032953
2020-06-11 23:00:00+00:00,4550.0,4643.113034682362,4848.967418215613
2020-06-12 00:00:00+00:00,4457.0,4768.787759798525,4613.814851823012
2020-06-12 01:00:00+00:00,4365.0,4743.7623382205265,4514.004791136822
2020-06-12 02:00:00+00:00,4416.0,4765.072363234482,4467.881879528041
2020-06-12 03:00:00+00:00,4800.0,4954.069112149842,4610.421650562138
2020-06-12 04:00:00+00:00,5572.000000000001,5420.445183107919,5112.281537816668
2020-06-12 05:00:00+00:00,6175.0,6098.823208746489,5885.549847839264
2020-06-12 06:00:00+00:00,6552.000000000001,6626.644476382769,6447.495927718585
2020-06-12 07:00:00+00:00,6682.0,6933.594227907636,6773.622365490274
2020-06-12 08:00:00+00:00,6792.0,7036.839885675438,6918.9186409644935
2020-06-12 09:00:00+00:00,6902.000000000001,7109.986298201648,7034.246433171946
2020-06-12 10:00:00+00:00,6736.000000000002,7084.671093899687,7041.579823058619
2020-06-12 11:00:00+00:00,6599.000000000001,6830.438768952928,6839.913008996476
2020-06-12 12:00:00+00:00,6446.000000000001,6595.509894700198,6661.042124024999
2020-06-12 13:00:00+00:00,6363.0,6365.919812873772,6491.691831620306
2020-06-12 14:00:00+00:00,6277.000000000001,6213.320069221332,6389.2968055724605
2020-06-12 15:00:00+00:00,6342.000000000001,6097.387374129142,6326.424822651556
2020-06-12 16:00:00+00:00,6344.0,6102.08425992656,6367.5199727932595
2020-06-12 17:00:00+00:00,6174.000000000002,6059.090590073418,6332.186403792424
2020-06-12 18:00:00+00:00,5961.000000000002,5899.8346446547675,6159.30313137313
2020-06-12 19:00:00+00:00,5832.000000000001,5743.637976235283,5957.631687905759
2020-06-12 20:00:00+00:00,5702.0,5717.157359333185,5823.856935067612
2020-06-12 21:00:00+00:00,5219.0,5540.206511746738,5597.13588443127
2020-06-12 22:00:00+00:00,4894.0,5136.364342865196,5155.561545267772
2020-06-12 23:00:00+00:00,4557.0,4873.9573812354465,4838.12749256095
2020-06-13 00:00:00+00:00,4428.0,4480.2307878266965,4552.554753646493
2020-06-13 01:00:00+00:00,4253.0,4408.174962609376,4421.006436730809
2020-06-13 02:00:00+00:00,4224.0,4343.492387415839,4291.398032341164
2020-06-13 03:00:00+00:00,4350.0,4443.59337621324,4318.56370120593
2020-06-13 04:00:00+00:00,4761.0,4720.852192730639,4540.978985283553
2020-06-13 05:00:00+00:00,5219.999999999999,5107.586290297295,4972.242596899116
2020-06-13 06:00:00+00:00,5675.0,5568.827796268496,5433.167887434386
2020-06-13 07:00:00+00:00,5996.000000000001,5976.015891639097,5842.099953294521
2020-06-13 08:00:00+00:00,6137.0,6235.75336007228,6121.304586678193
2020-06-13 09:00:00+00:00,6277.000000000001,6336.153518979613,6257.187259686222
2020-06-13 10:00:00+00:00,6119.000000000001,6359.468573542836,6312.777596370958
2020-06-13 11:00:00+00:00,5930.000000000001,6138.488610331124,6144.26012720419
2020-06-13 12:00:00+00:00,5795.0,5886.846762578906,5959.894060758502
2020-06-13 13:00:00+00:00,5752.0,5703.860766510312,5842.678423585764
2020-06-13 14:00:00+00:00,5753.000000000001,5603.390210836008,5798.671833415406
2020-06-13 15:00:00+00:00,5815.000000000001,5568.013757949668,5811.061514255877
2020-06-13 16:00:00+00:00,5774.000000000001,5558.824772238748,5835.02523042297
2020-06-13 17:00:00+00:00,5622.0,5473.014040924747,5770.36802924453
2020-06-13 18:00:00+00:00,5488.0,5326.794457175969,5630.5830719432915
2020-06-13 19:00:00+00:00,5441.000000000001,5219.414741439166,5500.863392711045
2020-06-13 20:00:00+00:00,5431.0,5217.279625870529,5447.010009709026
2020-06-13 21:00:00+00:00,4980.0,5147.626432056048,5318.427528968752
2020-06-13 22:00:00+00:00,4699.0,4790.78337818064,4903.265555482037
2020-06-13 23:00:00+00:00,4364.0,4560.3678560459275,4606.231065884796
2020-06-14 00:00:00+00:00,4247.0,4297.31990016888,4334.713123488466
2020-06-14 01:00:00+00:00,4087.0,4254.22421588109,4203.869976458012
2020-06-14 02:00:00+00:00,4021.0,4104.657025564828,4069.2423804865853
2020-06-14 03:00:00+00:00,4043.0,4110.290033651367,4033.4491471965534
2020-06-14 04:00:00+00:00,4218.0,4249.7805240190255,4114.703545278689
2020-06-14 05:00:00+00:00,4606.0,4549.511728809869,4344.968419750104
2020-06-14 06:00:00+00:00,5065.0,4997.587323334824,4744.1078187679495
2020-06-14 07:00:00+00:00,5501.0,5457.381782199974,5173.318519438749
2020-06-14 08:00:00+00:00,5897.000000000001,5864.387208109799,5559.992826544304
2020-06-14 09:00:00+00:00,6188.0,6229.83036886438,5933.944292929597
2020-06-14 10:00:00+00:00,6056.000000000001,6395.2852762595585,6112.603335371524
2020-06-14 11:00:00+00:00,5846.000000000001,6198.157375038474,5964.299210738553
2020-06-14 12:00:00+00:00,5683.0,5959.355893439318,5769.911699748862
2020-06-14 13:00:00+00:00,5558.0,5733.444958575386,5639.393028216263
2020-06-14 14:00:00+00:00,5511.0,5527.986363279149,5555.695514209378
2020-06-14 15:00:00+00:00,5638.999999999999,5514.642200639741,5550.326873420389
2020-06-14 16:00:00+00:00,5720.999999999999,5566.642567829577,5662.43932268001
2020-06-14 17:00:00+00:00,5610.0,5556.692852047919,5702.612494088487
2020-06-14 18:00:00+00:00,5499.0,5407.953909267654,5589.479761527647
2020-06-14 19:00:00+00:00,5364.0,5273.846854733607,5470.009713978926
2020-06-14 20:00:00+00:00,5382.0,5172.413800563399,5376.541973867191
2020-06-14 21:00:00+00:00,5010.0,5108.335777609253,5280.173784177651
2020-06-14 22:00:00+00:00,4805.0,4791.65393160487,4938.636258726648
2020-06-14 23:00:00+00:00,4559.0,4613.876289625464,4711.824376003987
2020-06-15 00:00:00+00:00,4489.0,4588.998496863463,4512.489821440945
2020-06-15 01:00:00+00:00,4410.0,4566.6360148686545,4423.774524912745
2020-06-15 02:00:00+00:00,4526.0,4582.827244698208,4387.2040832838165
2020-06-15 03:00:00+00:00,5159.999999999999,4808.422795401694,4593.596783302587
2020-06-15 04:00:00+00:00,6350.000000000001,5517.813565480707,5296.027178625805
2020-06-15 05:00:00+00:00,7265.999999999999,6644.1367165824995,6375.405806116327
2020-06-15 06:00:00+00:00,7867.0,7490.858784920434,7171.872079317987
2020-06-15 07:00:00+00:00,8111.000000000001,8047.134760831205,7694.515561832604
2020-06-15 08:00:00+00:00,8302.0,8295.661606304002,7951.570738103026
2020-06-15 09:00:00+00:00,8514.0,8479.761343399587,8152.481251912772
2020-06-15 10:00:00+00:00,8356.0,8567.485693964663,8253.981472124713
2020-06-15 11:00:00+00:00,8228.0,8358.50260340242,8086.830234498677
2020-06-15 12:00:00+00:00,8029.000000000001,8147.228884971447,7948.908395261117
2020-06-15 13:00:00+00:00,7869.000000000002,7902.428736415715,7768.633691655174
2020-06-15 14:00:00+00:00,7688.000000000001,7683.266749584738,7618.777859837669
2020-06-15 15:00:00+00:00,7645.000000000002,7474.815202590593,7495.059762396355
2020-06-15 16:00:00+00:00,7479.0,7371.619095252874,7453.165875986272
2020-06-15 17:00:00+00:00,7189.000000000001,7156.643962949639,7275.039348630349
2020-06-15 18:00:00+00:00,6863.0,6853.243150826419,6988.968342440471
2020-06-15 19:00:00+00:00,6568.0,6509.5513024984,6664.811149960787
2020-06-15 20:00:00+00:00,6258.000000000001,6245.649871723207,6402.957159681175
2020-06-15 21:00:00+00:00,5727.0,5906.815428417008,6033.839273932254
2020-06-15 22:00:00+00:00,5363.0,5457.798224603972,5567.684399246769
2020-06-15 23:00:00+00:00,5055.0,5155.602518794172,5222.795322035102
2020-06-16 00:00:00+00:00,4960.0,4935.63612536024,4968.9214253540085
2020-06-16 01:00:00+00:00,4816.0,4908.708821403688,4872.587830799522
2020-06-16 02:00:00+00:00,4917.0,4879.397485064317,4792.695197036876
2020-06-16 03:00:00+00:00,5470.0,5151.238270485031,5021.00765669398
2020-06-16 04:00:00+00:00,6530.0,5892.099288830903,5727.372126811531
2020-06-16 05:00:00+00:00,7365.0,6970.849520439532,6764.6057177147495
2020-06-16 06:00:00+00:00,7800.000000000001,7774.356150970918,7529.33830439554
2020-06-16 07:00:00+00:00,7931.000000000001,8170.195493583441,7900.239762910797
2020-06-16 08:00:00+00:00,8125.000000000001,8241.55502440928,8050.7220160954985
2020-06-16 09:00:00+00:00,8248.000000000002,8402.505254387801,8237.172897667044
2020-06-16 10:00:00+00:00,8092.000000000001,8414.417449315071,8266.564652619913
2020-06-16 11:00:00+00:00,8010.000000000001,8204.009361465285,8105.822331636753
2020-06-16 12:00:00+00:00,7832.0,8089.610701186579,7993.508522140657
2020-06-16 13:00:00+00:00,7665.0,7820.009343886243,7808.385162343241
2020-06-16 14:00:00+00:00,7476.000000000002,7597.292560181663,7644.499550495213
2020-06-16 15:00:00+00:00,7441.0,7422.555534090408,7499.831348036878
2020-06-16 16:00:00+00:00,7357.0,7338.764044107251,7439.932851282372
2020-06-16 17:00:00+00:00,7107.000000000001,7152.927563105716,7311.2726507444795
2020-06-16 18:00:00+00:00,6818.000000000002,6886.118049851818,7043.263819136467
2020-06-16 19:00:00+00:00,6532.0,6589.292759682281,6750.729437964612
2020-06-16 20:00:00+00:00,6291.000000000001,6300.308322541165,6452.287905647057
2020-06-16 21:00:00+00:00,5707.0,6024.792664616749,6134.879521723864
2020-06-16 22:00:00+00:00,5397.0,5520.2048715933,5611.203789460304
2020-06-16 23:00:00+00:00,5095.0,5247.127117917702,5292.683148861534
2020-06-17 00:00:00+00:00,4961.0,5059.211790849689,5044.0581517772125
2020-06-17 01:00:00+00:00,4840.0,4973.2497117721105,4916.242438346823
2020-06-17 02:00:00+00:00,4935.0,4964.453772898232,4848.890617417009
2020-06-17 03:00:00+00:00,5410.0,5233.954584819523,5070.178135033242
2020-06-17 04:00:00+00:00,6487.999999999999,5886.939506110536,5707.666610272126
2020-06-17 05:00:00+00:00,7303.000000000001,6968.774360160606,6753.150417337424
2020-06-17 06:00:00+00:00,7682.0,7732.445753975262,7483.566313769339
2020-06-17 07:00:00+00:00,7822.000000000001,8076.917171159413,7818.0437663141465
2020-06-17 08:00:00+00:00,8051.000000000001,8196.468633763061,7980.561449369603
2020-06-17 09:00:00+00:00,8277.0,8367.321010636944,8194.765549413847
2020-06-17 10:00:00+00:00,8169.000000000001,8420.370437767333,8306.263533270954
2020-06-17 11:00:00+00:00,8116.0,8263.395214565153,8183.358195282897
2020-06-17 12:00:00+00:00,7901.999999999999,8105.052404390214,8085.036784076693
2020-06-17 13:00:00+00:00,7672.000000000001,7826.983016144331,7890.474487360722
2020-06-17 14:00:00+00:00,7463.0,7552.663332576813,7669.913287534445
2020-06-17 15:00:00+00:00,7388.000000000001,7309.982914802695,7481.677719428156
2020-06-17 16:00:00+00:00,7292.000000000001,7182.224317578698,7385.263559283491
2020-06-17 17:00:00+00:00,7104.000000000001,7043.062788173589,7244.648471805126
2020-06-17 18:00:00+00:00,6831.000000000001,6788.364717910291,7014.89114580753
2020-06-17 19:00:00+00:00,6536.000000000001,6477.398376497749,6723.65457234589
2020-06-17 20:00:00+00:00,6287.0,6233.8959882567815,6437.592806446029
2020-06-17 21:00:00+00:00,5729.000000000001,5977.510632904571,6103.494068943331
2020-06-17 22:00:00+00:00,5402.999999999999,5500.723238513358,5593.482179696024
2020-06-17 23:00:00+00:00,5083.0,5220.886361891763,5259.065350303017
2020-06-18 00:00:00+00:00,5006.0,4984.405560053545,4986.063772976708
2020-06-18 01:00:00+00:00,4879.0,4950.271795841485,4884.979638674466
2020-06-18 02:00:00+00:00,4974.0,4940.225112828853,4792.635623344251
2020-06-18 03:00:00+00:00,5496.0,5131.665696616546,4900.793053440323
2020-06-18 04:00:00+00:00,6569.000000000001,5717.114891834654,5395.488444048844
2020-06-18 05:00:00+00:00,7388.000000000001,6719.477212978096,6316.031646008671
2020-06-18 06:00:00+00:00,7825.000000000001,7457.326557097734,7025.024219569684
2020-06-18 07:00:00+00:00,8002.000000000001,7818.784737563101,7422.195929645443
2020-06-18 08:00:00+00:00,8123.000000000002,8065.673450117714,7620.394492886337
2020-06-18 09:00:00+00:00,8288.0,8131.639133873632,7765.41536415097
2020-06-18 10:00:00+00:00,8018.000000000001,8200.929663348956,7830.72039103389
2020-06-18 11:00:00+00:00,7866.000000000001,7850.658448368712,7573.327962123791
2020-06-18 12:00:00+00:00,7660.0,7644.197459086032,7395.84106321888
2020-06-18 13:00:00+00:00,7497.999999999999,7348.777860467948,7201.340999584584
2020-06-18 14:00:00+00:00,7351.0,7138.889655670164,7057.339976459199
2020-06-18 15:00:00+00:00,7272.0,7039.957104270445,6959.867577905185
2020-06-18 16:00:00+00:00,7214.000000000002,6875.1586543815265,6926.744765708961
2020-06-18 17:00:00+00:00,7087.000000000001,6783.745403251769,6875.973184916101
2020-06-18 18:00:00+00:00,6813.0,6627.61331003539,6751.070688695286
2020-06-18 19:00:00+00:00,6533.000000000001,6419.355658329537,6525.96181510261
2020-06-18 20:00:00+00:00,6299.000000000001,6216.990476379404,6301.931240205952
2020-06-18 21:00:00+00:00,5700.0,5948.207280554686,6001.165909937144
2020-06-18 22:00:00+00:00,5391.0,5448.352304158617,5484.889360442231
2020-06-18 23:00:00+00:00,5069.0,5189.41436533599,5180.733029857011
2020-06-19 00:00:00+00:00,4950.0,4987.305216044352,4919.559530813449
2020-06-19 01:00:00+00:00,4798.0,4924.334003172558,4804.0597414091
2020-06-19 02:00:00+00:00,4923.0,4886.942336483015,4709.657320000633
2020-06-19 03:00:00+00:00,5438.0,5149.528482113548,4917.763099178317
2020-06-19 04:00:00+00:00,6395.000000000002,5794.333709941614,5531.853074087939
2020-06-19 05:00:00+00:00,7249.000000000001,6659.847551217144,6417.981339801351
2020-06-19 06:00:00+00:00,7742.0,7421.594223744488,7154.304177824829
2020-06-19 07:00:00+00:00,7908.0,7847.541784686249,7556.187154646464
2020-06-19 08:00:00+00:00,8013.000000000001,8004.4687947729835,7709.362511466747
2020-06-19 09:00:00+00:00,8063.000000000002,8105.6992351668005,7821.0227479426385
2020-06-19 10:00:00+00:00,7841.999999999999,8149.995107548116,7804.166386225103
2020-06-19 11:00:00+00:00,7622.0,7899.243412325289,7602.778293209615
2020-06-19 12:00:00+00:00,7417.0,7594.740449827202,7394.8253075361645
2020-06-19 13:00:00+00:00,7240.000000000001,7302.881457904023,7215.19556515472
2020-06-19 14:00:00+00:00,7169.000000000001,7089.97948793226,7056.696591935796
2020-06-19 15:00:00+00:00,7159.000000000001,6985.103734380347,7011.412428969821
2020-06-19 16:00:00+00:00,7093.000000000001,6991.80616096747,7000.036030194725
2020-06-19 17:00:00+00:00,6820.000000000001,6878.693326678507,6907.960493702761
2020-06-19 18:00:00+00:00,6510.0,6579.815359103705,6643.906362644305
2020-06-19 19:00:00+00:00,6153.0,6271.840040878887,6368.921692312086
2020-06-19 20:00:00+00:00,5941.999999999999,5946.758645562783,6062.662693521624
2020-06-19 21:00:00+00:00,5447.999999999999,5673.329148134486,5765.688627060226
2020-06-19 22:00:00+00:00,5137.0,5257.633739686293,5314.142477409946
2020-06-19 23:00:00+00:00,4815.0,4990.653697404791,4993.788997852178
2020-06-20 00:00:00+00:00,4672.0,4614.264314118435,4722.222007222789
2020-06-20 01:00:00+00:00,4521.0,4533.861605618863,4570.608621706237
2020-06-20 02:00:00+00:00,4488.0,4487.295233985315,4463.257718077544
2020-06-20 03:00:00+00:00,4576.0,4595.725622593106,4503.18869722207
2020-06-20 04:00:00+00:00,4993.0,4865.504444388183,4722.432946883419
2020-06-20 05:00:00+00:00,5477.999999999999,5374.7110986501075,5185.286597696007
2020-06-20 06:00:00+00:00,6070.000000000002,5894.770047971246,5669.8684070645295
2020-06-20 07:00:00+00:00,6513.0,6429.660718185273,6181.591703051198
2020-06-20 08:00:00+00:00,6760.000000000001,6805.540960217156,6543.273749744803
2020-06-20 09:00:00+00:00,6973.000000000001,6951.294641199609,6756.461009212292
2020-06-20 10:00:00+00:00,6806.000000000001,7053.052538992499,6864.687226640049
2020-06-20 11:00:00+00:00,6590.0,6830.4791153614115,6687.379163299002
2020-06-20 12:00:00+00:00,6422.000000000001,6610.557963019611,6485.938918366688
2020-06-20 13:00:00+00:00,6324.000000000002,6409.312949049341,6340.260979640082
2020-06-20 14:00:00+00:00,6252.000000000001,6266.738258173557,6262.891781583963
2020-06-20 15:00:00+00:00,6288.000000000001,6173.603560660076,6221.43328867412
2020-06-20 16:00:00+00:00,6154.000000000001,6122.750355465842,6234.619355420134
2020-06-20 17:00:00+00:00,5961.000000000002,5900.173895374802,6084.934315992443
2020-06-20 18:00:00+00:00,5790.0,5703.3544814479465,5892.646601126872
2020-06-20 19:00:00+00:00,5578.0,5512.881940060142,5730.316995580027
2020-06-20 20:00:00+00:00,5500.0,5327.87415585981,5556.323333589437
2020-06-20 21:00:00+00:00,5100.0,5175.041271588698,5371.499892351534
2020-06-20 22:00:00+00:00,4835.0,4824.930290213543,4997.682703766347
2020-06-20 23:00:00+00:00,4523.0,4590.900698846249,4711.5490491466135
2020-06-21 00:00:00+00:00,4419.0,4360.479125468567,4447.898430149666
2020-06-21 01:00:00+00:00,4290.0,4324.910564198709,4328.032220017039
2020-06-21 02:00:00+00:00,4260.0,4287.0351552904,4217.483552163844
2020-06-21 03:00:00+00:00,4317.0,4343.220356359318,4206.4681130321
2020-06-21 04:00:00+00:00,4492.0,4508.499176368488,4314.918256548393
2020-06-21 05:00:00+00:00,4862.0,4775.920487957294,4557.725092563395
2020-06-21 06:00:00+00:00,5323.0,5203.550556611408,4966.195129836163
2020-06-21 07:00:00+00:00,5772.000000000001,5695.949593218023,5425.660881353383
2020-06-21 08:00:00+00:00,6214.000000000001,6112.972501621101,5853.43587015719
2020-06-21 09:00:00+00:00,6588.000000000001,6493.807970610808,6252.579070458601
2020-06-21 10:00:00+00:00,6418.0,6722.785518564396,6488.566192745851
2020-06-21 11:00:00+00:00,6223.000000000002,6495.459233971413,6305.246719131026
2020-06-21 12:00:00+00:00,5978.0,6247.856084837456,6116.559067057164
2020-06-21 13:00:00+00:00,5821.999999999999,5958.5806664274605,5903.986362741797
2020-06-21 14:00:00+00:00,5745.000000000001,5779.769443373757,5774.373261159361
2020-06-21 15:00:00+00:00,5839.0,5686.830702452427,5745.933110793707
2020-06-21 16:00:00+00:00,5846.000000000001,5700.447506795854,5821.160819614099
2020-06-21 17:00:00+00:00,5755.000000000001,5629.131310639219,5789.485790642391
2020-06-21 18:00:00+00:00,5634.0,5475.268581620542,5687.428719848169
2020-06-21 19:00:00+00:00,5490.0,5355.095636379898,5555.418003705891
2020-06-21 20:00:00+00:00,5506.0,5247.457887944091,5447.173552333956
2020-06-21 21:00:00+00:00,5143.0,5179.578059629465,5354.412726280606
2020-06-21 22:00:00+00:00,4915.0,4880.7384707315905,5026.48972188978
2020-06-21 23:00:00+00:00,4666.0,4689.035575077747,4786.103558413931
2020-06-22 00:00:00+00:00,4607.0,4669.285380423459,4581.161077390766
2020-06-22 01:00:00+00:00,4504.0,4654.628203818925,4512.250054936543
2020-06-22 02:00:00+00:00,4668.0,4664.568388752017,4457.366746571575
2020-06-22 03:00:00+00:00,5264.0,4956.117341519201,4708.680131501425
2020-06-22 04:00:00+00:00,6353.000000000001,5642.842313315023,5397.493902559966
2020-06-22 05:00:00+00:00,7244.000000000002,6633.233601136042,6409.171566373919
2020-06-22 06:00:00+00:00,7752.0,7447.022104078781,7219.45499444324
2020-06-22 07:00:00+00:00,7978.000000000001,7904.855467525202,7676.048948934833
2020-06-22 08:00:00+00:00,8083.0,8129.182181303076,7914.150559679125
2020-06-22 09:00:00+00:00,8226.000000000002,8241.46499819402,8062.250061324892
2020-06-22 10:00:00+00:00,7991.000000000001,8266.319818959275,8123.193467049067
2020-06-22 11:00:00+00:00,7980.000000000001,7999.713138289588,7910.238584271609
2020-06-22 12:00:00+00:00,7792.000000000001,7888.305198396479,7844.079303138098
2020-06-22 13:00:00+00:00,7645.000000000002,7630.311989228911,7662.302265870011
2020-06-22 14:00:00+00:00,7493.0,7412.6233368026315,7512.495944866879
2020-06-22 15:00:00+00:00,7400.0,7247.053499651326,7399.499007878969
2020-06-22 16:00:00+00:00,7314.000000000001,7097.852834901749,7298.745242478632
2020-06-22 17:00:00+00:00,7141.0,6947.902360831275,7170.971202115088
2020-06-22 18:00:00+00:00,6882.0,6738.387613261515,6969.75713978287
2020-06-22 19:00:00+00:00,6621.000000000001,6529.22263213805,6709.714663210681
2020-06-22 20:00:00+00:00,6314.0,6309.210547688159,6457.359289143555
2020-06-22 21:00:00+00:00,5791.000000000001,5956.085606518659,6098.297154620166
2020-06-22 22:00:00+00:00,5447.999999999999,5520.24496428237,5623.91474346769
2020-06-22 23:00:00+00:00,5196.0,5231.539491397469,5291.447753421509
2020-06-23 00:00:00+00:00,5091.0,5041.294700331588,5082.782600067021
2020-06-23 01:00:00+00:00,4976.0,5043.762914394518,4969.10294224696
2020-06-23 02:00:00+00:00,5044.0,5012.183292781769,4917.180691211977
2020-06-23 03:00:00+00:00,5526.0,5293.338241224232,5122.720035855969
2020-06-23 04:00:00+00:00,6538.0,5955.632681855085,5771.184296526683
2020-06-23 05:00:00+00:00,7309.000000000001,6980.848100488036,6749.500967308036
2020-06-23 06:00:00+00:00,7666.000000000001,7712.390855318065,7441.765570764773
2020-06-23 07:00:00+00:00,7738.000000000002,7972.7736335591535,7747.561709765731
2020-06-23 08:00:00+00:00,7889.0,8039.911688562656,7847.11782877045
2020-06-23 09:00:00+00:00,8024.000000000001,8155.6774118144385,7993.513567179564
2020-06-23 10:00:00+00:00,7846.000000000001,8177.470873301273,8043.818777252906
2020-06-23 11:00:00+00:00,7687.0,7975.929074397489,7895.730945837835
2020-06-23 12:00:00+00:00,7536.000000000002,7744.139437224446,7729.016070168361
2020-06-23 13:00:00+00:00,7405.000000000002,7529.009701583234,7573.496433919735
2020-06-23 14:00:00+00:00,7234.0,7349.18861335119,7427.922157044024
2020-06-23 15:00:00+00:00,7194.999999999999,7141.845238192827,7288.10189203004
2020-06-23 16:00:00+00:00,7187.0,7042.071839659632,7236.124356235196
2020-06-23 17:00:00+00:00,7049.000000000001,6951.385049722995,7167.2621155379165
2020-06-23 18:00:00+00:00,6801.000000000001,6764.669536725293,6988.498738709791
2020-06-23 19:00:00+00:00,6614.0,6531.422795480285,6729.292089329319
2020-06-23 20:00:00+00:00,6356.000000000001,6349.212493251054,6520.4221949704
2020-06-23 21:00:00+00:00,5797.000000000002,6060.08534409201,6174.582682352372
2020-06-23 22:00:00+00:00,5430.0,5604.608093748886,5675.672537257778
2020-06-23 23:00:00+00:00,5126.0,5301.305306763425,5326.460352336113
2020-06-24 00:00:00+00:00,5000.0,5049.754055564106,5068.219037059228
2020-06-24 01:00:00+00:00,4893.0,5026.074824464606,4942.700973735413
2020-06-24 02:00:00+00:00,4990.0,5039.2771911050495,4888.105397537809
2020-06-24 03:00:00+00:00,5453.0,5292.115667066097,5090.7135386925365
2020-06-24 04:00:00+00:00,6479.000000000001,5928.477368972451,5722.901511746448
2020-06-24 05:00:00+00:00,7214.000000000002,6882.797577564843,6698.379404076249
2020-06-24 06:00:00+00:00,7618.000000000002,7540.563722525977,7341.517046529499
2020-06-24 07:00:00+00:00,7714.0,7878.849243367445,7671.96884004729
2020-06-24 08:00:00+00:00,7850.000000000002,7985.017367633191,7799.66921040736
2020-06-24 09:00:00+00:00,7988.000000000001,8104.027649514748,7954.968675188243
2020-06-24 10:00:00+00:00,7828.000000000002,8144.174436960588,8021.396096447455
2020-06-24 11:00:00+00:00,7765.000000000001,7944.956080537287,7881.089924071048
2020-06-24 12:00:00+00:00,7639.000000000001,7802.813920954732,7780.651893425656
2020-06-24 13:00:00+00:00,7533.000000000001,7594.04199109527,7632.220477959339
2020-06-24 14:00:00+00:00,7461.000000000001,7406.301922704978,7499.643758099191
2020-06-24 15:00:00+00:00,7406.0,7283.238425235995,7428.814773361175
2020-06-24 16:00:00+00:00,7339.000000000001,7183.419631004453,7368.656684517177
2020-06-24 17:00:00+00:00,7204.0,7106.499630445606,7271.45468906853
2020-06-24 18:00:00+00:00,6909.0,6887.0531843067965,7098.950350083136
2020-06-24 19:00:00+00:00,6652.0,6591.11184479101,6809.034207666992
2020-06-24 20:00:00+00:00,6425.000000000002,6388.054856823777,6550.823870563868
2020-06-24 21:00:00+00:00,5831.0,6121.314622839166,6230.22865216136
2020-06-24 22:00:00+00:00,5485.0,5604.005087560003,5700.571631662052
2020-06-24 23:00:00+00:00,5188.0,5333.65639924615,5359.271734893054
2020-06-25 00:00:00+00:00,5081.0,5145.371638570184,5115.955341688069
2020-06-25 01:00:00+00:00,4919.0,5085.57988905251,5003.841648029389
2020-06-25 02:00:00+00:00,5044.0,5059.86077306051,4911.017628453559
2020-06-25 03:00:00+00:00,5535.0,5332.950767521239,5142.149965359434
2020-06-25 04:00:00+00:00,6556.000000000002,6019.74743510584,5795.013913861911
2020-06-25 05:00:00+00:00,7385.000000000001,7019.238988406696,6764.8917337035045
2020-06-25 06:00:00+00:00,7813.0,7749.277622475937,7492.314190179807
2020-06-25 07:00:00+00:00,7944.0,8076.776247005787,7849.639845572382
2020-06-25 08:00:00+00:00,8109.000000000001,8198.174508028615,7980.4469320750795
2020-06-25 09:00:00+00:00,8335.0,8273.278060872946,8145.179499640015
2020-06-25 10:00:00+00:00,8182.000000000001,8376.34703242973,8245.45084406088
2020-06-25 11:00:00+00:00,8151.0,8231.804880826056,8097.90447097004
2020-06-25 12:00:00+00:00,7990.0,8178.687482640056,8024.5281127655135
2020-06-25 13:00:00+00:00,7837.0,8003.102297028414,7865.837707529871
2020-06-25 14:00:00+00:00,7686.000000000002,7697.274590951909,7718.597830153285
2020-06-25 15:00:00+00:00,7623.000000000001,7469.96966792747,7587.661545664057
2020-06-25 16:00:00+00:00,7497.000000000001,7424.387310297211,7524.709129893852
2020-06-25 17:00:00+00:00,7244.000000000002,7229.113991267863,7396.504340729539
2020-06-25 18:00:00+00:00,6884.0,6945.656569994756,7133.441998668843
2020-06-25 19:00:00+00:00,6603.0,6620.993558053525,6793.3803763046335
2020-06-25 20:00:00+00:00,6318.000000000001,6400.485948584782,6522.856180723916
2020-06-25 21:00:00+00:00,5764.000000000001,6070.92235443494,6148.759326217738
2020-06-25 22:00:00+00:00,5423.0,5604.437690724319,5653.488796307319
2020-06-25 23:00:00+00:00,5133.999999999999,5315.6546610440455,5315.985636700585
2020-06-26 00:00:00+00:00,5019.0,5093.31372166594,5071.6136434376685
2020-06-26 01:00:00+00:00,4912.0,5030.245664609653,4944.4386653024385
2020-06-26 02:00:00+00:00,4991.0,5045.4258358246625,4900.16198852164
2020-06-26 03:00:00+00:00,5482.000000000001,5284.122420830203,5098.188249412475
2020-06-26 04:00:00+00:00,6408.000000000001,5936.532580073408,5727.541821998993
2020-06-26 05:00:00+00:00,7188.0,6815.027633683385,6641.652168538474
2020-06-26 06:00:00+00:00,7663.000000000001,7532.9054346056655,7345.981803366663
2020-06-26 07:00:00+00:00,7756.000000000001,7932.304342211635,7738.297812908936
2020-06-26 08:00:00+00:00,7925.0,7998.201339339898,7840.128269800497
2020-06-26 09:00:00+00:00,7994.000000000001,8114.580763841801,7991.523658468426
2020-06-26 10:00:00+00:00,7752.0,8059.385902015111,7986.558529273605
2020-06-26 11:00:00+00:00,7545.0,7790.0452473776695,7762.355579615684
2020-06-26 12:00:00+00:00,7358.000000000001,7536.162953641484,7556.978683138269
2020-06-26 13:00:00+00:00,7283.0,7287.551191040476,7372.493529480954
2020-06-26 14:00:00+00:00,7169.000000000001,7148.148145001937,7291.652552785748
2020-06-26 15:00:00+00:00,7137.000000000001,6995.496168403194,7200.979922405935
2020-06-26 16:00:00+00:00,7117.0,6906.94576872733,7154.663993114712
2020-06-26 17:00:00+00:00,6854.0,6806.750380857775,7066.284697933956
2020-06-26 18:00:00+00:00,6538.0,6521.308409206825,6783.705081325686
2020-06-26 19:00:00+00:00,6315.000000000001,6188.800704860344,6458.794894833695
2020-06-26 20:00:00+00:00,6117.0,6069.30181189337,6231.069163680885
2020-06-26 21:00:00+00:00,5569.0,5831.031525268152,5944.901175979662
2020-06-26 22:00:00+00:00,5245.999999999999,5395.195277057375,5454.009467932059
2020-06-26 23:00:00+00:00,4902.0,5134.25969825529,5130.337576540466
2020-06-27 00:00:00+00:00,4752.0,4733.91621502035,4840.109378312208
2020-06-27 01:00:00+00:00,4567.0,4628.540803112501,4691.552161845231
2020-06-27 02:00:00+00:00,4540.0,4565.425540848012,4554.897724787832
2020-06-27 03:00:00+00:00,4677.0,4675.923869410064,4589.8429347435795
2020-06-27 04:00:00+00:00,5066.0,4992.0374885036,4843.966283459585
2020-06-27 05:00:00+00:00,5532.0,5399.715230657209,5285.793331507598
2020-06-27 06:00:00+00:00,6060.0,5863.892508963272,5782.347727125641
2020-06-27 07:00:00+00:00,6411.000000000001,6329.968554570507,6265.777664303498
2020-06-27 08:00:00+00:00,6606.0,6628.99037760567,6585.79797797529
2020-06-27 09:00:00+00:00,6730.999999999999,6788.92827642366,6776.728864822657
2020-06-27 10:00:00+00:00,6522.000000000001,6818.701922418946,6816.833293147163
2020-06-27 11:00:00+00:00,6340.000000000001,6565.433794926855,6604.225191763832
2020-06-27 12:00:00+00:00,6249.000000000001,6318.727547703868,6422.559642015009
2020-06-27 13:00:00+00:00,6206.000000000001,6160.563177720832,6330.284400995192
2020-06-27 14:00:00+00:00,6174.000000000002,6044.931786026807,6275.527261566447
2020-06-27 15:00:00+00:00,6182.000000000002,5963.61941883531,6256.621448881269
2020-06-27 16:00:00+00:00,6056.000000000001,5914.265515485518,6234.17200197581
2020-06-27 17:00:00+00:00,5936.000000000001,5743.695145630382,6082.945908561543
2020-06-27 18:00:00+00:00,5815.000000000001,5604.0115908421185,5936.504310128089
2020-06-27 19:00:00+00:00,5730.0,5455.549454026205,5788.2483641970275
2020-06-27 20:00:00+00:00,5689.0,5386.8821405624785,5695.083154968552
2020-06-27 21:00:00+00:00,5233.0,5314.917839512564,5543.528269274464
2020-06-27 22:00:00+00:00,4940.0,4981.297824568614,5130.808141858059
2020-06-27 23:00:00+00:00,4598.0,4743.55379299469,4826.994786385498
2020-06-28 00:00:00+00:00,4484.0,4490.274539243657,4543.340195053331
2020-06-28 01:00:00+00:00,4352.0,4432.345213733635,4419.711695137485
2020-06-28 02:00:00+00:00,4294.0,4422.771852322015,4314.588323755687
2020-06-28 03:00:00+00:00,4303.0,4489.055536283961,4293.678905572064
2020-06-28 04:00:00+00:00,4513.0,4548.2824924344395,4364.690026719526
2020-06-28 05:00:00+00:00,4891.0,4795.805931155655,4628.197851930441
2020-06-28 06:00:00+00:00,5294.0,5205.795182387822,5038.082293942861
2020-06-28 07:00:00+00:00,5651.0,5602.404087861595,5450.492785900941
2020-06-28 08:00:00+00:00,5886.000000000001,5917.972260614783,5815.825874703835
2020-06-28 09:00:00+00:00,6072.000000000001,6118.814202561449,6072.578708083676
2020-06-28 10:00:00+00:00,5909.000000000002,6179.408137798355,6159.5209198445355
2020-06-28 11:00:00+00:00,5733.0,5959.240562464963,5986.895940688511
2020-06-28 12:00:00+00:00,5592.0,5726.51557426031,5801.664883677215
2020-06-28 13:00:00+00:00,5547.0,5527.624713529137,5663.548519346684
2020-06-28 14:00:00+00:00,5630.0,5412.188934066942,5612.605054751253
2020-06-28 15:00:00+00:00,5770.000000000002,5440.569056598633,5692.916219499584
2020-06-28 16:00:00+00:00,5898.000000000002,5523.539370111094,5787.638270073261
2020-06-28 17:00:00+00:00,5877.0,5577.773318237645,5854.493497901019
2020-06-28 18:00:00+00:00,5800.000000000002,5518.7411933324665,5805.736640334984
2020-06-28 19:00:00+00:00,5805.000000000001,5452.972136584668,5713.957357852298
2020-06-28 20:00:00+00:00,5793.0,5500.308255275483,5717.715032739915
2020-06-28 21:00:00+00:00,5316.999999999999,5405.341207266899,5601.912562026356
2020-06-28 22:00:00+00:00,5096.0,5025.889328324563,5184.186726224206
2020-06-28 23:00:00+00:00,4856.0,4848.6721054095615,4946.079087147695
2020-06-29 00:00:00+00:00,4822.0,4857.131568971484,4749.20014455026
2020-06-29 01:00:00+00:00,4704.0,4839.214807816299,4693.68034883407
2020-06-29 02:00:00+00:00,4811.0,4843.330617053025,4635.219193366942
2020-06-29 03:00:00+00:00,5373.0,5078.638653727499,4833.409160940868
2020-06-29 04:00:00+00:00,6556.000000000002,5730.238464284634,5479.769108547349
2020-06-29 05:00:00+00:00,7501.0,6853.455368184441,6556.218779885199
2020-06-29 06:00:00+00:00,8099.0,7725.623297311497,7383.298736954311
2020-06-29 07:00:00+00:00,8355.000000000002,8275.74946363223,7895.540365501671
2020-06-29 08:00:00+00:00,8658.000000000002,8508.096491947017,8122.891542436347
2020-06-29 09:00:00+00:00,8922.000000000002,8756.838793081099,8388.660784519558
2020-06-29 10:00:00+00:00,8754.0,8855.991397789656,8523.912927340007
2020-06-29 11:00:00+00:00,8590.0,8601.71370815537,8385.133300256863
2020-06-29 12:00:00+00:00,8328.0,8419.59362954001,8216.686790225343
2020-06-29 13:00:00+00:00,8114.999999999999,8150.783702881921,7991.626373919042
2020-06-29 14:00:00+00:00,7790.000000000002,7834.793392087589,7811.311409095449
2020-06-29 15:00:00+00:00,7550.0,7493.662830682602,7564.676749305253
2020-06-29 16:00:00+00:00,7321.0,7235.0409355689335,7380.986963122978
2020-06-29 17:00:00+00:00,7113.000000000002,6977.885570786478,7176.684382144969
2020-06-29 18:00:00+00:00,6790.000000000001,6750.501306542527,6966.409901854287
2020-06-29 19:00:00+00:00,6524.0,6445.846532882861,6677.373357700511
2020-06-29 20:00:00+00:00,6313.000000000002,6270.441871427126,6419.76304048624
2020-06-29 21:00:00+00:00,5772.000000000001,5999.695348432736,6124.268514283158
2020-06-29 22:00:00+00:00,5492.0,5548.236712048279,5641.3436668978475
2020-06-29 23:00:00+00:00,5184.0,5325.237412437002,5367.031710986152
2020-06-30 00:00:00+00:00,5088.0,5116.647372291433,5117.069983518638
2020-06-30 01:00:00+00:00,4946.0,5077.748463810377,5014.621951198419
2020-06-30 02:00:00+00:00,5034.0,5043.6946417109775,4931.910225604237
2020-06-30 03:00:00+00:00,5535.0,5292.881113121222,5135.407273719137
2020-06-30 04:00:00+00:00,6565.0,5966.423259867821,5795.411420675323
2020-06-30 05:00:00+00:00,7354.0,6931.505957149411,6778.2954568273435
2020-06-30 06:00:00+00:00,7821.0,7662.279663837662,7475.06962941569
2020-06-30 07:00:00+00:00,7958.000000000001,8043.781147169473,7852.257278322471
2020-06-30 08:00:00+00:00,8151.0,8175.6304650069305,8006.074109956084
2020-06-30 09:00:00+00:00,8318.0,8353.040539848815,8194.9063782355
2020-06-30 10:00:00+00:00,8004.0,8388.512230438533,8269.40499128329
2020-06-30 11:00:00+00:00,7898.000000000001,8051.991913784558,7994.26530001073
2020-06-30 12:00:00+00:00,7712.0,7863.247619071574,7866.234497794507
2020-06-30 13:00:00+00:00,7597.0,7617.566655224243,7687.092592781739
2020-06-30 14:00:00+00:00,7503.000000000001,7415.204483469303,7543.6902480457375
2020-06-30 15:00:00+00:00,7469.0,7261.676392886658,7448.520553695462
2020-06-30 16:00:00+00:00,7381.0,7165.072889854978,7404.510008066684
2020-06-30 17:00:00+00:00,7261.0,7039.563500027529,7296.49768818425
2020-06-30 18:00:00+00:00,6957.000000000001,6887.461149139341,7134.304469109749
2020-06-30 19:00:00+00:00,6768.000000000001,6632.602735557628,6853.293257614378
2020-06-30 20:00:00+00:00,6519.0,6466.254542378062,6646.890507782504
2020-06-30 21:00:00+00:00,5920.000000000002,6178.968054067438,6311.301907216146
2020-06-30 22:00:00+00:00,5550.0,5657.586684472071,5776.423653283603
2020-06-30 23:00:00+00:00,5221.0,5363.748077370687,5420.359527022894
2020-07-01 00:00:00+00:00,5125.0,5162.079487175357,5146.024605515828
2020-07-01 01:00:00+00:00,5028.0,5117.198322965743,5043.320043374703
2020-07-01 02:00:00+00:00,5081.0,5138.930627676621,4998.015869357271
2020-07-01 03:00:00+00:00,5541.0,5359.089311008371,5167.332473068902
2020-07-01 04:00:00+00:00,6567.000000000002,5996.836146309301,5788.329804596975
2020-07-01 05:00:00+00:00,7420.0,6921.049872044954,6749.241657819688
2020-07-01 06:00:00+00:00,7950.000000000001,7676.40690454113,7492.513146798915
2020-07-01 07:00:00+00:00,8088.0,8098.73865022106,7911.814213894459
2020-07-01 08:00:00+00:00,8228.0,8215.05999546773,8055.078363853639
2020-07-01 09:00:00+00:00,8385.000000000002,8327.228977845827,8198.229559644587
2020-07-01 10:00:00+00:00,8227.0,8352.827698795545,8257.942819484562
2020-07-01 11:00:00+00:00,8196.000000000002,8180.1700165793045,8121.170844937428
2020-07-01 12:00:00+00:00,8123.000000000002,8116.7783020176175,8059.16528897233
2020-07-01 13:00:00+00:00,8143.0,7957.7620253569285,7975.6689146745575
2020-07-01 14:00:00+00:00,8121.0,7912.821572029792,7968.948365198349
2020-07-01 15:00:00+00:00,8108.000000000001,7824.139273460361,7939.298416665876
2020-07-01 16:00:00+00:00,8072.0,7743.830162199006,7909.7739007928685
2020-07-01 17:00:00+00:00,7754.000000000001,7701.463581652014,7847.359919762709
2020-07-01 18:00:00+00:00,7239.0,7355.79621856403,7531.682759104926
2020-07-01 19:00:00+00:00,6741.000000000001,6921.766463333222,7087.4261904953155
2020-07-01 20:00:00+00:00,6453.0,6493.247250557006,6657.052770789009
2020-07-01 21:00:00+00:00,5888.0,6176.219900839676,6281.370887125467
2020-07-01 22:00:00+00:00,5561.0,5702.39095853321,5768.81853980693
2020-07-01 23:00:00+00:00,5255.0,5418.435326380606,5444.168526257942
2020-07-02 00:00:00+00:00,5180.0,5210.293601110531,5190.532717603292
2020-07-02 01:00:00+00:00,5037.0,5170.814557175619,5095.733504566004
2020-07-02 02:00:00+00:00,5107.0,5144.649907394033,5019.5133088451585
2020-07-02 03:00:00+00:00,5561.0,5370.892870022749,5203.792016720876
2020-07-02 04:00:00+00:00,6596.000000000001,6010.025702064894,5819.078440889477
2020-07-02 05:00:00+00:00,7426.999999999999,7008.979990748237,6810.206754008429
2020-07-02 06:00:00+00:00,7844.000000000001,7737.251752480096,7546.863827706587
2020-07-02 07:00:00+00:00,8030.000000000002,8082.54452625739,7890.091433666701
2020-07-02 08:00:00+00:00,8250.0,8244.561559457457,8070.381901807026
2020-07-02 09:00:00+00:00,8386.0,8428.973717772893,8289.1313064173
2020-07-02 10:00:00+00:00,8225.0,8465.161291529106,8346.645433272774
2020-07-02 11:00:00+00:00,8195.0,8291.217652833877,8219.717883261224
2020-07-02 12:00:00+00:00,8121.0,8196.07014389165,8160.026993347313
2020-07-02 13:00:00+00:00,8100.000000000001,8033.882863828414,8076.642194365145
2020-07-02 14:00:00+00:00,7984.0,8039.545901687531,8029.433498020937
2020-07-02 15:00:00+00:00,7919.0,7879.9708365521,7930.573353602043
2020-07-02 16:00:00+00:00,7804.0,7714.044279419806,7854.909150639208
2020-07-02 17:00:00+00:00,7530.000000000001,7484.396533964131,7695.72815478313
2020-07-02 18:00:00+00:00,7128.000000000001,7203.6761431995055,7383.335172921044
2020-07-02 19:00:00+00:00,6828.000000000001,6853.675364446021,6993.862313496899
2020-07-02 20:00:00+00:00,6502.0,6569.146625405515,6694.58329959526
2020-07-02 21:00:00+00:00,5947.000000000001,6197.402462783992,6301.525498088589
2020-07-02 22:00:00+00:00,5559.0,5693.435924117852,5800.601810753614
2020-07-02 23:00:00+00:00,5245.999999999999,5347.824248364449,5434.435090682482
2020-07-03 00:00:00+00:00,5137.0,5171.34052736554,5175.648657008123
2020-07-03 01:00:00+00:00,5009.0,5117.212357260858,5063.299036756764
2020-07-03 02:00:00+00:00,5076.0,5087.051328319168,4990.230917148925
2020-07-03 03:00:00+00:00,5576.0,5318.532181855699,5171.840892322545
2020-07-03 04:00:00+00:00,6621.000000000001,6002.1139043567655,5802.707492954857
2020-07-03 05:00:00+00:00,7494.000000000001,7045.1445956334455,6789.752991639272
2020-07-03 06:00:00+00:00,7977.000000000001,7860.050666649089,7558.079593686121
2020-07-03 07:00:00+00:00,8180.000000000001,8265.585823006491,7945.945214983801
2020-07-03 08:00:00+00:00,8282.0,8476.655249761883,8145.638319709443
2020-07-03 09:00:00+00:00,8318.0,8581.768765743753,8244.735025313512
2020-07-03 10:00:00+00:00,8040.000000000001,8496.331680704268,8210.741915904207
2020-07-03 11:00:00+00:00,7836.000000000001,8164.187360586345,7962.760652041241
2020-07-03 12:00:00+00:00,7618.000000000002,7933.408892733155,7769.817507169112
2020-07-03 13:00:00+00:00,7449.0,7656.681804828461,7592.908269274699
2020-07-03 14:00:00+00:00,7302.0,7418.314212619343,7437.023267987963
2020-07-03 15:00:00+00:00,7275.0,7264.0568549332775,7317.528553423664
2020-07-03 16:00:00+00:00,7103.0,7186.940211831012,7284.873309851617
2020-07-03 17:00:00+00:00,6817.000000000001,6919.821475467823,7085.077599076272
2020-07-03 18:00:00+00:00,6497.0,6646.020189293209,6781.159356710667
2020-07-03 19:00:00+00:00,6252.000000000001,6330.989789902234,6478.532019061526
2020-07-03 20:00:00+00:00,6071.0,6079.7482864311405,6234.069121713383
2020-07-03 21:00:00+00:00,5576.0,5837.22093842307,5949.539375039897
2020-07-03 22:00:00+00:00,5285.0,5396.209363472066,5491.63837939443
2020-07-03 23:00:00+00:00,4945.0,5146.611427192208,5185.279081923794
2020-07-04 00:00:00+00:00,4802.0,4794.51194980419,4897.045501925914
2020-07-04 01:00:00+00:00,4653.0,4696.832378394387,4745.256911075365
2020-07-04 02:00:00+00:00,4614.0,4651.127172161524,4635.357956809385
2020-07-04 03:00:00+00:00,4766.0,4750.068234849681,4671.925474615185
2020-07-04 04:00:00+00:00,5178.0,5073.479820387617,4940.543624777362
2020-07-04 05:00:00+00:00,5678.0,5509.512511359649,5402.554579831934
2020-07-04 06:00:00+00:00,6120.0,6029.519904819623,5911.947954174326
2020-07-04 07:00:00+00:00,6444.000000000002,6441.009169709451,6322.134790484467
2020-07-04 08:00:00+00:00,6612.0,6712.189181216808,6606.800885657519
2020-07-04 09:00:00+00:00,6805.0,6830.39338422868,6757.792756445932
2020-07-04 10:00:00+00:00,6599.999999999999,6887.9144247014965,6836.767895873056
2020-07-04 11:00:00+00:00,6386.000000000001,6642.238032436071,6634.079881815163
2020-07-04 12:00:00+00:00,6203.000000000001,6409.114141142387,6441.841447729733
2020-07-04 13:00:00+00:00,6086.000000000001,6171.298435252253,6285.692263636293
2020-07-04 14:00:00+00:00,6004.000000000001,5991.208864589819,6181.947283795049
2020-07-04 15:00:00+00:00,6045.000000000001,5872.340854366448,6121.038559912157
2020-07-04 16:00:00+00:00,5935.0,5820.418787852857,6112.866032961797
2020-07-04 17:00:00+00:00,5829.000000000001,5673.275729696166,5986.191641145046
2020-07-04 18:00:00+00:00,5715.0,5556.059465108694,5859.696267916821
2020-07-04 19:00:00+00:00,5664.999999999999,5463.946334512427,5740.215585161762
2020-07-04 20:00:00+00:00,5622.0,5454.968855010067,5681.452808937226
2020-07-04 21:00:00+00:00,5200.999999999999,5322.874535546038,5521.294064699198
2020-07-04 22:00:00+00:00,4921.0,4970.282453299721,5131.159914086014
2020-07-04 23:00:00+00:00,4595.0,4714.838874926088,4831.225664559967
2020-07-05 00:00:00+00:00,4506.0,4514.119059818592,4557.8709711741085
2020-07-05 01:00:00+00:00,4331.0,4461.009158754844,4454.761681930546
2020-07-05 02:00:00+00:00,4298.0,4385.361503369714,4311.513681626009
2020-07-05 03:00:00+00:00,4293.0,4450.79663610587,4300.555641241828
2020-07-05 04:00:00+00:00,4510.0,4562.249556926405,4369.982449667322
2020-07-05 05:00:00+00:00,4902.0,4795.884159256639,4642.802688926255
2020-07-05 06:00:00+00:00,5271.0,5199.781062988383,5044.8730370394605
2020-07-05 07:00:00+00:00,5563.0,5559.63451236371,5411.887018388792
2020-07-05 08:00:00+00:00,5769.000000000001,5813.72855164296,5686.107391426855
2020-07-05 09:00:00+00:00,5955.000000000001,5985.156473539839,5889.226736071299
2020-07-05 10:00:00+00:00,5754.0,6046.719442153203,5977.845633457109
2020-07-05 11:00:00+00:00,5593.999999999999,5782.660958562745,5778.603615712087
2020-07-05 12:00:00+00:00,5447.999999999999,5560.169364579802,5618.848238014175
2020-07-05 13:00:00+00:00,5436.0,5363.155487034421,5493.5378488222195
2020-07-05 14:00:00+00:00,5468.0,5306.493196446901,5494.944739745555
2020-07-05 15:00:00+00:00,5604.0,5316.024385165725,5549.427381099044
2020-07-05 16:00:00+00:00,5768.0,5381.362431772258,5666.5316490664345
2020-07-05 17:00:00+00:00,5840.999999999999,5472.39187526433,5774.871587250454
2020-07-05 18:00:00+00:00,5828.0,5502.576331164676,5804.547102145229
2020-07-05 19:00:00+00:00,5840.000000000001,5476.266059032192,5792.196656084571
2020-07-05 20:00:00+00:00,5853.0,5569.79493887374,5795.382095775887
2020-07-05 21:00:00+00:00,5435.0,5496.301224801677,5678.12172737289
2020-07-05 22:00:00+00:00,5185.0,5149.15912846578,5305.447460272272
2020-07-05 23:00:00+00:00,4909.0,4940.3149271682105,5049.03614578541
2020-07-06 00:00:00+00:00,4809.0,4888.8775566599625,4832.572178232552
2020-07-06 01:00:00+00:00,4700.0,4876.249991649957,4722.257042770219
2020-07-06 02:00:00+00:00,4867.0,4873.247738840289,4660.958142015181
2020-07-06 03:00:00+00:00,5373.0,5160.834805966837,4895.437120652863
2020-07-06 04:00:00+00:00,6515.000000000002,5777.209793221252,5519.880579484397
2020-07-06 05:00:00+00:00,7402.000000000001,6794.9825359765455,6578.000124104864
2020-07-06 06:00:00+00:00,7849.000000000001,7600.858688946601,7377.765768507653
2020-07-06 07:00:00+00:00,8030.000000000002,8007.103477515059,7779.978446460335
2020-07-06 08:00:00+00:00,8253.0,8188.802114373628,7989.399916477533
2020-07-06 09:00:00+00:00,8489.0,8382.132349159958,8220.4173956278
2020-07-06 10:00:00+00:00,8342.0,8474.803660987667,8345.505214853876
2020-07-06 11:00:00+00:00,8326.0,8272.519236103732,8192.86701013573
2020-07-06 12:00:00+00:00,8256.000000000002,8154.466681444325,8118.11467066722
2020-07-06 13:00:00+00:00,8236.0,8047.896718893271,8023.609641862399
2020-07-06 14:00:00+00:00,8146.0,7935.232867893337,7946.898495476872
2020-07-06 15:00:00+00:00,7921.000000000002,7847.662542595147,7843.539255021345
2020-07-06 16:00:00+00:00,7734.000000000001,7595.074223710983,7645.183572515093
2020-07-06 17:00:00+00:00,7478.000000000001,7420.978327731593,7471.999407098292
2020-07-06 18:00:00+00:00,7099.000000000001,7132.269307198566,7218.585105917723
2020-07-06 19:00:00+00:00,6621.000000000001,6774.669246432006,6887.936345454585
2020-07-06 20:00:00+00:00,6307.000000000001,6347.499567266567,6495.464942392884
2020-07-06 21:00:00+00:00,5780.000000000001,5980.407771119613,6125.041360438848
2020-07-06 22:00:00+00:00,5461.0,5607.188398732769,5662.748472676938
2020-07-06 23:00:00+00:00,5136.0,5340.616344848777,5345.848379195489
2020-07-07 00:00:00+00:00,5062.0,5126.76833625997,5080.150911737853
2020-07-07 01:00:00+00:00,4933.0,5091.713687673288,4989.183316357877
2020-07-07 02:00:00+00:00,5049.0,5089.768668912946,4924.575750173055
2020-07-07 03:00:00+00:00,5495.0,5361.397135167688,5148.188196677089
2020-07-07 04:00:00+00:00,6453.0,6014.853472194782,5768.21319273667
2020-07-07 05:00:00+00:00,7226.0,6932.923606695511,6697.321203299827
2020-07-07 06:00:00+00:00,7598.999999999999,7661.534643355276,7392.768876789375
2020-07-07 07:00:00+00:00,7679.0,7981.3176020506235,7708.087320070151
2020-07-07 08:00:00+00:00,7836.000000000001,8076.068231836823,7822.282507233893
2020-07-07 09:00:00+00:00,8038.000000000001,8203.218051196282,7988.900421329376
2020-07-07 10:00:00+00:00,7837.0,8252.656797991061,8063.650703540236
2020-07-07 11:00:00+00:00,7744.0,8009.809554338764,7893.4452781911905
2020-07-07 12:00:00+00:00,7568.000000000001,7851.624723804618,7782.605221450646
2020-07-07 13:00:00+00:00,7437.999999999999,7621.026949784834,7628.665325934723
2020-07-07 14:00:00+00:00,7268.000000000001,7429.052924562492,7507.403913537097
2020-07-07 15:00:00+00:00,7212.0,7208.212887425963,7358.414090144928
2020-07-07 16:00:00+00:00,7164.999999999999,7082.524748825374,7285.403499674444
2020-07-07 17:00:00+00:00,7095.0,6980.311420953646,7207.406830605623
2020-07-07 18:00:00+00:00,6854.0,6855.36184505345,7066.505343777785
2020-07-07 19:00:00+00:00,6655.0,6591.628444925586,6815.26335586007
2020-07-07 20:00:00+00:00,6418.0,6467.613176008888,6595.44768770728
2020-07-07 21:00:00+00:00,5794.000000000001,6174.652315526142,6261.76590912789
2020-07-07 22:00:00+00:00,5480.0,5648.513769899885,5704.926040835471
2020-07-07 23:00:00+00:00,5214.0,5378.4735646918025,5383.764267030611
2020-07-08 00:00:00+00:00,5073.999999999999,5218.494270481679,5163.412199223179
2020-07-08 01:00:00+00:00,4976.0,5145.333590931121,5031.329276276274
2020-07-08 02:00:00+00:00,5064.0,5147.996824180473,4978.645634591158
2020-07-08 03:00:00+00:00,5473.0,5378.004022864707,5168.91843062359
2020-07-08 04:00:00+00:00,6410.0,5960.077065763608,5746.936633881888
2020-07-08 05:00:00+00:00,7216.000000000001,6840.26299449588,6664.692804688818
2020-07-08 06:00:00+00:00,7600.0,7565.700244418226,7391.3563410214165
2020-07-08 07:00:00+00:00,7744.0,7873.354047650961,7707.315979706199
2020-07-08 08:00:00+00:00,7874.000000000001,7995.798194875187,7853.045753930934
2020-07-08 09:00:00+00:00,8043.999999999999,8103.85282695526,7995.284866259304
2020-07-08 10:00:00+00:00,7854.0,8149.522789494399,8073.537614627118
2020-07-08 11:00:00+00:00,7756.000000000001,7932.837131356482,7920.5744852823955
2020-07-08 12:00:00+00:00,7604.000000000001,7768.616091672713,7820.587199717093
2020-07-08 13:00:00+00:00,7508.000000000001,7572.676438934666,7702.920614454291
2020-07-08 14:00:00+00:00,7412.000000000001,7413.964192300172,7615.029303822083
2020-07-08 15:00:00+00:00,7447.0,7282.687547282517,7537.604242995081
2020-07-08 16:00:00+00:00,7388.000000000001,7271.91613376962,7552.623724118889
2020-07-08 17:00:00+00:00,7202.000000000001,7157.981550026447,7440.576677518859
2020-07-08 18:00:00+00:00,6919.000000000002,6910.60971949145,7182.873055234834
2020-07-08 19:00:00+00:00,6712.0,6609.938245062137,6860.41358492601
2020-07-08 20:00:00+00:00,6416.999999999999,6473.204812228204,6632.798522482137
2020-07-08 21:00:00+00:00,5828.0,6130.02298168913,6255.855230309091
2020-07-08 22:00:00+00:00,5506.0,5647.570431532785,5733.70390757074
2020-07-08 23:00:00+00:00,5146.0,5381.13768699058,5415.727241127085
2020-07-09 00:00:00+00:00,5050.0,5132.071785984535,5125.402146409986
2020-07-09 01:00:00+00:00,4927.0,5080.427235076881,5018.861084399426
2020-07-09 02:00:00+00:00,4990.0,5085.276569404696,4949.04202279636
2020-07-09 03:00:00+00:00,5464.0,5299.869560608997,5116.912640355208
2020-07-09 04:00:00+00:00,6479.000000000001,5941.567810041781,5742.928519463907
2020-07-09 05:00:00+00:00,7291.0,6881.893144452528,6716.1805574520595
2020-07-09 06:00:00+00:00,7665.0,7599.888540918263,7425.585293814568
2020-07-09 07:00:00+00:00,7797.000000000001,7924.593083663491,7748.627550700353
2020-07-09 08:00:00+00:00,7938.0,8045.844223682767,7899.420630743341
2020-07-09 09:00:00+00:00,8070.000000000001,8156.605691651686,8043.135162040714
2020-07-09 10:00:00+00:00,7882.000000000001,8175.74444090372,8093.684530400942
2020-07-09 11:00:00+00:00,7910.000000000002,7960.7188865666185,7942.012664057752
2020-07-09 12:00:00+00:00,7885.000000000001,7882.2242060115095,7936.322865108211
2020-07-09 13:00:00+00:00,7773.000000000001,7790.262726325574,7906.490533661988
2020-07-09 14:00:00+00:00,7622.0,7630.100706629021,7793.749306692574
2020-07-09 15:00:00+00:00,7530.000000000001,7456.1093308302325,7672.44120318819
2020-07-09 16:00:00+00:00,7442.000000000001,7314.273149498703,7577.397533845439
2020-07-09 17:00:00+00:00,7226.0,7165.937069599895,7443.956589872269
2020-07-09 18:00:00+00:00,6917.0,6912.440839334133,7183.507123320987
2020-07-09 19:00:00+00:00,6757.000000000001,6648.028008093221,6880.76670394585
2020-07-09 20:00:00+00:00,6530.0,6477.071398673737,6675.7322894105955
2020-07-09 21:00:00+00:00,6000.0,6219.819603022785,6353.459900442741
2020-07-09 22:00:00+00:00,5608.0,5759.319839689387,5861.948078390179
2020-07-09 23:00:00+00:00,5259.0,5448.500575034942,5483.965485623276
2020-07-10 00:00:00+00:00,5116.0,5243.691398800948,5198.3195514270665
2020-07-10 01:00:00+00:00,4949.0,5179.652462274344,5058.315611052821
2020-07-10 02:00:00+00:00,5031.0,5144.065233596812,4953.65080305476
2020-07-10 03:00:00+00:00,5445.0,5395.274976533872,5149.613068174189
2020-07-10 04:00:00+00:00,6436.000000000002,6005.925095368225,5739.426618535661
2020-07-10 05:00:00+00:00,7244.000000000002,6894.679724146743,6703.841977955953
2020-07-10 06:00:00+00:00,7723.0,7583.766946164684,7422.682519683687
2020-07-10 07:00:00+00:00,7935.0,7975.54358505349,7825.412937270263
2020-07-10 08:00:00+00:00,8126.0,8131.88366236786,8012.368031354968
2020-07-10 09:00:00+00:00,8235.0,8252.039613665655,8170.050746506984
2020-07-10 10:00:00+00:00,7936.000000000001,8223.108383402947,8180.540869732462
2020-07-10 11:00:00+00:00,7718.000000000001,7912.33499530681,7922.150588564003
2020-07-10 12:00:00+00:00,7554.000000000001,7662.175436618625,7716.478616735243
2020-07-10 13:00:00+00:00,7488.0,7437.189486301555,7553.652061227349
2020-07-10 14:00:00+00:00,7409.0,7292.565162627511,7464.316510220469
2020-07-10 15:00:00+00:00,7466.0,7178.841246240629,7393.825442680866
2020-07-10 16:00:00+00:00,7364.000000000002,7166.5452521586185,7394.772195614288
2020-07-10 17:00:00+00:00,7085.000000000001,7000.8509356139675,7246.349544120524
2020-07-10 18:00:00+00:00,6691.0,6767.8907995220015,6953.9164484698385
2020-07-10 19:00:00+00:00,6414.000000000002,6430.775065072262,6603.175516167788
2020-07-10 20:00:00+00:00,6197.0,6210.653307326196,6346.119674550548
2020-07-10 21:00:00+00:00,5699.000000000001,5928.220576115615,6047.589187164505
2020-07-10 22:00:00+00:00,5346.0,5519.303515262577,5593.562675103693
2020-07-10 23:00:00+00:00,4977.0,5213.86604113348,5239.673005426973
2020-07-11 00:00:00+00:00,4833.0,4797.964115294836,4928.926766076515
2020-07-11 01:00:00+00:00,4647.0,4711.793207503122,4780.618275583364
2020-07-11 02:00:00+00:00,4612.0,4684.120162785522,4642.265884221145
2020-07-11 03:00:00+00:00,4733.0,4789.459032590835,4678.232620954384
2020-07-11 04:00:00+00:00,5154.0,5078.7216392627415,4924.544735089827
2020-07-11 05:00:00+00:00,5662.0,5571.657340531907,5395.027520790505
2020-07-11 06:00:00+00:00,6242.000000000002,6090.19292300215,5892.890235060557
2020-07-11 07:00:00+00:00,6689.999999999999,6626.498942103176,6399.9052119767985
2020-07-11 08:00:00+00:00,7022.999999999999,6975.56198278741,6777.197860180899
2020-07-11 09:00:00+00:00,7364.000000000002,7315.498033159647,7068.689238106449
2020-07-11 10:00:00+00:00,7308.0,7504.336956879224,7255.774197853811
2020-07-11 11:00:00+00:00,7030.000000000001,7366.986998038044,7155.309601324431
2020-07-11 12:00:00+00:00,6844.0,7092.534574532113,6901.86796069435
2020-07-11 13:00:00+00:00,6698.000000000002,6840.109004492661,6736.677202846781
2020-07-11 14:00:00+00:00,6613.000000000001,6649.8278881894785,6606.87805337317
2020-07-11 15:00:00+00:00,6557.0,6543.620541781596,6556.781448775161
2020-07-11 16:00:00+00:00,6314.0,6432.435320851387,6485.824023363948
2020-07-11 17:00:00+00:00,6042.000000000001,6137.919681087902,6264.681279889235
2020-07-11 18:00:00+00:00,5765.0,5848.437139290573,6011.879318541445
2020-07-11 19:00:00+00:00,5556.0,5580.77410754562,5777.059324332844
2020-07-11 20:00:00+00:00,5456.000000000001,5381.549719730282,5598.207159538005
2020-07-11 21:00:00+00:00,5026.0,5218.753471087566,5402.844862449781
2020-07-11 22:00:00+00:00,4768.0,4856.617621120192,5003.936100857434
2020-07-11 23:00:00+00:00,4476.0,4605.287775062716,4721.139235171252
2020-07-12 00:00:00+00:00,4425.0,4409.684504339172,4477.675089919029
2020-07-12 01:00:00+00:00,4266.0,4387.999906917681,4391.11626584897
2020-07-12 02:00:00+00:00,4287.0,4321.11086252195,4264.912906630132
2020-07-12 03:00:00+00:00,4352.0,4419.223879052393,4288.517844632402
2020-07-12 04:00:00+00:00,4500.0,4599.326291259756,4411.509878521735
2020-07-12 05:00:00+00:00,4846.0,4809.742212862907,4636.989163333107
2020-07-12 06:00:00+00:00,5234.999999999999,5193.135723789596,5008.941338426479
2020-07-12 07:00:00+00:00,5585.0,5574.518771552018,5387.116413954085
2020-07-12 08:00:00+00:00,5870.000000000001,5888.46986242303,5710.72377733707
2020-07-12 09:00:00+00:00,6073.000000000002,6134.225741882579,5983.149459393274
2020-07-12 10:00:00+00:00,5859.000000000001,6227.240089271731,6087.970697108581
2020-07-12 11:00:00+00:00,5631.0,5967.437049486399,5877.422978347452
2020-07-12 12:00:00+00:00,5460.0,5699.348202317382,5666.367858256895
2020-07-12 13:00:00+00:00,5350.0,5492.7473102759695,5526.971931391905
2020-07-12 14:00:00+00:00,5345.0,5344.464738501788,5445.841342935598
2020-07-12 15:00:00+00:00,5426.000000000001,5301.601805079499,5464.861133114859
2020-07-12 16:00:00+00:00,5548.0,5317.37475011163,5538.505320626938
2020-07-12 17:00:00+00:00,5603.0,5365.31483189544,5622.004775820822
2020-07-12 18:00:00+00:00,5577.0,5367.43144132328,5638.755862722717
2020-07-12 19:00:00+00:00,5530.0,5345.507919017619,5606.12116747065
2020-07-12 20:00:00+00:00,5570.0,5349.581022221432,5566.546109596245
2020-07-12 21:00:00+00:00,5170.0,5314.216440215331,5480.0003811241695
2020-07-12 22:00:00+00:00,4963.0,4971.237073353794,5116.445646474986
2020-07-12 23:00:00+00:00,4705.0,4792.101143168315,4887.057647689128
2020-07-13 00:00:00+00:00,4633.0,4842.603160771187,4673.557043059217
2020-07-13 01:00:00+00:00,4530.0,4811.6570140789445,4586.830565576368
2020-07-13 02:00:00+00:00,4637.0,4831.349452664194,4545.991679197904
2020-07-13 03:00:00+00:00,5181.0,5066.863580747376,4730.484582390461
2020-07-13 04:00:00+00:00,6190.000000000001,5695.602363374761,5369.428819194828
2020-07-13 05:00:00+00:00,7003.000000000001,6568.348118489492,6314.654561229922
2020-07-13 06:00:00+00:00,7426.999999999999,7269.513088691765,7031.394343983777
2020-07-13 07:00:00+00:00,7572.0,7634.042425230194,7406.112069482821
2020-07-13 08:00:00+00:00,7740.999999999999,7774.155984177332,7579.06763408497
2020-07-13 09:00:00+00:00,7965.0,7918.044015349351,7766.016771790289
2020-07-13 10:00:00+00:00,7776.000000000001,8008.812464182397,7885.402175345091
2020-07-13 11:00:00+00:00,7648.000000000002,7785.500204304087,7726.123652692428
2020-07-13 12:00:00+00:00,7508.999999999999,7602.970784293722,7605.285962031467
2020-07-13 13:00:00+00:00,7433.0,7412.835089979418,7490.9623293410405
2020-07-13 14:00:00+00:00,7248.0,7274.052568409538,7417.002482703359
2020-07-13 15:00:00+00:00,7191.000000000001,7052.26533092581,7242.502257922535
2020-07-13 16:00:00+00:00,7162.000000000002,6946.531040802832,7172.801103144842
2020-07-13 17:00:00+00:00,7031.000000000002,6859.73939174055,7104.831266722383
2020-07-13 18:00:00+00:00,6753.0,6689.631758310782,6931.166691607539
2020-07-13 19:00:00+00:00,6537.000000000002,6446.08238053965,6628.0507080732805
2020-07-13 20:00:00+00:00,6257.0,6277.275380477325,6409.799439163519
2020-07-13 21:00:00+00:00,5666.0,5970.115727802315,6068.563125592439
2020-07-13 22:00:00+00:00,5346.999999999999,5480.233675255898,5554.721086391925
2020-07-13 23:00:00+00:00,5073.0,5210.889108030542,5235.814078363354
2020-07-14 00:00:00+00:00,4967.0,5043.789868996155,5014.1485725869425
2020-07-14 01:00:00+00:00,4837.0,4999.362680806348,4902.705100788397
2020-07-14 02:00:00+00:00,4948.0,4990.769458229596,4838.390021729955
2020-07-14 03:00:00+00:00,5405.0,5258.372283885227,5050.269153419778
2020-07-14 04:00:00+00:00,6342.000000000001,5894.19443487288,5653.939654221044
2020-07-14 05:00:00+00:00,7244.000000000002,6792.0458904315565,6558.81739743402
2020-07-14 06:00:00+00:00,7527.000000000001,7548.645580761632,7328.6968677798595
2020-07-14 07:00:00+00:00,7630.0,7794.357702730414,7563.778775849149
2020-07-14 08:00:00+00:00,7735.000000000001,7897.090804111272,7683.657228828929
2020-07-14 09:00:00+00:00,7908.0,7997.380932881801,7818.146023580228
2020-07-14 10:00:00+00:00,7725.0,8046.016352982007,7890.941210312733
2020-07-14 11:00:00+00:00,7573.000000000001,7822.7272706616295,7728.103264739598
2020-07-14 12:00:00+00:00,7436.0,7594.254707556698,7570.683915123556
2020-07-14 13:00:00+00:00,7364.000000000002,7396.061157594346,7438.249621490597
2020-07-14 14:00:00+00:00,7284.000000000001,7256.681012688958,7337.3597812702255
2020-07-14 15:00:00+00:00,7265.999999999999,7132.922401563725,7263.043669784727
2020-07-14 16:00:00+00:00,7277.0,7066.95256570388,7238.246271775719
2020-07-14 17:00:00+00:00,7091.000000000002,7023.5647352563865,7222.443819871838
2020-07-14 18:00:00+00:00,6820.000000000001,6814.629975696871,7016.521141712058
2020-07-14 19:00:00+00:00,6578.000000000002,6566.550516513869,6761.174367964508
2020-07-14 20:00:00+00:00,6312.000000000001,6381.6672067337495,6514.714001226901
2020-07-14 21:00:00+00:00,5746.0,6075.435069139624,6149.85431644492
2020-07-14 22:00:00+00:00,5411.000000000001,5596.410218767857,5646.83219616318
2020-07-14 23:00:00+00:00,5099.0,5316.212637872065,5326.6627376109
2020-07-15 00:00:00+00:00,5017.0,5123.4765789214225,5061.278044877309
2020-07-15 01:00:00+00:00,4873.0,5102.387576945689,4971.575536339304
2020-07-15 02:00:00+00:00,4962.0,5084.932215345676,4891.658460718694
2020-07-15 03:00:00+00:00,5428.0,5323.630149040722,5073.340041243115
2020-07-15 04:00:00+00:00,6386.000000000001,5943.838860812099,5673.948774580613
2020-07-15 05:00:00+00:00,7230.000000000001,6856.758274264773,6607.596626325316
2020-07-15 06:00:00+00:00,7600.0,7609.567270898644,7326.270788167274
2020-07-15 07:00:00+00:00,7811.999999999999,7856.000863092003,7634.887295682198
2020-07-15 08:00:00+00:00,8011.000000000002,8022.567822556547,7824.690818762674
2020-07-15 09:00:00+00:00,8215.000000000002,8195.998482038554,8018.084236244903
2020-07-15 10:00:00+00:00,8040.000000000001,8272.16365774187,8116.365978121624
2020-07-15 11:00:00+00:00,7987.0,8063.214422723812,7956.633079550897
2020-07-15 12:00:00+00:00,7916.0,7992.4899477439485,7877.006164390353
2020-07-15 13:00:00+00:00,7858.000000000002,7801.246199512055,7800.249284881716
2020-07-15 14:00:00+00:00,7776.000000000001,7657.665498801208,7732.445778690452
2020-07-15 15:00:00+00:00,7753.0,7592.704499415879,7677.8090478520435
2020-07-15 16:00:00+00:00,7644.000000000001,7562.845159640914,7650.031573912668
2020-07-15 17:00:00+00:00,7384.0,7389.323023721252,7518.719551566169
2020-07-15 18:00:00+00:00,6996.0,7131.769764405368,7250.569694282063
2020-07-15 19:00:00+00:00,6662.000000000001,6765.651771479065,6905.627490746667
2020-07-15 20:00:00+00:00,6342.000000000001,6446.70160300536,6581.025068043653
2020-07-15 21:00:00+00:00,5800.000000000002,6068.275566178707,6185.326998605086
2020-07-15 22:00:00+00:00,5474.0,5610.386855920733,5697.140505337229
2020-07-15 23:00:00+00:00,5224.000000000001,5312.658098655528,5361.970269634381
2020-07-16 00:00:00+00:00,5129.999999999999,5169.8454806736545,5152.781506750756
2020-07-16 01:00:00+00:00,4990.0,5133.9477672266885,5048.216264109516
2020-07-16 02:00:00+00:00,5042.0,5106.672530169095,4964.596392265093
2020-07-16 03:00:00+00:00,5563.999999999999,5315.198706297634,5132.713285919689
2020-07-16 04:00:00+00:00,6528.000000000001,5999.048305274293,5791.654362231212
2020-07-16 05:00:00+00:00,7444.0,6975.966475606227,6726.513239038006
2020-07-16 06:00:00+00:00,7926.000000000001,7732.808979815351,7502.77984192594
2020-07-16 07:00:00+00:00,8103.000000000001,8176.911058027508,7899.679885988074
2020-07-16 08:00:00+00:00,8195.0,8297.66879093923,8073.094368100192
2020-07-16 09:00:00+00:00,8436.0,8401.03692259899,8182.576887343216
2020-07-16 10:00:00+00:00,8174.999999999999,8527.40996755659,8309.063761177285
2020-07-16 11:00:00+00:00,8032.999999999999,8331.286920719775,8118.700002061424
2020-07-16 12:00:00+00:00,7880.000000000002,8126.453643555305,8003.905482874132
2020-07-16 13:00:00+00:00,7790.000000000002,7927.1055763352615,7864.6644236080565
2020-07-16 14:00:00+00:00,7722.0,7790.217384469721,7762.152375608569
2020-07-16 15:00:00+00:00,7658.000000000001,7656.227675949185,7692.0607734841515
2020-07-16 16:00:00+00:00,7536.000000000002,7534.565750820059,7619.166727248556
2020-07-16 17:00:00+00:00,7315.000000000002,7338.811811113264,7466.637671016991
2020-07-16 18:00:00+00:00,6955.0,7045.073883617625,7213.051922640088
2020-07-16 19:00:00+00:00,6576.0,6688.992774274094,6891.048003394266
2020-07-16 20:00:00+00:00,6257.0,6347.015385313082,6542.780199980712
2020-07-16 21:00:00+00:00,5709.999999999999,5992.462615622904,6161.3848128523405
2020-07-16 22:00:00+00:00,5408.0,5504.276139484217,5656.2402691771795
2020-07-16 23:00:00+00:00,5097.0,5244.079022822679,5345.607917910033
2020-07-17 00:00:00+00:00,4972.0,5029.052925283278,5081.255063284617
2020-07-17 01:00:00+00:00,4871.0,4972.544411225284,4945.398356894593
2020-07-17 02:00:00+00:00,4972.0,4982.114235260799,4891.404322980826
2020-07-17 03:00:00+00:00,5457.0,5226.570561633665,5087.837031991599
2020-07-17 04:00:00+00:00,6363.0,5879.666004613038,5715.214991378035
2020-07-17 05:00:00+00:00,7196.0,6837.8455975885745,6612.062071193943
2020-07-17 06:00:00+00:00,7690.0,7635.847539906749,7356.674647781266
2020-07-17 07:00:00+00:00,7875.0,8077.2780563526785,7775.614921625498
2020-07-17 08:00:00+00:00,8072.0,8201.84465315335,7956.683047298762
2020-07-17 09:00:00+00:00,8231.0,8382.823643744583,8141.57243216807
2020-07-17 10:00:00+00:00,7894.0,8412.347093890408,8179.055199034822
2020-07-17 11:00:00+00:00,7734.000000000001,8039.5717726838875,7876.971970656255
2020-07-17 12:00:00+00:00,7532.000000000001,7841.039375923052,7714.970820587443
2020-07-17 13:00:00+00:00,7371.000000000001,7586.832827160091,7546.3946598528355
2020-07-17 14:00:00+00:00,7237.0,7375.365526540103,7407.041905035139
2020-07-17 15:00:00+00:00,7212.0,7242.9329727675695,7314.940379192328
2020-07-17 16:00:00+00:00,7127.0,7135.760477714927,7266.90714645832
2020-07-17 17:00:00+00:00,6836.000000000001,6976.732709422524,7131.96213816697
2020-07-17 18:00:00+00:00,6493.000000000001,6648.712240258227,6812.043696721069
2020-07-17 19:00:00+00:00,6195.000000000001,6355.3841852134965,6475.758067934124
2020-07-17 20:00:00+00:00,5931.000000000002,6058.773563172328,6189.089365473696
2020-07-17 21:00:00+00:00,5480.0,5741.558732815964,5854.107620266789
2020-07-17 22:00:00+00:00,5142.0,5359.788843946054,5429.137402801718
2020-07-17 23:00:00+00:00,4831.0,5061.687284022776,5083.387189332275
2020-07-18 00:00:00+00:00,4704.0,4714.2569277072935,4816.462856239077
2020-07-18 01:00:00+00:00,4535.0,4645.688603378348,4678.300712874113
2020-07-18 02:00:00+00:00,4520.0,4576.7755511995865,4554.686712501226
2020-07-18 03:00:00+00:00,4707.0,4698.508053597238,4604.575923005567
2020-07-18 04:00:00+00:00,5062.0,5049.609943105676,4894.751002872323
2020-07-18 05:00:00+00:00,5608.0,5446.299067005539,5320.19155670949
2020-07-18 06:00:00+00:00,6174.000000000002,6045.584700291656,5874.636055961616
2020-07-18 07:00:00+00:00,6617.0,6610.138810617297,6394.008575735133
2020-07-18 08:00:00+00:00,6907.000000000001,7015.375750776676,6800.95754888656
2020-07-18 09:00:00+00:00,7172.000000000001,7292.490244362567,7094.112236760407
2020-07-18 10:00:00+00:00,6945.0,7428.41580223851,7252.089826446857
2020-07-18 11:00:00+00:00,6680.0,7153.584916572997,7017.495460829333
2020-07-18 12:00:00+00:00,6504.000000000002,6854.489048229239,6770.085207047344
2020-07-18 13:00:00+00:00,6376.000000000002,6622.370941920591,6599.2122917682655
2020-07-18 14:00:00+00:00,6319.0,6425.073575840876,6477.848014315383
2020-07-18 15:00:00+00:00,6290.000000000001,6323.759688681349,6422.766650842785
2020-07-18 16:00:00+00:00,6156.0,6213.574128347883,6346.452471434838
2020-07-18 17:00:00+00:00,5929.0,5996.160016932267,6171.483925060321
2020-07-18 18:00:00+00:00,5779.0,5705.7273961839,5923.185255844016
2020-07-18 19:00:00+00:00,5573.0,5499.765320765685,5748.502331644752
2020-07-18 20:00:00+00:00,5436.999999999999,5299.734233809887,5556.953473353966
2020-07-18 21:00:00+00:00,5022.0,5118.25427131986,5336.925385580526
2020-07-18 22:00:00+00:00,4756.0,4761.590693962951,4954.595944150526
2020-07-18 23:00:00+00:00,4454.0,4533.089178188359,4677.121573037657
2020-07-19 00:00:00+00:00,4376.0,4333.5473376708405,4435.1822524501995
2020-07-19 01:00:00+00:00,4247.0,4302.092999796077,4333.258089846278
2020-07-19 02:00:00+00:00,4228.0,4268.990375847896,4241.406864935583
2020-07-19 03:00:00+00:00,4307.0,4341.82519475766,4254.565645762729
2020-07-19 04:00:00+00:00,4505.0,4515.226808028123,4369.085192297232
2020-07-19 05:00:00+00:00,4920.0,4809.804345210473,4625.065997296925
2020-07-19 06:00:00+00:00,5369.0,5275.610775279376,5050.694594395376
2020-07-19 07:00:00+00:00,5778.000000000002,5732.8770679139125,5484.192458623029
2020-07-19 08:00:00+00:00,6107.0,6108.974734304092,5863.691138270196
2020-07-19 09:00:00+00:00,6364.000000000001,6402.134025840852,6166.125253783629
2020-07-19 10:00:00+00:00,6139.0,6468.09721022296,6295.125517989635
2020-07-19 11:00:00+00:00,5838.000000000002,6155.9900411871695,6064.001462003646
2020-07-19 12:00:00+00:00,5684.000000000001,5833.217892026667,5795.107652417367
2020-07-19 13:00:00+00:00,5562.0,5622.024112741765,5650.118559209502
2020-07-19 14:00:00+00:00,5510.0,5451.113229410387,5554.980849342283
2020-07-19 15:00:00+00:00,5557.000000000001,5362.790117107897,5530.584210637475
2020-07-19 16:00:00+00:00,5654.000000000001,5345.745801959062,5579.187292703487
2020-07-19 17:00:00+00:00,5675.0,5371.127644320775,5644.166578903133
2020-07-19 18:00:00+00:00,5666.0,5352.2018942588875,5642.99854612627
2020-07-19 19:00:00+00:00,5643.000000000001,5364.574580950957,5611.345190810453
2020-07-19 20:00:00+00:00,5625.0,5375.232044352987,5592.074135962276
2020-07-19 21:00:00+00:00,5210.0,5288.608180543244,5467.612528463354
2020-07-19 22:00:00+00:00,4993.0,4948.242770179371,5100.992758603804
2020-07-19 23:00:00+00:00,4726.0,4761.303320522398,4867.0827069718325
2020-07-20 00:00:00+00:00,4670.0,4756.625181244329,4650.4961366705775
2020-07-20 01:00:00+00:00,4554.0,4753.77276788731,4579.021171914438
2020-07-20 02:00:00+00:00,4697.0,4742.161859272643,4513.631539663487
2020-07-20 03:00:00+00:00,5237.0,5005.8353776014255,4733.247548553858
2020-07-20 04:00:00+00:00,6254.0,5636.6437382103895,5346.559979362672
2020-07-20 05:00:00+00:00,7103.0,6519.079384325983,6288.174095083523
2020-07-20 06:00:00+00:00,7608.0,7279.623636659464,7031.367159027875
2020-07-20 07:00:00+00:00,7781.000000000001,7709.1766831131,7462.965664273209
2020-07-20 08:00:00+00:00,7962.000000000002,7865.006012635872,7649.097174903673
2020-07-20 09:00:00+00:00,8167.0,8017.885132239551,7846.581811897552
2020-07-20 10:00:00+00:00,7969.000000000001,8089.594734715061,7942.779776068772
2020-07-20 11:00:00+00:00,7953.000000000001,7843.326883591507,7749.007043178035
2020-07-20 12:00:00+00:00,7845.0,7744.403545394249,7698.084589058191
2020-07-20 13:00:00+00:00,7778.000000000001,7571.193107972336,7594.499483440878
2020-07-20 14:00:00+00:00,7642.000000000001,7430.004171503037,7504.671131290026
2020-07-20 15:00:00+00:00,7477.0,7243.610532325084,7397.122827941734
2020-07-20 16:00:00+00:00,7414.0,7063.3521967340985,7277.603804932565
2020-07-20 17:00:00+00:00,7293.000000000002,6962.295273377174,7206.972439647602
2020-07-20 18:00:00+00:00,7021.0,6812.682946513658,7062.101354032967
2020-07-20 19:00:00+00:00,6725.000000000001,6561.429037065931,6817.449728037647
2020-07-20 20:00:00+00:00,6434.0,6400.445444504844,6542.744684201429
2020-07-20 21:00:00+00:00,5894.0,6060.864044407746,6179.540532951372
2020-07-20 22:00:00+00:00,5550.0,5624.636987606717,5702.4639996094875
2020-07-20 23:00:00+00:00,5226.0,5361.185901537711,5374.6713808669365
2020-07-21 00:00:00+00:00,5081.0,5149.132376310884,5111.092438019586
2020-07-21 01:00:00+00:00,4968.0,5048.0326467530385,4969.791308309475
2020-07-21 02:00:00+00:00,5058.0,5068.813402452324,4919.729651252111
2020-07-21 03:00:00+00:00,5599.0,5336.954251851363,5118.059787698899
2020-07-21 04:00:00+00:00,6524.0,6038.859798237418,5779.940578526523
2020-07-21 05:00:00+00:00,7348.0,6906.782261153295,6704.4488379639215
2020-07-21 06:00:00+00:00,7753.0,7595.799714182016,7405.192554918376
2020-07-21 07:00:00+00:00,7982.0,7921.758490670888,7736.705579853558
2020-07-21 08:00:00+00:00,8161.000000000002,8108.101003300805,7939.807113561661
2020-07-21 09:00:00+00:00,8327.000000000002,8258.319956249461,8121.514128115726
2020-07-21 10:00:00+00:00,8126.0,8318.668645412567,8192.08968294489
2020-07-21 11:00:00+00:00,8106.000000000001,8091.483497707062,8012.794949079165
2020-07-21 12:00:00+00:00,7990.0,7969.956356528703,7962.597871016521
2020-07-21 13:00:00+00:00,7918.000000000002,7803.734853305104,7857.872955926624
2020-07-21 14:00:00+00:00,7818.0,7671.263787592767,7778.665311579819
2020-07-21 15:00:00+00:00,7652.0,7534.220464611168,7689.021911627961
2020-07-21 16:00:00+00:00,7527.000000000001,7359.1777904168575,7564.375112638466
2020-07-21 17:00:00+00:00,7360.000000000001,7202.372528354796,7426.207890111235
2020-07-21 18:00:00+00:00,7127.0,7001.477614753904,7228.736069864578
2020-07-21 19:00:00+00:00,6818.000000000002,6817.841663408352,6986.689188679725
2020-07-21 20:00:00+00:00,6485.000000000002,6534.972909852325,6684.35059043781
2020-07-21 21:00:00+00:00,5873.000000000001,6179.641343377127,6285.65434009096
2020-07-21 22:00:00+00:00,5558.0,5665.328627490948,5742.7090077509465
2020-07-21 23:00:00+00:00,5281.0,5397.519734529526,5424.274090119995
2020-07-22 00:00:00+00:00,5123.000000000001,5233.281105827821,5193.223849475693
2020-07-22 01:00:00+00:00,5015.0,5136.911211983942,5039.758413117059
2020-07-22 02:00:00+00:00,5128.0,5130.267373211741,4984.919029905677
2020-07-22 03:00:00+00:00,5590.0,5411.717102424139,5201.998197745454
2020-07-22 04:00:00+00:00,6517.999999999999,6037.149641074956,5802.934275590424
2020-07-22 05:00:00+00:00,7347.000000000001,6911.4160458330825,6716.159184663246
2020-07-22 06:00:00+00:00,7826.0,7658.340094983128,7430.286947624641
2020-07-22 07:00:00+00:00,7993.0,8067.365357481675,7842.184723523504
2020-07-22 08:00:00+00:00,8165.0,8233.757982291278,8018.250325312383
2020-07-22 09:00:00+00:00,8378.0,8383.701287408538,8198.000239182371
2020-07-22 10:00:00+00:00,8225.0,8457.020423378655,8304.491483364773
2020-07-22 11:00:00+00:00,8083.0,8291.493762638362,8179.910799950607
2020-07-22 12:00:00+00:00,7974.0,8128.283460665787,8052.521990185853
2020-07-22 13:00:00+00:00,7859.0,7948.417671879982,7955.335640962758
2020-07-22 14:00:00+00:00,7676.0,7771.859984560716,7846.821681347356
2020-07-22 15:00:00+00:00,7628.000000000001,7532.319220470738,7695.033597489773
2020-07-22 16:00:00+00:00,7557.000000000001,7421.636421999936,7628.513067387248
2020-07-22 17:00:00+00:00,7328.000000000001,7297.332378857267,7511.804321108114
2020-07-22 18:00:00+00:00,7086.0,7033.885326369321,7248.378410780464
2020-07-22 19:00:00+00:00,6798.000000000001,6835.25866904084,6980.375790130406
2020-07-22 20:00:00+00:00,6489.0,6537.85796805489,6679.514384451045
2020-07-22 21:00:00+00:00,5886.000000000001,6185.305147456983,6297.771652964933
2020-07-22 22:00:00+00:00,5524.0,5678.790849811749,5765.4460201615375
2020-07-22 23:00:00+00:00,5240.0,5386.734593731651,5428.370507801924
2020-07-23 00:00:00+00:00,5103.0,5210.6379380176995,5188.78234771374
2020-07-23 01:00:00+00:00,4971.0,5126.723929502288,5051.92948425013
2020-07-23 02:00:00+00:00,5051.0,5100.911520744124,4973.806001300783
2020-07-23 03:00:00+00:00,5578.999999999999,5339.055301721594,5171.755623893092
2020-07-23 04:00:00+00:00,6510.0,6031.321403144327,5822.649267336056
2020-07-23 05:00:00+00:00,7346.0,6914.890637023508,6752.807105203256
2020-07-23 06:00:00+00:00,7846.000000000001,7691.062294792083,7500.024246270847
2020-07-23 07:00:00+00:00,8037.000000000001,8109.3392875433865,7915.672159188076
2020-07-23 08:00:00+00:00,8196.000000000002,8272.791851054824,8087.537068065183
2020-07-23 09:00:00+00:00,8332.0,8414.964337196721,8268.675252590258
2020-07-23 10:00:00+00:00,8150.000000000002,8426.473374538951,8305.043361585464
2020-07-23 11:00:00+00:00,8024.000000000001,8198.30465596593,8132.109998486721
2020-07-23 12:00:00+00:00,7854.0,8037.351369327416,8000.675199002675
2020-07-23 13:00:00+00:00,7708.000000000002,7808.332237148614,7848.974834746768
2020-07-23 14:00:00+00:00,7555.000000000002,7606.012933821612,7714.135327617728
2020-07-23 15:00:00+00:00,7559.0,7410.0885535770485,7585.209122865678
2020-07-23 16:00:00+00:00,7474.0,7345.217106997714,7558.436129003605
2020-07-23 17:00:00+00:00,7262.000000000001,7200.6497308810885,7434.478296298929
2020-07-23 18:00:00+00:00,7005.0,6961.114429474094,7188.445058510251
2020-07-23 19:00:00+00:00,6730.000000000001,6740.844175282044,6902.036438519883
2020-07-23 20:00:00+00:00,6419.000000000001,6471.737071039648,6612.752549954312
2020-07-23 21:00:00+00:00,5843.000000000001,6139.319391893121,6229.218192308493
2020-07-23 22:00:00+00:00,5511.0,5669.476159122519,5717.951194297228
2020-07-23 23:00:00+00:00,5196.0,5406.873178640683,5390.251966062971
2020-07-24 00:00:00+00:00,5060.0,5189.034567815568,5123.285939010863
2020-07-24 01:00:00+00:00,4972.0,5105.112326090942,4993.11303159625
2020-07-24 02:00:00+00:00,5069.0,5112.164170493847,4954.606792329002
2020-07-24 03:00:00+00:00,5501.0,5361.873739688457,5162.712050447798
2020-07-24 04:00:00+00:00,6393.0,5973.457024525123,5731.67337279853
2020-07-24 05:00:00+00:00,7176.0,6845.62069708659,6617.132311445068
2020-07-24 06:00:00+00:00,7695.0,7563.25033791578,7329.342620729424
2020-07-24 07:00:00+00:00,7883.0,7964.592776280838,7762.360822090765
2020-07-24 08:00:00+00:00,8059.000000000001,8141.645754669003,7951.931389834838
2020-07-24 09:00:00+00:00,8201.0,8302.138995593248,8123.359421431002
2020-07-24 10:00:00+00:00,7929.000000000002,8374.01446169768,8146.7816843584105
2020-07-24 11:00:00+00:00,7796.0,8033.559233751972,7905.2776423597525
2020-07-24 12:00:00+00:00,7776.000000000001,7780.447559819163,7754.27554223578
2020-07-24 13:00:00+00:00,7669.999999999999,7716.181461297822,7696.381202035468
2020-07-24 14:00:00+00:00,7538.000000000001,7558.721407653346,7580.098094889235
2020-07-24 15:00:00+00:00,7412.000000000001,7422.098935107257,7478.350110430931
2020-07-24 16:00:00+00:00,7248.0,7220.575469094096,7362.27914246688
2020-07-24 17:00:00+00:00,6960.000000000002,7075.439080330585,7167.554258055518
2020-07-24 18:00:00+00:00,6648.000000000001,6749.029504580725,6867.853210397416
2020-07-24 19:00:00+00:00,6251.0,6454.171148744198,6558.09583754701
2020-07-24 20:00:00+00:00,5973.0,6061.607110594843,6189.857036965094
2020-07-24 21:00:00+00:00,5499.0,5744.557278531621,5851.727589290699
2020-07-24 22:00:00+00:00,5209.000000000001,5324.915738831273,5410.539597036527
2020-07-24 23:00:00+00:00,4888.0,5067.664879748882,5111.336141143025
2020-07-25 00:00:00+00:00,4723.0,4711.643005575951,4839.604735390644
2020-07-25 01:00:00+00:00,4559.0,4621.245606903125,4677.866174843538
2020-07-25 02:00:00+00:00,4551.0,4581.040679324664,4561.601349549887
2020-07-25 03:00:00+00:00,4722.0,4703.584069871337,4625.753796690155
2020-07-25 04:00:00+00:00,5127.0,5022.166918151537,4889.944146754304
2020-07-25 05:00:00+00:00,5641.0,5529.015407262585,5355.929031988478
2020-07-25 06:00:00+00:00,6181.000000000001,6081.755218529515,5885.958306772249
2020-07-25 07:00:00+00:00,6557.0,6530.672176880855,6385.443208651205
2020-07-25 08:00:00+00:00,6784.000000000001,6872.089368008657,6732.95028949037
2020-07-25 09:00:00+00:00,6902.000000000001,7054.037264109872,6963.327954555251
2020-07-25 10:00:00+00:00,6672.0,7031.351167451913,6984.0446892918435
2020-07-25 11:00:00+00:00,6439.0,6753.685831414129,6751.850968142917
2020-07-25 12:00:00+00:00,6273.0,6504.690333902953,6543.762357200714
2020-07-25 13:00:00+00:00,6201.000000000002,6276.416629525983,6387.954854990971
2020-07-25 14:00:00+00:00,6124.999999999999,6147.522010117574,6313.447492457123
2020-07-25 15:00:00+00:00,6089.000000000001,6009.3132282496235,6242.040587355844
2020-07-25 16:00:00+00:00,5964.0,5894.1027541912845,6176.247928572031
2020-07-25 17:00:00+00:00,5790.0,5706.431306152827,6017.056254500769
2020-07-25 18:00:00+00:00,5700.0,5528.730958880362,5835.364160647057
2020-07-25 19:00:00+00:00,5626.0,5438.133261224045,5697.849623914982
2020-07-25 20:00:00+00:00,5503.0,5366.594090344097,5595.131265194317
2020-07-25 21:00:00+00:00,5065.0,5231.36801043542,5385.906643829972
2020-07-25 22:00:00+00:00,4796.0,4890.165407881975,4988.720554581924
2020-07-25 23:00:00+00:00,4508.0,4674.348926337751,4706.284278543955
2020-07-26 00:00:00+00:00,4452.0,4471.905563874371,4466.371508054126
2020-07-26 01:00:00+00:00,4239.0,4455.473942194658,4386.989980254522
2020-07-26 02:00:00+00:00,4217.0,4350.584934105738,4225.9256703906785
2020-07-26 03:00:00+00:00,4284.0,4425.544727259208,4238.447139713661
2020-07-26 04:00:00+00:00,4477.0,4600.220489950135,4357.901223433154
2020-07-26 05:00:00+00:00,4811.0,4785.535484680173,4621.5115743789065
2020-07-26 06:00:00+00:00,5254.000000000001,5127.186768982759,4997.538791498856
2020-07-26 07:00:00+00:00,5672.0,5553.69467240134,5433.274737231534
2020-07-26 08:00:00+00:00,6025.0,5927.230170991824,5823.365864307848
2020-07-26 09:00:00+00:00,6313.000000000002,6221.469911203177,6143.041470682687
2020-07-26 10:00:00+00:00,6169.0,6473.2530963710105,6292.443612505914
2020-07-26 11:00:00+00:00,5988.000000000001,6264.157352614817,6108.805204624792
2020-07-26 12:00:00+00:00,5795.0,6002.525371913768,5932.348319677481
2020-07-26 13:00:00+00:00,5671.0,5753.517675144848,5760.584593783039
2020-07-26 14:00:00+00:00,5580.0,5528.888452941175,5653.199643565704
2020-07-26 15:00:00+00:00,5586.0,5383.008212625717,5592.847342495312
2020-07-26 16:00:00+00:00,5664.0,5342.832349439207,5607.0295011576
2020-07-26 17:00:00+00:00,5676.0,5361.181840589838,5655.313406525629
2020-07-26 18:00:00+00:00,5653.0,5359.903395510842,5655.490971394511
2020-07-26 19:00:00+00:00,5561.0,5342.013636110428,5628.364815258349
2020-07-26 20:00:00+00:00,5533.999999999999,5281.046751438566,5547.768469752203
2020-07-26 21:00:00+00:00,5099.0,5227.914115472692,5411.933308987506
2020-07-26 22:00:00+00:00,4848.0,4867.516188995475,5028.367671737343
2020-07-26 23:00:00+00:00,4560.0,4658.23355575724,4768.704325328458
2020-07-27 00:00:00+00:00,4491.0,4654.292635923534,4541.509797430796
2020-07-27 01:00:00+00:00,4390.0,4622.775391839356,4451.470815204645
2020-07-27 02:00:00+00:00,4500.0,4630.168641284093,4404.039088357276
2020-07-27 03:00:00+00:00,5037.0,4865.275135203457,4597.657312743826
2020-07-27 04:00:00+00:00,6090.0,5501.390513299487,5209.957197206388
2020-07-27 05:00:00+00:00,6886.000000000001,6423.669335905799,6179.046051935032
2020-07-27 06:00:00+00:00,7388.000000000001,7137.2453296473195,6898.936555925973
2020-07-27 07:00:00+00:00,7548.0,7563.147984292068,7334.580199704431
2020-07-27 08:00:00+00:00,7668.0,7710.379516819353,7515.352430810628
2020-07-27 09:00:00+00:00,7809.000000000002,7813.4330781169165,7666.525132558223
2020-07-27 10:00:00+00:00,7600.0,7832.034790132452,7719.9867984911025
2020-07-27 11:00:00+00:00,7573.000000000001,7592.510345483191,7549.516628717933
2020-07-27 12:00:00+00:00,7440.000000000001,7481.455812966485,7493.65671188996
2020-07-27 13:00:00+00:00,7306.000000000001,7284.417864346523,7373.2689044832105
2020-07-27 14:00:00+00:00,7212.0,7087.497017871303,7240.903394462684
2020-07-27 15:00:00+00:00,7196.0,6929.146313537987,7139.545767937923
2020-07-27 16:00:00+00:00,7170.000000000002,6861.9345826205745,7121.341351393322
2020-07-27 17:00:00+00:00,6974.0,6803.816440719149,7079.197687654045
2020-07-27 18:00:00+00:00,6722.000000000001,6620.252538552343,6879.268498274768
2020-07-27 19:00:00+00:00,6560.0,6422.467653909428,6628.105667671063
2020-07-27 20:00:00+00:00,6240.0,6291.515924515244,6449.054194718855
2020-07-27 21:00:00+00:00,5686.0,5985.936916898243,6073.1548942015215
2020-07-27 22:00:00+00:00,5328.0,5515.265563614307,5578.206267944458
2020-07-27 23:00:00+00:00,5027.0,5221.608360330864,5228.5502958307325
2020-07-28 00:00:00+00:00,4907.0,5029.099197447619,4973.121606306218
2020-07-28 01:00:00+00:00,4765.0,4967.934902080426,4854.732759025902
2020-07-28 02:00:00+00:00,4906.0,4931.66136137481,4776.648303122794
2020-07-28 03:00:00+00:00,5294.0,5210.678658482323,5028.997582923074
2020-07-28 04:00:00+00:00,6219.000000000001,5777.841790163283,5578.699988150333
2020-07-28 05:00:00+00:00,6994.0,6641.447513834494,6483.6211119211675
2020-07-28 06:00:00+00:00,7490.0,7328.733414972732,7172.398223207245
2020-07-28 07:00:00+00:00,7688.000000000001,7747.4803188629785,7594.94393027657
2020-07-28 08:00:00+00:00,7931.000000000001,7901.9550030120645,7785.351443100846
2020-07-28 09:00:00+00:00,8063.000000000002,8085.048289370889,8007.870350634719
2020-07-28 10:00:00+00:00,7879.000000000001,8107.903559264756,8049.031562152549
2020-07-28 11:00:00+00:00,7784.000000000001,7912.99575756935,7907.719123154869
2020-07-28 12:00:00+00:00,7698.0,7713.288911242426,7804.66077076893
2020-07-28 13:00:00+00:00,7608.0,7576.612266288398,7716.9178141956545
2020-07-28 14:00:00+00:00,7608.0,7425.579732534322,7623.699188726013
2020-07-28 15:00:00+00:00,7674.000000000001,7365.115372613498,7589.451209556205
2020-07-28 16:00:00+00:00,7644.000000000001,7356.779109684106,7611.156777013093
2020-07-28 17:00:00+00:00,7376.0,7284.984766757663,7540.977150759519
2020-07-28 18:00:00+00:00,7085.000000000001,7054.444264155095,7278.36428963821
2020-07-28 19:00:00+00:00,6648.000000000001,6817.424520271952,6990.529577665008
2020-07-28 20:00:00+00:00,6315.000000000001,6416.378006237544,6578.5086631610975
2020-07-28 21:00:00+00:00,5756.000000000002,6040.37650781986,6169.5849953100505
2020-07-28 22:00:00+00:00,5417.0,5562.804393958683,5668.5459216661975
2020-07-28 23:00:00+00:00,5084.0,5262.967155512486,5341.193923069008
2020-07-29 00:00:00+00:00,4984.0,5077.253711198348,5055.719332404905
2020-07-29 01:00:00+00:00,4854.0,5043.767307468197,4949.878683041262
2020-07-29 02:00:00+00:00,4909.0,5040.098700613578,4887.524581999312
2020-07-29 03:00:00+00:00,5384.0,5243.835392089695,5049.519271436487
2020-07-29 04:00:00+00:00,6284.0,5859.32882256573,5654.048673992183
2020-07-29 05:00:00+00:00,7131.000000000001,6785.81543078212,6539.978471004113
2020-07-29 06:00:00+00:00,7653.000000000001,7582.180851035364,7295.994916015949
2020-07-29 07:00:00+00:00,7841.999999999999,8041.34523754022,7728.200929309438
2020-07-29 08:00:00+00:00,7979.0,8225.127663530979,7919.945214030189
2020-07-29 09:00:00+00:00,8171.000000000001,8311.000197481457,8073.171700018788
2020-07-29 10:00:00+00:00,7931.000000000001,8345.782247178437,8169.902722930031
2020-07-29 11:00:00+00:00,7848.0,8081.85400012173,7957.904949929078
2020-07-29 12:00:00+00:00,7709.0,7920.918460390633,7868.620896818283
2020-07-29 13:00:00+00:00,7601.000000000001,7710.259976047284,7736.650557046742
2020-07-29 14:00:00+00:00,7602.0,7518.726009214627,7620.764723710179
2020-07-29 15:00:00+00:00,7497.999999999999,7561.046765168393,7616.9508549887
2020-07-29 16:00:00+00:00,7358.000000000001,7363.984748453435,7524.0244252210705
2020-07-29 17:00:00+00:00,7132.000000000002,7180.18738420927,7355.039642664205
2020-07-29 18:00:00+00:00,6833.0,6922.240989754163,7118.479703881913
2020-07-29 19:00:00+00:00,6615.000000000001,6622.486138950491,6807.974541435
2020-07-29 20:00:00+00:00,6295.0,6424.244951615966,6560.779206594413
2020-07-29 21:00:00+00:00,5767.000000000002,6061.775319097124,6162.817644995569
2020-07-29 22:00:00+00:00,5364.0,5596.950327856607,5676.646700873131
2020-07-29 23:00:00+00:00,5020.0,5259.1938556248515,5298.387815972084
2020-07-30 00:00:00+00:00,4895.0,5021.551104854768,5010.514747213645
2020-07-30 01:00:00+00:00,4760.0,4946.908467392439,4882.400336152985
2020-07-30 02:00:00+00:00,4840.0,4929.343939630036,4803.2362147432905
2020-07-30 03:00:00+00:00,5308.0,5174.148952283765,5003.370385150095
2020-07-30 04:00:00+00:00,6222.000000000001,5804.758710317734,5601.430680243416
2020-07-30 05:00:00+00:00,7030.000000000001,6665.084198200912,6504.507892792222
2020-07-30 06:00:00+00:00,7526.0,7409.074230367328,7237.978022010147
2020-07-30 07:00:00+00:00,7675.000000000001,7822.40153801218,7655.129158002181
2020-07-30 08:00:00+00:00,7822.000000000001,7943.940578016174,7806.774807599155
2020-07-30 09:00:00+00:00,7981.000000000002,8059.98090213132,7956.547933426473
2020-07-30 10:00:00+00:00,7746.000000000002,8094.686677799476,8018.942447047027
2020-07-30 11:00:00+00:00,7605.0,7838.341840490013,7814.694252936546
2020-07-30 12:00:00+00:00,7439.0,7617.5094294239625,7666.5400189315105
2020-07-30 13:00:00+00:00,7379.0,7412.7235107672,7507.136907122986
2020-07-30 14:00:00+00:00,7302.0,7294.830687399676,7432.577652884218
2020-07-30 15:00:00+00:00,7390.0,7172.387214014972,7368.812390017437
2020-07-30 16:00:00+00:00,7317.000000000001,7170.755664410881,7405.934293338059
2020-07-30 17:00:00+00:00,7141.0,7044.544788260273,7292.827125988533
2020-07-30 18:00:00+00:00,6891.999999999999,6838.842441234138,7089.4679095508
2020-07-30 19:00:00+00:00,6670.000000000001,6641.351069651239,6835.002162836311
2020-07-30 20:00:00+00:00,6356.000000000001,6418.723539629853,6585.465080828411
2020-07-30 21:00:00+00:00,5798.0,6067.126669017487,6199.661342595626
2020-07-30 22:00:00+00:00,5406.0,5598.699769438817,5692.545500636967
2020-07-30 23:00:00+00:00,5029.0,5271.495141028322,5315.37345131016
2020-07-31 00:00:00+00:00,4896.0,5005.222556027368,5001.540960483135
2020-07-31 01:00:00+00:00,4758.0,4935.6850662478555,4875.94169389302
2020-07-31 02:00:00+00:00,4853.0,4919.726836441762,4799.869712346661
2020-07-31 03:00:00+00:00,5316.999999999999,5171.495159685922,4991.382488779663
2020-07-31 04:00:00+00:00,6195.000000000001,5803.576354388592,5579.80390189691
2020-07-31 05:00:00+00:00,6956.000000000001,6619.6753207754255,6442.886859698188
2020-07-31 06:00:00+00:00,7464.000000000001,7327.528981423487,7143.607851771369
2020-07-31 07:00:00+00:00,7651.0,7746.0744600863145,7565.953044284569
2020-07-31 08:00:00+00:00,7740.999999999999,7903.258775017684,7749.706753934163
2020-07-31 09:00:00+00:00,7823.0,7976.845343052298,7856.260308263325
2020-07-31 10:00:00+00:00,7570.0,7949.040696079667,7844.481501514378
2020-07-31 11:00:00+00:00,7378.0,7671.856476682994,7621.194758634432
2020-07-31 12:00:00+00:00,7201.0,7437.165931688903,7463.376299123733
2020-07-31 13:00:00+00:00,7101.000000000001,7215.140785538988,7307.506568049113
2020-07-31 14:00:00+00:00,7031.000000000002,7060.565157713462,7201.782509754799
2020-07-31 15:00:00+00:00,7104.000000000001,6948.991695713456,7131.856253854463
2020-07-31 16:00:00+00:00,7036.000000000001,6936.883507716012,7147.277251871684
2020-07-31 17:00:00+00:00,6879.0,6798.483408033035,7026.475067388262
2020-07-31 18:00:00+00:00,6577.000000000001,6611.6224423533085,6829.896924434232
2020-07-31 19:00:00+00:00,6356.999999999999,6314.196134997844,6511.799031905943
2020-07-31 20:00:00+00:00,6047.000000000001,6135.151924647415,6270.721701931347
2020-07-31 21:00:00+00:00,5539.0,5805.126164101706,5905.861384511853
2020-07-31 22:00:00+00:00,4991.0,5374.401898755564,5444.6853462852
2020-07-31 23:00:00+00:00,4664.0,4921.434843708555,4949.039362030299
2020-08-01 00:00:00+00:00,4518.0,4542.624584052019,4665.5450918092765
2020-08-01 01:00:00+00:00,4340.0,4465.144392309122,4514.969939884202
2020-08-01 02:00:00+00:00,4327.0,4410.374003220556,4389.652247168754
2020-08-01 03:00:00+00:00,4487.0,4532.099007247383,4449.370776590716
2020-08-01 04:00:00+00:00,4811.0,4858.60930187157,4714.3653657099585
2020-08-01 05:00:00+00:00,5267.0,5218.326957954158,5112.723327177353
2020-08-01 06:00:00+00:00,5718.0,5694.7811238649365,5594.066546954068
2020-08-01 07:00:00+00:00,5979.000000000001,6098.064199335393,6014.650146610733
2020-08-01 08:00:00+00:00,6110.000000000001,6311.733918166667,6258.460006461016
2020-08-01 09:00:00+00:00,6236.000000000001,6401.336211225003,6384.349096716211
2020-08-01 10:00:00+00:00,6053.999999999999,6412.184453653498,6411.761579392696
2020-08-01 11:00:00+00:00,5840.000000000001,6174.515615026444,6216.7277120917215
2020-08-01 12:00:00+00:00,5707.0,5901.395946999068,6012.650317960172
2020-08-01 13:00:00+00:00,5739.999999999999,5726.168339640337,5892.725792502398
2020-08-01 14:00:00+00:00,5658.000000000001,5687.646058229032,5896.37059815704
2020-08-01 15:00:00+00:00,5705.999999999999,5577.996046200909,5834.28576845539
2020-08-01 16:00:00+00:00,5698.0,5549.933499195375,5839.344820086127
2020-08-01 17:00:00+00:00,5618.0,5493.357582567805,5786.702122106745
2020-08-01 18:00:00+00:00,5559.0,5390.951021178971,5686.839832043238
2020-08-01 19:00:00+00:00,5447.0,5382.368394674179,5611.868888740099
2020-08-01 20:00:00+00:00,5337.0,5276.060896132403,5481.3318665785955
2020-08-01 21:00:00+00:00,4928.0,5120.634400475836,5274.47197969729
2020-08-01 22:00:00+00:00,4598.0,4762.131745682622,4878.384554103225
2020-08-01 23:00:00+00:00,4299.0,4492.52325140626,4553.426919948841
2020-08-02 00:00:00+00:00,4204.0,4300.293927922661,4311.254723777913
2020-08-02 01:00:00+00:00,4047.0,4219.787762474816,4185.386644104137
2020-08-02 02:00:00+00:00,4004.0,4163.354512319942,4064.528199217904
2020-08-02 03:00:00+00:00,4120.0,4220.178440209168,4058.3810431918378
2020-08-02 04:00:00+00:00,4288.0,4443.866563190349,4206.723819747145
2020-08-02 05:00:00+00:00,4604.0,4684.6652519086465,4431.416177466247
2020-08-02 06:00:00+00:00,4968.0,5047.548628389469,4786.266379658619
2020-08-02 07:00:00+00:00,5232.0,5436.683685125324,5156.982007275753
2020-08-02 08:00:00+00:00,5492.999999999999,5707.333034487547,5431.328799229305
2020-08-02 09:00:00+00:00,5704.0,5941.545305048453,5690.152375784201
2020-08-02 10:00:00+00:00,5536.0,6043.345077877731,5802.7264450240355
2020-08-02 11:00:00+00:00,5391.999999999999,5825.146993104695,5626.793288448045
2020-08-02 12:00:00+00:00,5279.0,5519.322923461308,5472.282082350105
2020-08-02 13:00:00+00:00,5238.0,5332.4985217602625,5366.935224780239
2020-08-02 14:00:00+00:00,5305.999999999999,5232.658597059239,5312.36163013763
2020-08-02 15:00:00+00:00,5349.0,5219.395343629908,5367.169401742475
2020-08-02 16:00:00+00:00,5506.0,5306.538770760615,5413.683337642397
2020-08-02 17:00:00+00:00,5529.0,5292.405806569879,5525.424600028291
2020-08-02 18:00:00+00:00,5520.0,5345.652377897478,5533.260472769494
2020-08-02 19:00:00+00:00,5417.999999999999,5289.654232772485,5499.793032135082
2020-08-02 20:00:00+00:00,5365.0,5182.72382800255,5411.041849760022
2020-08-02 21:00:00+00:00,4978.0,5053.634858320189,5254.305585256931
2020-08-02 22:00:00+00:00,4872.0,4709.987759936132,4894.628264542711
2020-08-02 23:00:00+00:00,4622.0,4608.539878838078,4736.598284377198
2020-08-03 00:00:00+00:00,4539.0,4607.250626768527,4531.824621965918
2020-08-03 01:00:00+00:00,4491.0,4603.826763057395,4438.7699773435415
2020-08-03 02:00:00+00:00,4616.0,4621.395907259313,4422.17492342145
2020-08-03 03:00:00+00:00,5086.0,4876.33403755794,4629.988172398967
2020-08-03 04:00:00+00:00,6068.0,5425.064223685349,5198.316681004669
2020-08-03 05:00:00+00:00,6877.000000000001,6303.379217186316,6103.284822868048
2020-08-03 06:00:00+00:00,7323.000000000002,7032.810635066904,6826.1560973112255
2020-08-03 07:00:00+00:00,7485.0,7549.9508705404305,7206.350050830261
2020-08-03 08:00:00+00:00,7635.0,7748.578740743017,7369.489424945177
2020-08-03 09:00:00+00:00,7794.0,7884.992075127323,7524.175945246106
2020-08-03 10:00:00+00:00,7613.0,7889.457740924308,7586.927209864041
2020-08-03 11:00:00+00:00,7511.000000000001,7631.718733067586,7437.742491566394
2020-08-03 12:00:00+00:00,7374.000000000001,7498.708076599392,7327.890651455488
2020-08-03 13:00:00+00:00,7294.0,7262.072936917201,7197.571100182172
2020-08-03 14:00:00+00:00,7216.000000000001,7132.7581757184935,7125.417770935401
2020-08-03 15:00:00+00:00,7183.000000000001,7019.750584189083,7068.36079916409
2020-08-03 16:00:00+00:00,7160.0,6989.307415999131,7051.058136838817
2020-08-03 17:00:00+00:00,6992.999999999999,6908.866639607137,6997.028941089651
2020-08-03 18:00:00+00:00,6722.000000000001,6663.323428935894,6823.493985165036
2020-08-03 19:00:00+00:00,6390.0,6318.350086111719,6584.316056438897
2020-08-03 20:00:00+00:00,6068.0,5986.013028518722,6272.494371702072
2020-08-03 21:00:00+00:00,5559.0,5657.859260243584,5895.982402134242
2020-08-03 22:00:00+00:00,5197.0,5195.71995585235,5442.35522972001
2020-08-03 23:00:00+00:00,4908.0,4876.269963912291,5097.210971800493
2020-08-04 00:00:00+00:00,4802.0,4700.888600070597,4854.503247969565
2020-08-04 01:00:00+00:00,4754.0,4795.201287837174,4744.641226981089
2020-08-04 02:00:00+00:00,4858.0,4840.8988333200805,4746.970767721021
2020-08-04 03:00:00+00:00,5248.0,5104.434234215994,4936.512796597652
2020-08-04 04:00:00+00:00,6187.000000000001,5693.808876580552,5482.278732795266
2020-08-04 05:00:00+00:00,6974.0,6630.277356228617,6388.717897385563
2020-08-04 06:00:00+00:00,7440.000000000001,7376.338177376001,7100.195071500816
2020-08-04 07:00:00+00:00,7647.000000000001,7778.376059257082,7494.656322051988
2020-08-04 08:00:00+00:00,7818.0,8018.731421667203,7706.717694684531
2020-08-04 09:00:00+00:00,7987.0,8192.645525299362,7870.873958910744
2020-08-04 10:00:00+00:00,7772.0,8251.250842221356,7944.752222080014
2020-08-04 11:00:00+00:00,7639.999999999999,8029.088122953747,7759.984457735448
2020-08-04 12:00:00+00:00,7519.000000000001,7846.530697356065,7635.381943568914
2020-08-04 13:00:00+00:00,7414.0,7702.686056838004,7522.405401148235
2020-08-04 14:00:00+00:00,7286.0,7554.763054254445,7439.277639280753
2020-08-04 15:00:00+00:00,7234.0,7396.213002255837,7355.802208385081
2020-08-04 16:00:00+00:00,7177.0,7302.050119641945,7309.84306776861
2020-08-04 17:00:00+00:00,6979.000000000002,7156.718696769503,7201.833829597438
2020-08-04 18:00:00+00:00,6691.0,6905.909701383966,6977.6469478316685
2020-08-04 19:00:00+00:00,6356.999999999999,6571.943780669358,6653.546313264399
2020-08-04 20:00:00+00:00,6063.0,6229.35077436787,6317.102116745881
2020-08-04 21:00:00+00:00,5562.0,5884.440688544563,5950.829593636629
2020-08-04 22:00:00+00:00,5103.999999999999,5438.437682043247,5487.347651084515
2020-08-04 23:00:00+00:00,4852.0,5050.218722842482,5062.219095894768
2020-08-05 00:00:00+00:00,4732.0,4874.775375174389,4848.91746801523
2020-08-05 01:00:00+00:00,4700.0,4825.107585889047,4731.1128248581135
2020-08-05 02:00:00+00:00,4787.0,4881.115930415633,4726.438624095605
2020-08-05 03:00:00+00:00,5174.999999999999,5111.9502351245055,4914.69890082388
2020-08-05 04:00:00+00:00,6069.000000000001,5679.211657939386,5450.7171003235135
2020-08-05 05:00:00+00:00,6883.000000000001,6600.858126772668,6336.71224117127
2020-08-05 06:00:00+00:00,7403.0,7370.154727595999,7074.7234161197475
2020-08-05 07:00:00+00:00,7609.999999999999,7835.382428381301,7510.503317294475
2020-08-05 08:00:00+00:00,7760.000000000002,8024.877523486629,7703.015592110767
2020-08-05 09:00:00+00:00,7868.000000000001,8155.189670583312,7864.4170722652925
2020-08-05 10:00:00+00:00,7642.000000000001,8153.76239345852,7879.658842858647
2020-08-05 11:00:00+00:00,7508.000000000001,7891.118114225723,7686.879592225753
2020-08-05 12:00:00+00:00,7352.000000000001,7701.783757933925,7551.431058130434
2020-08-05 13:00:00+00:00,7224.999999999999,7490.582376455203,7407.1936330519275
2020-08-05 14:00:00+00:00,7096.000000000001,7323.129969481088,7304.2510701343945
2020-08-05 15:00:00+00:00,7058.000000000001,7111.936845506788,7184.69106293876
2020-08-05 16:00:00+00:00,7027.000000000001,6949.737518416067,7124.497515686339
2020-08-05 17:00:00+00:00,6879.0,6838.436745921719,7041.601458989261
2020-08-05 18:00:00+00:00,6658.0,6651.744817946275,6851.286770074425
2020-08-05 19:00:00+00:00,6322.0,6472.437111012252,6619.942408122069
2020-08-05 20:00:00+00:00,6019.0,6145.833864510688,6286.745753339053
2020-08-05 21:00:00+00:00,5490.0,5825.518553381301,5920.635622674371
2020-08-05 22:00:00+00:00,5171.0,5370.244580392997,5416.505538845337
2020-08-05 23:00:00+00:00,4846.0,5109.673780787804,5094.231713370342
2020-08-06 00:00:00+00:00,4809.0,4885.102081758768,4821.208472466153
2020-08-06 01:00:00+00:00,4692.0,4896.4191051526495,4764.676050048923
2020-08-06 02:00:00+00:00,4758.0,4895.111043300869,4701.190592259803
2020-08-06 03:00:00+00:00,5214.0,5113.152534051934,4872.466187585092
2020-08-06 04:00:00+00:00,6113.999999999999,5724.471391865679,5457.871921992908
2020-08-06 05:00:00+00:00,6884.0,6562.559524436829,6342.578935775086
2020-08-06 06:00:00+00:00,7247.0,7252.434325762348,7047.1679094464735
2020-08-06 07:00:00+00:00,7310.0,7549.244100714772,7359.510837404139
2020-08-06 08:00:00+00:00,7418.000000000001,7604.079407621015,7446.496364426957
2020-08-06 09:00:00+00:00,7511.000000000001,7676.866431158779,7565.767589925322
2020-08-06 10:00:00+00:00,7311.000000000001,7644.255024564803,7570.111522927538
2020-08-06 11:00:00+00:00,7212.0,7402.369557944312,7384.719120101834
2020-08-06 12:00:00+00:00,7114.0,7249.181963528958,7266.949151485581
2020-08-06 13:00:00+00:00,7057.000000000001,7121.099500767692,7173.247398065756
2020-08-06 14:00:00+00:00,7047.000000000001,6970.815864704893,7106.164304798172
2020-08-06 15:00:00+00:00,7093.999999999999,6944.377186047367,7113.452137961239
2020-08-06 16:00:00+00:00,7090.000000000001,6926.822868138642,7131.116164709424
2020-08-06 17:00:00+00:00,6961.0,6854.356394138894,7081.863089394723
2020-08-06 18:00:00+00:00,6737.0,6694.180206594383,6920.596890194736
2020-08-06 19:00:00+00:00,6439.0,6496.0831387515545,6686.110368737176
2020-08-06 20:00:00+00:00,6129.000000000001,6237.293499098351,6381.386862573293
2020-08-06 21:00:00+00:00,5612.0,5890.467261782224,6002.0410400901255
2020-08-06 22:00:00+00:00,5250.000000000001,5454.204410126777,5519.514129097322
2020-08-06 23:00:00+00:00,4899.0,5150.722163072009,5153.497020173476
2020-08-07 00:00:00+00:00,4800.0,4901.947904092842,4866.075180011058
2020-08-07 01:00:00+00:00,4738.0,4848.808426453035,4756.882036102612
2020-08-07 02:00:00+00:00,4819.0,4899.007611700384,4735.240934720528
2020-08-07 03:00:00+00:00,5239.000000000001,5151.455775830092,4921.928587139266
2020-08-07 04:00:00+00:00,6080.000000000001,5749.455397129758,5474.141984590272
2020-08-07 05:00:00+00:00,6799.000000000002,6554.151574834016,6302.743648480467
2020-08-07 06:00:00+00:00,7178.000000000001,7201.49187816588,6960.277728083376
2020-08-07 07:00:00+00:00,7287.000000000001,7499.5199132557045,7281.024328259344
2020-08-07 08:00:00+00:00,7376.0,7566.969269656978,7387.318702941056
2020-08-07 09:00:00+00:00,7497.999999999999,7613.0021573881995,7476.169384382914
2020-08-07 10:00:00+00:00,7240.000000000001,7611.167757931805,7500.268193189685
2020-08-07 11:00:00+00:00,7062.0,7324.026879265461,7264.752300431524
2020-08-07 12:00:00+00:00,6934.0,7077.224414065043,7091.12154341531
2020-08-07 13:00:00+00:00,6856.000000000001,6897.8921853500015,6972.715110098658
2020-08-07 14:00:00+00:00,6835.0,6788.128324606821,6900.624625424455
2020-08-07 15:00:00+00:00,6890.0,6717.440267533016,6903.275737634961
2020-08-07 16:00:00+00:00,6917.0,6702.5176554049785,6929.843221320853
2020-08-07 17:00:00+00:00,6766.000000000002,6672.586842464355,6908.589186268769
2020-08-07 18:00:00+00:00,6540.0,6501.336497157499,6720.323729021563
2020-08-07 19:00:00+00:00,6254.0,6344.215235410542,6487.621050608544
2020-08-07 20:00:00+00:00,5963.000000000001,6085.771780103822,6191.951922566038
2020-08-07 21:00:00+00:00,5492.0,5779.476947057673,5837.421280102504
2020-08-07 22:00:00+00:00,5078.000000000001,5349.609937486105,5354.339763871608
2020-08-07 23:00:00+00:00,4754.0,5008.009715573637,4958.041608578943
2020-08-08 00:00:00+00:00,4610.0,4629.371276655552,4683.149090938047
2020-08-08 01:00:00+00:00,4444.0,4551.863059673908,4537.052980891753
2020-08-08 02:00:00+00:00,4491.0,4507.279824163233,4418.513728923663
2020-08-08 03:00:00+00:00,4608.0,4676.09876218101,4516.841232861697
2020-08-08 04:00:00+00:00,4942.0,4951.91285749752,4731.28563847658
2020-08-08 05:00:00+00:00,5361.999999999999,5305.884855843613,5122.276382077447
2020-08-08 06:00:00+00:00,5739.000000000001,5699.490508523289,5549.636798886679
2020-08-08 07:00:00+00:00,5974.000000000001,6011.981970887286,5886.995291410734
2020-08-08 08:00:00+00:00,6078.000000000001,6191.233907283815,6092.521897666693
2020-08-08 09:00:00+00:00,6159.000000000001,6261.595403011712,6203.22896329906
2020-08-08 10:00:00+00:00,5960.000000000001,6232.0206803703395,6206.763424875063
2020-08-08 11:00:00+00:00,5774.000000000001,5979.702289639386,6004.105784965739
2020-08-08 12:00:00+00:00,5734.000000000001,5741.778671363826,5830.947534772103
2020-08-08 13:00:00+00:00,5663.0,5644.041086929479,5802.041081406772
2020-08-08 14:00:00+00:00,5709.0,5518.770757274857,5731.755786083076
2020-08-08 15:00:00+00:00,5840.999999999999,5538.498479938728,5779.196753481585
2020-08-08 16:00:00+00:00,5843.000000000001,5613.990135571975,5876.601314681574
2020-08-08 17:00:00+00:00,5774.000000000001,5570.700954505602,5850.529819289403
2020-08-08 18:00:00+00:00,5698.0,5490.689445469816,5770.741181481465
2020-08-08 19:00:00+00:00,5524.0,5438.167236204392,5670.701224689216
2020-08-08 20:00:00+00:00,5369.0,5287.027566779281,5498.626850662431
2020-08-08 21:00:00+00:00,4967.0,5090.044030538054,5267.2796921123445
2020-08-08 22:00:00+00:00,4736.0,4733.864852913952,4874.379005584387
2020-08-08 23:00:00+00:00,4451.0,4536.73644929513,4620.264694541974
2020-08-09 00:00:00+00:00,4335.0,4362.814246996712,4380.775517680902
2020-08-09 01:00:00+00:00,4247.0,4289.276314390871,4251.540109926248
2020-08-09 02:00:00+00:00,4211.0,4292.259359843435,4181.808704273463
2020-08-09 03:00:00+00:00,4276.0,4366.079829912704,4187.3099670062775
2020-08-09 04:00:00+00:00,4439.0,4539.92062527598,4293.931514975929
2020-08-09 05:00:00+00:00,4783.0,4722.417082035946,4508.62651158848
2020-08-09 06:00:00+00:00,5005.0,5076.977011954119,4862.710654145631
2020-08-09 07:00:00+00:00,5303.0,5299.717632950318,5096.343259799035
2020-08-09 08:00:00+00:00,5494.0,5553.51812572743,5375.316938390462
2020-08-09 09:00:00+00:00,5658.000000000001,5703.975271142855,5563.905195562398
2020-08-09 10:00:00+00:00,5456.000000000001,5750.910012721258,5635.8462376255375
2020-08-09 11:00:00+00:00,5324.0,5506.788691875914,5444.413095187087
2020-08-09 12:00:00+00:00,5239.000000000001,5312.932123556682,5321.735448617774
2020-08-09 13:00:00+00:00,5204.0,5180.155127106264,5245.605786289639
2020-08-09 14:00:00+00:00,5275.999999999999,5102.611610052536,5236.860761316954
2020-08-09 15:00:00+00:00,5383.0,5120.637262200542,5308.3575882643545
2020-08-09 16:00:00+00:00,5552.0,5179.240477922741,5418.425192227705
2020-08-09 17:00:00+00:00,5597.0,5280.306843890686,5542.00729773263
2020-08-09 18:00:00+00:00,5683.0,5317.700794439493,5567.508683562389
2020-08-09 19:00:00+00:00,5532.0,5404.608872199784,5597.199071006257
2020-08-09 20:00:00+00:00,5458.0,5280.339976150872,5463.818227503146
2020-08-09 21:00:00+00:00,5088.999999999999,5168.866031114676,5301.743060557962
2020-08-09 22:00:00+00:00,4909.0,4912.450798073957,4991.728302758182
2020-08-09 23:00:00+00:00,4656.0,4779.775532044409,4787.905546650302
2020-08-10 00:00:00+00:00,4572.0,4753.667289593891,4576.526328775901
2020-08-10 01:00:00+00:00,4464.0,4736.324864630093,4498.530128748641
2020-08-10 02:00:00+00:00,4580.0,4729.180629217964,4441.3077016416355
2020-08-10 03:00:00+00:00,5107.0,4951.116506235071,4625.2475868974925
2020-08-10 04:00:00+00:00,6060.0,5569.714170993352,5220.948527734869
2020-08-10 05:00:00+00:00,6820.000000000001,6411.998737855769,6109.2910815728965
2020-08-10 06:00:00+00:00,7227.000000000001,7044.194118678477,6774.150825615891
2020-08-10 07:00:00+00:00,7334.000000000002,7378.502322832179,7128.632647054351
2020-08-10 08:00:00+00:00,7406.0,7464.7287911002695,7251.958843500908
2020-08-10 09:00:00+00:00,7523.0,7507.839530073961,7349.27470396008
2020-08-10 10:00:00+00:00,7349.0,7504.148525082202,7384.109768203371
2020-08-10 11:00:00+00:00,7234.0,7284.11531101552,7226.018440328434
2020-08-10 12:00:00+00:00,7128.000000000001,7102.0448245093785,7107.913576754588
2020-08-10 13:00:00+00:00,7093.000000000001,6932.829017448525,7011.582777103738
2020-08-10 14:00:00+00:00,7057.000000000001,6839.864352459116,6975.993803222818
2020-08-10 15:00:00+00:00,7081.0,6774.333867493405,6951.283913764963
2020-08-10 16:00:00+00:00,7085.000000000001,6766.966935591385,6977.391186711926
2020-08-10 17:00:00+00:00,6929.000000000001,6724.388643609605,6950.653569384762
2020-08-10 18:00:00+00:00,6711.000000000001,6543.855842036279,6788.62652550256
2020-08-10 19:00:00+00:00,6425.000000000002,6404.517777151374,6550.803735182133
2020-08-10 20:00:00+00:00,6093.0,6154.835840401149,6270.805166850419
2020-08-10 21:00:00+00:00,5581.0,5838.505473576945,5897.26658417924
2020-08-10 22:00:00+00:00,5316.0,5422.487264318749,5435.001740244957
2020-08-10 23:00:00+00:00,4956.0,5205.481532802477,5163.36074169379
2020-08-11 00:00:00+00:00,4917.0,4960.253347243555,4871.157308122945
2020-08-11 01:00:00+00:00,4800.0,4976.720417992498,4824.745100978123
2020-08-11 02:00:00+00:00,4886.0,4970.107728631427,4768.286003325005
2020-08-11 03:00:00+00:00,5273.0,5186.54255375663,4949.32952967214
2020-08-11 04:00:00+00:00,6129.000000000001,5754.311669904569,5493.475463612897
2020-08-11 05:00:00+00:00,6850.000000000001,6571.471274060499,6337.540441435716
2020-08-11 06:00:00+00:00,7239.0,7234.748818033372,6991.533601680588
2020-08-11 07:00:00+00:00,7366.999999999999,7557.0961127671935,7326.972671702063
2020-08-11 08:00:00+00:00,7487.000000000002,7666.429630384511,7460.649858177177
2020-08-11 09:00:00+00:00,7590.000000000001,7758.440868879916,7591.471264169257
2020-08-11 10:00:00+00:00,7381.0,7741.6293611444535,7611.1555104595955
2020-08-11 11:00:00+00:00,7279.000000000001,7494.320604879529,7422.424380562092
2020-08-11 12:00:00+00:00,7169.000000000001,7323.31842333671,7315.254930516711
2020-08-11 13:00:00+00:00,7115.000000000001,7182.001115197894,7210.78648787168
2020-08-11 14:00:00+00:00,7065.0,7048.5380277834365,7142.83728778286
2020-08-11 15:00:00+00:00,7077.000000000001,6951.7817837121775,7097.532181819629
2020-08-11 16:00:00+00:00,7087.000000000001,6915.870987170563,7095.302047452679
2020-08-11 17:00:00+00:00,6942.0,6849.21160465477,7051.345183855177
2020-08-11 18:00:00+00:00,6763.000000000001,6684.515881983562,6870.761795220871
2020-08-11 19:00:00+00:00,6473.000000000001,6531.273523149669,6650.846131193962
2020-08-11 20:00:00+00:00,6145.0,6236.087325406364,6353.778768357209
2020-08-11 21:00:00+00:00,5633.0,5889.401904601195,5973.839732464661
2020-08-11 22:00:00+00:00,5348.0,5437.543783757156,5485.934197556717
2020-08-11 23:00:00+00:00,5066.0,5198.084778894404,5198.7828543390115
2020-08-12 00:00:00+00:00,5022.0,5042.983107949917,4964.546369922093
2020-08-12 01:00:00+00:00,4902.0,5075.717478005308,4916.93367519575
2020-08-12 02:00:00+00:00,4963.0,5082.116871564236,4852.573738341236
2020-08-12 03:00:00+00:00,5374.0,5289.912222095388,5004.1676395553695
2020-08-12 04:00:00+00:00,6228.000000000001,5873.183370864387,5549.615686714266
2020-08-12 05:00:00+00:00,6939.0,6677.9159221417585,6394.629462781483
2020-08-12 06:00:00+00:00,7375.000000000002,7281.428930489607,7050.668048887669
2020-08-12 07:00:00+00:00,7531.0,7634.465380624811,7422.2798025032025
2020-08-12 08:00:00+00:00,7666.000000000001,7757.6049389680575,7576.026027457856
2020-08-12 09:00:00+00:00,7816.000000000001,7841.329047388014,7704.670139942456
2020-08-12 10:00:00+00:00,7641.0,7859.59984342395,7754.083087236389
2020-08-12 11:00:00+00:00,7571.000000000001,7637.088976898671,7590.970400002277
2020-08-12 12:00:00+00:00,7452.0,7489.567735168798,7500.083093226404
2020-08-12 13:00:00+00:00,7368.0,7303.095488200602,7383.196580961124
2020-08-12 14:00:00+00:00,7321.0,7165.051470135734,7291.949901124498
2020-08-12 15:00:00+00:00,7303.000000000001,7098.119600087053,7250.757364102657
2020-08-12 16:00:00+00:00,7279.000000000001,7047.744137448253,7232.129825738451
2020-08-12 17:00:00+00:00,7108.0,6977.1914343565895,7173.991808806971
2020-08-12 18:00:00+00:00,6882.0,6795.55527288367,6990.621470302342
2020-08-12 19:00:00+00:00,6558.000000000001,6600.419785047433,6735.448810900499
2020-08-12 20:00:00+00:00,6235.0,6314.785471235333,6411.893904298484
2020-08-12 21:00:00+00:00,5704.0,5971.894576355022,6030.056706131587
2020-08-12 22:00:00+00:00,5370.000000000001,5529.7853178820005,5554.359135667462
2020-08-12 23:00:00+00:00,5076.0,5250.624358429837,5222.55553862122
2020-08-13 00:00:00+00:00,5028.0,5074.510501907219,4995.641989926877
2020-08-13 01:00:00+00:00,4904.0,5077.09412821906,4927.910838596597
2020-08-13 02:00:00+00:00,4986.0,5063.094679981158,4854.513207778643
2020-08-13 03:00:00+00:00,5401.0,5298.275892870304,5036.917589076978
2020-08-13 04:00:00+00:00,6266.000000000001,5883.671154362762,5586.342093857847
2020-08-13 05:00:00+00:00,7002.0,6695.428240593019,6429.9101562005935
2020-08-13 06:00:00+00:00,7405.000000000002,7318.43883681512,7076.617468826322
2020-08-13 07:00:00+00:00,7568.000000000001,7625.379104361553,7397.383784342034
2020-08-13 08:00:00+00:00,7714.0,7744.059457815573,7549.0337556524955
2020-08-13 09:00:00+00:00,7860.000000000001,7839.895092491331,7686.334837937044
2020-08-13 10:00:00+00:00,7666.000000000001,7857.1549365053515,7740.550148569779
2020-08-13 11:00:00+00:00,7580.0,7617.273868033505,7572.84454663063
2020-08-13 12:00:00+00:00,7458.0,7551.795208292078,7481.03183765531
2020-08-13 13:00:00+00:00,7412.000000000001,7349.258367731963,7373.575510872311
2020-08-13 14:00:00+00:00,7356.000000000002,7262.775926999218,7334.188990810379
2020-08-13 15:00:00+00:00,7374.000000000001,7207.9037049090275,7301.009909347732
2020-08-13 16:00:00+00:00,7343.0,7182.928569496764,7311.633637087348
2020-08-13 17:00:00+00:00,7163.0,7151.633009209557,7250.143155301188
2020-08-13 18:00:00+00:00,6914.0,6940.947351991663,7055.9717208409975
2020-08-13 19:00:00+00:00,6557.0,6684.362160578266,6788.863496773328
2020-08-13 20:00:00+00:00,6225.000000000001,6343.685408501439,6440.016663768059
2020-08-13 21:00:00+00:00,5701.0,5972.955637705206,6052.496683304897
2020-08-13 22:00:00+00:00,5356.0,5520.724294724239,5569.645592715748
2020-08-13 23:00:00+00:00,5060.0,5232.028752200394,5223.655874180652
2020-08-14 00:00:00+00:00,5012.0,5037.914915643675,4982.610160550849
2020-08-14 01:00:00+00:00,4900.0,5042.609866569921,4925.531996295619
2020-08-14 02:00:00+00:00,4968.0,5043.070637252635,4865.543088915312
2020-08-14 03:00:00+00:00,5375.0,5267.91017468,5030.778061272658
2020-08-14 04:00:00+00:00,6246.0,5841.199149962588,5563.392896136294
2020-08-14 05:00:00+00:00,6989.000000000001,6646.457335814234,6403.103992568537
2020-08-14 06:00:00+00:00,7420.0,7328.486851035023,7055.630201093088
2020-08-14 07:00:00+00:00,7574.000000000002,7693.254683682558,7406.6832300455
2020-08-14 08:00:00+00:00,7702.000000000001,7818.911944759602,7548.761301653879
2020-08-14 09:00:00+00:00,7798.000000000002,7892.883696594195,7678.293479468706
2020-08-14 10:00:00+00:00,7573.000000000001,7875.388768625941,7682.72675631509
2020-08-14 11:00:00+00:00,7399.000000000001,7603.591360322637,7475.253146309449
2020-08-14 12:00:00+00:00,7244.000000000002,7383.699017342292,7312.500162299448
2020-08-14 13:00:00+00:00,7157.0,7180.842943706984,7179.454727298129
2020-08-14 14:00:00+00:00,7074.000000000001,7055.769892919176,7107.007524487073
2020-08-14 15:00:00+00:00,7073.0,6982.088845785071,7058.266940447962
2020-08-14 16:00:00+00:00,7048.0,6923.0042775876445,7060.520694093342
2020-08-14 17:00:00+00:00,6868.0,6912.21777658346,6998.3328885989995
2020-08-14 18:00:00+00:00,6645.000000000001,6679.514115288446,6801.9742323899245
2020-08-14 19:00:00+00:00,6277.000000000001,6436.462237146168,6553.833689905732
2020-08-14 20:00:00+00:00,5971.000000000001,6082.239684537291,6199.96743463698
2020-08-14 21:00:00+00:00,5497.000000000001,5751.063657686678,5841.236846142302
2020-08-14 22:00:00+00:00,4876.0,5329.462852947255,5383.932970026086
2020-08-14 23:00:00+00:00,4583.0,4830.507720665547,4840.156071904248
2020-08-15 00:00:00+00:00,4447.0,4195.334176203724,4592.296028574263
2020-08-15 01:00:00+00:00,4279.0,4122.7542466398,4450.630366191053
2020-08-15 02:00:00+00:00,4301.0,4064.881587874107,4341.5502568146
2020-08-15 03:00:00+00:00,4308.0,4165.327655599267,4411.897825415887
2020-08-15 04:00:00+00:00,4508.0,4384.77002069483,4549.673989250977
2020-08-15 05:00:00+00:00,4818.0,4707.085659741572,4836.706464129691
2020-08-15 06:00:00+00:00,5113.0,5055.6198309613355,5172.2978698201605
2020-08-15 07:00:00+00:00,5396.000000000001,5289.555469270538,5447.494743289591
2020-08-15 08:00:00+00:00,5575.0,5533.639667395721,5685.8024724899315
2020-08-15 09:00:00+00:00,5692.0,5661.345954402152,5840.622822037683
2020-08-15 10:00:00+00:00,5530.0,5665.360302265171,5869.662015356199
2020-08-15 11:00:00+00:00,5401.0,5447.534897768462,5700.007773318936
2020-08-15 12:00:00+00:00,5298.0,5284.036183091082,5585.162530288828
2020-08-15 13:00:00+00:00,5275.999999999999,5106.535095500065,5488.433822949191
2020-08-15 14:00:00+00:00,5245.999999999999,5016.318502472967,5474.895330150705
2020-08-15 15:00:00+00:00,5406.0,5001.3059050197035,5478.849009043752
2020-08-15 16:00:00+00:00,5606.0,5094.198286353723,5594.812604688168
2020-08-15 17:00:00+00:00,5654.000000000001,5195.084120878215,5714.288831813449
2020-08-15 18:00:00+00:00,5701.0,5245.938327587792,5717.352833918132
2020-08-15 19:00:00+00:00,5528.0,5215.444061558825,5689.164537977269
2020-08-15 20:00:00+00:00,5421.0,5043.910524930183,5507.716382782372
2020-08-15 21:00:00+00:00,5050.0,4892.472930182096,5312.838779795824
2020-08-15 22:00:00+00:00,4737.0,4545.690621936817,4946.738206697148
2020-08-15 23:00:00+00:00,4450.0,4284.979695188188,4637.4931736409235
2020-08-16 00:00:00+00:00,4338.0,4371.807814997821,4392.97646475773
2020-08-16 01:00:00+00:00,4188.0,4323.862531325401,4280.299047445911
2020-08-16 02:00:00+00:00,4215.0,4284.8142816713735,4164.4820038745065
2020-08-16 03:00:00+00:00,4293.0,4399.885381796315,4197.811133888013
2020-08-16 04:00:00+00:00,4438.0,4568.802765903379,4302.848606056436
2020-08-16 05:00:00+00:00,4772.0,4702.2574739215925,4501.576415875848
2020-08-16 06:00:00+00:00,5047.0,5029.103053261279,4813.841007738693
2020-08-16 07:00:00+00:00,5326.0,5296.737639772391,5096.948719198359
2020-08-16 08:00:00+00:00,5503.0,5526.806157233292,5353.771871932974
2020-08-16 09:00:00+00:00,5666.0,5651.544006051232,5525.495093736366
2020-08-16 10:00:00+00:00,5489.0,5684.652957868431,5592.793013610075
2020-08-16 11:00:00+00:00,5301.999999999999,5468.999906580385,5426.5211088874585
2020-08-16 12:00:00+00:00,5245.0,5238.391555364211,5264.230300677166
2020-08-16 13:00:00+00:00,5236.0,5125.1639318278685,5213.661931174593
2020-08-16 14:00:00+00:00,5258.0,5071.921603172523,5219.105962383551
2020-08-16 15:00:00+00:00,5453.0,5069.77428069857,5268.767120557895
2020-08-16 16:00:00+00:00,5681.0,5229.277513736825,5461.045284171116
2020-08-16 17:00:00+00:00,5709.0,5389.364834400009,5641.332624903121
2020-08-16 18:00:00+00:00,5732.0,5426.912862671608,5682.638145482502
2020-08-16 19:00:00+00:00,5580.0,5459.248491963646,5656.317809490892
2020-08-16 20:00:00+00:00,5513.0,5328.426972375104,5521.670268626892
2020-08-16 21:00:00+00:00,5116.0,5235.726326758823,5370.6858544840425
2020-08-16 22:00:00+00:00,5024.0,4927.152947129504,5019.096549758103
2020-08-16 23:00:00+00:00,4756.0,4853.186762622958,4879.249501898487
2020-08-17 00:00:00+00:00,4725.0,4810.406693720117,4656.956255068235
2020-08-17 01:00:00+00:00,4625.0,4823.3470584162,4601.283882082148
2020-08-17 02:00:00+00:00,4752.0,4845.546067797517,4552.964703743249
2020-08-17 03:00:00+00:00,5245.999999999999,5081.674057578511,4757.35924030475
2020-08-17 04:00:00+00:00,6195.000000000001,5663.111064066926,5321.660528258294
2020-08-17 05:00:00+00:00,7019.000000000001,6523.023680675263,6196.553417514543
2020-08-17 06:00:00+00:00,7466.0,7196.109979674929,6904.757824003958
2020-08-17 07:00:00+00:00,7654.0,7568.729686178491,7276.273589425071
2020-08-17 08:00:00+00:00,7780.0,7734.804140309696,7442.59230276848
2020-08-17 09:00:00+00:00,7916.0,7824.925537456799,7571.215229923274
2020-08-17 10:00:00+00:00,7770.000000000001,7843.289991644738,7623.361874842728
2020-08-17 11:00:00+00:00,7693.0,7644.856845609199,7479.135290726444
2020-08-17 12:00:00+00:00,7574.000000000002,7522.842191480138,7397.33547833344
2020-08-17 13:00:00+00:00,7525.000000000002,7356.965286883402,7302.438966201212
2020-08-17 14:00:00+00:00,7450.0,7296.86526754356,7261.170290597679
2020-08-17 15:00:00+00:00,7422.0,7245.361583988292,7225.875112455297
2020-08-17 16:00:00+00:00,7385.000000000001,7159.546397406512,7223.639067321874
2020-08-17 17:00:00+00:00,7117.0,7084.964952526387,7167.671137591503
2020-08-17 18:00:00+00:00,6851.000000000002,6785.1270733397705,6929.064714635937
2020-08-17 19:00:00+00:00,6462.000000000001,6522.765991155273,6665.045055177703
2020-08-17 20:00:00+00:00,6149.000000000001,6187.756438573521,6307.841809495294
2020-08-17 21:00:00+00:00,5628.000000000001,5859.781556234623,5945.549448777304
2020-08-17 22:00:00+00:00,5333.0,5422.867203122153,5502.685503152795
2020-08-17 23:00:00+00:00,4994.0,5166.924619069967,5193.68430430205
2020-08-18 00:00:00+00:00,4888.0,4974.848266455954,4934.295227861604
2020-08-18 01:00:00+00:00,4770.0,4908.141769229972,4825.451084185681
2020-08-18 02:00:00+00:00,4867.0,4907.3933036273365,4765.483708311722
2020-08-18 03:00:00+00:00,5372.0,5150.300704364477,4951.488218596958
2020-08-18 04:00:00+00:00,6274.000000000001,5806.024008694062,5565.559811942533
2020-08-18 05:00:00+00:00,7047.000000000001,6698.093165422197,6435.165513817948
2020-08-18 06:00:00+00:00,7476.000000000002,7375.29392888477,7115.094236614823
2020-08-18 07:00:00+00:00,7651.0,7745.755496902895,7470.362039092662
2020-08-18 08:00:00+00:00,7799.0,7917.427457682817,7632.538919694138
2020-08-18 09:00:00+00:00,7926.000000000001,8019.834551819402,7772.235980006224
2020-08-18 10:00:00+00:00,7672.000000000001,8056.398864329031,7812.8860648649415
2020-08-18 11:00:00+00:00,7565.000000000001,7848.69935954175,7599.914368468744
2020-08-18 12:00:00+00:00,7467.000000000001,7640.357099755838,7490.251877330509
2020-08-18 13:00:00+00:00,7406.0,7479.771224245903,7403.689110546143
2020-08-18 14:00:00+00:00,7327.0,7339.728560325134,7343.154514020199
2020-08-18 15:00:00+00:00,7313.0,7209.11422242573,7285.309369462064
2020-08-18 16:00:00+00:00,7247.0,7145.972231180446,7274.182135791258
2020-08-18 17:00:00+00:00,7074.000000000001,7012.238564355117,7176.369897111796
2020-08-18 18:00:00+00:00,6856.000000000001,6814.718858443334,6993.261459634608
2020-08-18 19:00:00+00:00,6474.000000000002,6622.3527900080735,6745.600427483237
2020-08-18 20:00:00+00:00,6147.0,6236.330244931699,6375.544198106368
2020-08-18 21:00:00+00:00,5645.0,5883.912954750565,5993.458327174341
2020-08-18 22:00:00+00:00,5416.0,5480.323956944192,5545.095092681727
2020-08-18 23:00:00+00:00,5069.0,5285.741290327351,5294.748320856282
2020-08-19 00:00:00+00:00,5037.0,5065.508185651918,5022.760880562288
2020-08-19 01:00:00+00:00,4918.0,5057.979643613894,4966.366410830926
2020-08-19 02:00:00+00:00,5019.0,5060.231598032371,4898.402329539691
2020-08-19 03:00:00+00:00,5460.0,5288.531334537695,5092.970978860102
2020-08-19 04:00:00+00:00,6411.000000000001,5885.461183242967,5656.004047206627
2020-08-19 05:00:00+00:00,7180.000000000001,6833.105296417601,6555.780682606557
2020-08-19 06:00:00+00:00,7576.000000000001,7494.98357021926,7240.777520419596
2020-08-19 07:00:00+00:00,7722.0,7835.339511659119,7576.380047034108
2020-08-19 08:00:00+00:00,7833.000000000001,7961.007609466094,7721.900906625083
2020-08-19 09:00:00+00:00,7957.0,8051.100281487475,7843.072552806056
2020-08-19 10:00:00+00:00,7719.000000000002,8057.046267022136,7880.085708582727
2020-08-19 11:00:00+00:00,7614.000000000001,7799.102606323714,7682.993108048
2020-08-19 12:00:00+00:00,7524.000000000001,7647.367905900155,7574.624570846287
2020-08-19 13:00:00+00:00,7447.0,7484.52501954122,7487.0738128736875
2020-08-19 14:00:00+00:00,7373.0,7353.99375715772,7415.085709698658
2020-08-19 15:00:00+00:00,7369.000000000001,7234.807202137483,7356.0231174984865
2020-08-19 16:00:00+00:00,7268.000000000001,7168.330608344698,7343.289642611385
2020-08-19 17:00:00+00:00,7079.000000000001,7024.337048552977,7221.79738171868
2020-08-19 18:00:00+00:00,6866.000000000001,6836.072249441704,7021.211331887073
2020-08-19 19:00:00+00:00,6500.0,6636.6334212772435,6770.984735609648
2020-08-19 20:00:00+00:00,6199.0,6286.699898721094,6412.628287943565
2020-08-19 21:00:00+00:00,5689.0,5982.131346776624,6047.326240659093
2020-08-19 22:00:00+00:00,5373.0,5582.870964875858,5588.335403917411
2020-08-19 23:00:00+00:00,5034.0,5323.7181026118,5270.997904522002
2020-08-20 00:00:00+00:00,4993.0,5095.327976928425,5009.707747903575
2020-08-20 01:00:00+00:00,4879.0,5074.719034516124,4945.799508793589
2020-08-20 02:00:00+00:00,4966.0,5057.7567214599085,4885.979115034322
2020-08-20 03:00:00+00:00,5434.0,5274.929162780434,5066.161731620225
2020-08-20 04:00:00+00:00,6349.0,5893.46819270469,5654.952494537545
2020-08-20 05:00:00+00:00,7040.0,6776.282256761383,6532.910427760952
2020-08-20 06:00:00+00:00,7436.0,7363.330249322794,7151.4331543891585
2020-08-20 07:00:00+00:00,7559.0,7681.793330413157,7486.198597315695
2020-08-20 08:00:00+00:00,7672.000000000001,7776.11991716479,7614.158674252614
2020-08-20 09:00:00+00:00,7790.000000000002,7856.8979707539265,7735.753347840764
2020-08-20 10:00:00+00:00,7568.000000000001,7856.996416808043,7765.761326672849
2020-08-20 11:00:00+00:00,7455.0,7613.100608400739,7577.375376587894
2020-08-20 12:00:00+00:00,7336.999999999999,7431.294604790972,7463.1099815766775
2020-08-20 13:00:00+00:00,7284.000000000001,7257.135725639212,7361.2966406149
2020-08-20 14:00:00+00:00,7239.0,7136.109803663398,7305.52028421866
2020-08-20 15:00:00+00:00,7238.000000000001,7046.7117020250735,7275.695976480917
2020-08-20 16:00:00+00:00,7229.000000000001,6993.584650432952,7261.091953118786
2020-08-20 17:00:00+00:00,7100.0,6936.653130400713,7204.237043660192
2020-08-20 18:00:00+00:00,6895.0,6764.519031964307,7043.571781491405
2020-08-20 19:00:00+00:00,6516.0,6627.374480889352,6793.87063312951
2020-08-20 20:00:00+00:00,6209.000000000001,6260.412696378741,6426.135939205075
2020-08-20 21:00:00+00:00,5679.999999999999,5959.732291974756,6057.203647750771
2020-08-20 22:00:00+00:00,5394.0,5534.762871644306,5575.43056830341
2020-08-20 23:00:00+00:00,5095.0,5290.965785300198,5280.370991351886
2020-08-21 00:00:00+00:00,4984.0,5111.358103132527,5047.82262750892
2020-08-21 01:00:00+00:00,4866.0,5059.3619471915,4935.2139690228105
2020-08-21 02:00:00+00:00,4944.0,5054.661392504505,4868.601389208855
2020-08-21 03:00:00+00:00,5402.999999999999,5279.487543395873,5042.627253691563
2020-08-21 04:00:00+00:00,6174.000000000002,5897.771855515182,5623.258635593482
2020-08-21 05:00:00+00:00,6853.000000000001,6648.142219373976,6390.777304600079
2020-08-21 06:00:00+00:00,7263.000000000002,7219.243840681833,7006.049581559516
2020-08-21 07:00:00+00:00,7416.000000000002,7532.0005835374695,7347.564890053609
2020-08-21 08:00:00+00:00,7521.0,7646.832454582145,7494.153533191305
2020-08-21 09:00:00+00:00,7588.000000000002,7710.259803084302,7599.447191266137
2020-08-21 10:00:00+00:00,7356.000000000002,7657.851072399119,7586.986241347277
2020-08-21 11:00:00+00:00,7191.000000000001,7389.641119901727,7373.096240520031
2020-08-21 12:00:00+00:00,7039.000000000002,7165.966017833017,7211.87578667237
2020-08-21 13:00:00+00:00,6951.000000000001,6971.903493367637,7078.7013009000075
2020-08-21 14:00:00+00:00,6889.000000000002,6829.667772987354,6993.991298849084
2020-08-21 15:00:00+00:00,6930.000000000002,6740.925564890921,6948.082658840932
2020-08-21 16:00:00+00:00,6902.999999999999,6742.381499118772,6972.531297781737
2020-08-21 17:00:00+00:00,6772.0,6671.5783111188375,6906.966611103213
2020-08-21 18:00:00+00:00,6560.0,6489.830356292146,6750.5789930064375
2020-08-21 19:00:00+00:00,6206.000000000001,6326.042892154091,6492.508073631851
2020-08-21 20:00:00+00:00,5952.000000000001,6006.421482887851,6147.844561462052
2020-08-21 21:00:00+00:00,5499.0,5748.098629567613,5826.374887939445
2020-08-21 22:00:00+00:00,5097.0,5336.035987394519,5347.752761508329
2020-08-21 23:00:00+00:00,4772.0,5011.24857409543,4970.991615215425
2020-08-22 00:00:00+00:00,4662.0,4625.762356048999,4696.42368067683
2020-08-22 01:00:00+00:00,4476.0,4570.092605703884,4573.051222661445
2020-08-22 02:00:00+00:00,4460.0,4516.333084913941,4446.539742838626
2020-08-22 03:00:00+00:00,4616.0,4624.766204294511,4470.9976476401425
2020-08-22 04:00:00+00:00,4944.0,4918.267814664585,4684.074266549729
2020-08-22 05:00:00+00:00,5359.0,5278.994722783886,5038.50940447202
2020-08-22 06:00:00+00:00,5724.999999999999,5623.744274077449,5433.457172820817
2020-08-22 07:00:00+00:00,5970.0,5933.738943027207,5770.443064430262
2020-08-22 08:00:00+00:00,6124.999999999999,6129.23587801164,5994.088633877884
2020-08-22 09:00:00+00:00,6243.0,6259.581563017998,6136.314508934212
2020-08-22 10:00:00+00:00,6050.000000000001,6281.03275887985,6173.018196773238
2020-08-22 11:00:00+00:00,5950.000000000002,6075.5466064920865,5992.695258067224
2020-08-22 12:00:00+00:00,5874.0,5934.19342595712,5886.93788087543
2020-08-22 13:00:00+00:00,5810.000000000001,5776.828839806411,5819.842714083101
2020-08-22 14:00:00+00:00,5807.000000000001,5700.4612736268855,5761.956681018295
2020-08-22 15:00:00+00:00,5907.0,5734.572347470591,5794.623385371674
2020-08-22 16:00:00+00:00,5908.000000000001,5784.431330453455,5905.842128888338
2020-08-22 17:00:00+00:00,5816.000000000001,5705.763800601893,5906.070352045608
2020-08-22 18:00:00+00:00,5748.000000000002,5575.475379273221,5831.558537547067
2020-08-22 19:00:00+00:00,5563.0,5473.3372998907835,5720.081693924888
2020-08-22 20:00:00+00:00,5410.0,5322.3162108067045,5543.338270759662
2020-08-22 21:00:00+00:00,5004.0,5162.650014956508,5322.407980313765
2020-08-22 22:00:00+00:00,4792.0,4787.2659523767825,4930.8688368447
2020-08-22 23:00:00+00:00,4495.0,4591.0686308915265,4693.045961609875
2020-08-23 00:00:00+00:00,4391.0,4400.601552574198,4443.931987894698
2020-08-23 01:00:00+00:00,4302.0,4341.501501778681,4323.396248499674
2020-08-23 02:00:00+00:00,4264.0,4348.66974135096,4262.092513081909
2020-08-23 03:00:00+00:00,4338.0,4417.819566417558,4261.524836461319
2020-08-23 04:00:00+00:00,4523.0,4593.195814284867,4369.7318549437405
2020-08-23 05:00:00+00:00,4836.0,4865.358592863681,4603.821189905551
2020-08-23 06:00:00+00:00,5121.0,5166.200353646158,4916.544893154413
2020-08-23 07:00:00+00:00,5449.0,5438.297395848129,5200.269688215833
2020-08-23 08:00:00+00:00,5699.000000000001,5725.747836021828,5488.459684371612
2020-08-23 09:00:00+00:00,6009.000000000001,5910.742319683986,5713.700313001626
2020-08-23 10:00:00+00:00,5865.000000000001,6063.23768748171,5891.698528831287
2020-08-23 11:00:00+00:00,5705.999999999999,5852.642879869077,5740.9215259046805
2020-08-23 12:00:00+00:00,5554.0,5664.469551604637,5606.835623892262
2020-08-23 13:00:00+00:00,5470.0,5483.053275917939,5488.365193195712
2020-08-23 14:00:00+00:00,5469.0,5371.4522260643425,5430.710726675955
2020-08-23 15:00:00+00:00,5568.000000000001,5411.042793215829,5476.392949686207
2020-08-23 16:00:00+00:00,5724.0,5481.061089019613,5594.663218150209
2020-08-23 17:00:00+00:00,5731.0,5568.291951463319,5707.9462465574
2020-08-23 18:00:00+00:00,5747.000000000001,5553.48123092863,5712.4988644421555
2020-08-23 19:00:00+00:00,5582.0,5493.610001453598,5679.91595237507
2020-08-23 20:00:00+00:00,5494.0,5323.066318875857,5533.603552971952
2020-08-23 21:00:00+00:00,5138.000000000001,5183.058455647591,5358.936016132889
2020-08-23 22:00:00+00:00,4966.0,4909.937450677944,5062.7161689502
2020-08-23 23:00:00+00:00,4743.0,4758.940836724622,4860.277671328453
2020-08-24 00:00:00+00:00,4661.0,4779.5839202681655,4682.238233947372
2020-08-24 01:00:00+00:00,4562.0,4763.990175518457,4595.278838977579
2020-08-24 02:00:00+00:00,4684.0,4771.432145203282,4544.926229083315
2020-08-24 03:00:00+00:00,5229.0,5010.812273042553,4738.750607413413
2020-08-24 04:00:00+00:00,6193.000000000002,5637.527028798276,5342.791438187071
2020-08-24 05:00:00+00:00,6992.000000000001,6564.69461969486,6239.86160819567
2020-08-24 06:00:00+00:00,7432.000000000001,7236.322226217233,6938.401888194201
2020-08-24 07:00:00+00:00,7589.0,7631.736652851707,7324.622096122887
2020-08-24 08:00:00+00:00,7706.0,7775.2068646013495,7484.43107747494
2020-08-24 09:00:00+00:00,7825.000000000001,7892.861163613503,7621.362739719737
2020-08-24 10:00:00+00:00,7615.000000000002,7977.143178425754,7669.0452489424
2020-08-24 11:00:00+00:00,7538.000000000001,7739.263260822925,7487.393664894406
2020-08-24 12:00:00+00:00,7398.0,7561.265540446951,7395.7182796774405
2020-08-24 13:00:00+00:00,7336.999999999999,7330.640523979153,7276.832869516505
2020-08-24 14:00:00+00:00,7278.0,7198.044070668209,7217.1714231138985
2020-08-24 15:00:00+00:00,7274.000000000002,7085.436823928765,7175.9396535649885
2020-08-24 16:00:00+00:00,7257.000000000001,7059.4227732930285,7177.679851859952
2020-08-24 17:00:00+00:00,7061.000000000002,7040.711900502762,7112.485720107431
2020-08-24 18:00:00+00:00,6849.0,6826.540730180935,6916.719928225575
2020-08-24 19:00:00+00:00,6443.000000000001,6564.327018387799,6670.895815713743
2020-08-24 20:00:00+00:00,6113.000000000001,6189.011217579635,6303.378873415755
2020-08-24 21:00:00+00:00,5604.999999999999,5826.488976682567,5929.906023288823
2020-08-24 22:00:00+00:00,5278.0,5393.430106464185,5484.53848890908
2020-08-24 23:00:00+00:00,5006.0,5142.8733015513735,5159.610568720503
2020-08-25 00:00:00+00:00,4980.0,4978.213769223955,4932.2671149600565
2020-08-25 01:00:00+00:00,4875.0,4971.4235661747625,4882.14715864822
2020-08-25 02:00:00+00:00,4979.0,4994.714251120741,4833.570953766858
2020-08-25 03:00:00+00:00,5395.0,5258.4589055276,5052.133272572072
2020-08-25 04:00:00+00:00,6237.0,5858.196768293675,5611.068079019915
2020-08-25 05:00:00+00:00,6952.000000000002,6713.617770759261,6445.009411049913
2020-08-25 06:00:00+00:00,7319.0,7337.773713927725,7089.717534907793
2020-08-25 07:00:00+00:00,7424.000000000002,7662.158324505375,7406.387679470363
2020-08-25 08:00:00+00:00,7524.000000000001,7751.690109142568,7521.9654670516875
2020-08-25 09:00:00+00:00,7632.0,7812.730967350004,7629.8318962615585
2020-08-25 10:00:00+00:00,7406.0,7794.392993526932,7642.655383316418
2020-08-25 11:00:00+00:00,7334.000000000002,7536.81486019788,7449.26474443336
2020-08-25 12:00:00+00:00,7216.000000000001,7404.959665352377,7366.126388077568
2020-08-25 13:00:00+00:00,7159.000000000001,7226.852935837732,7262.540698028117
2020-08-25 14:00:00+00:00,7082.000000000001,7096.884842154834,7200.378084635155
2020-08-25 15:00:00+00:00,7116.0,6973.297755029005,7140.638377443589
2020-08-25 16:00:00+00:00,7137.000000000001,6955.341046220807,7151.178998512843
2020-08-25 17:00:00+00:00,6990.000000000002,6913.85653219465,7117.2385209252
2020-08-25 18:00:00+00:00,6816.0,6746.521380995718,6949.579180205173
2020-08-25 19:00:00+00:00,6401.0,6581.1909863618,6714.64549015817
2020-08-25 20:00:00+00:00,6073.000000000002,6229.596427245846,6319.2231128153135
2020-08-25 21:00:00+00:00,5641.0,5853.684372834469,5939.378140416684
2020-08-25 22:00:00+00:00,5326.0,5499.626967062302,5551.219519829672
2020-08-25 23:00:00+00:00,5132.0,5239.521243739169,5229.767112932529
2020-08-26 00:00:00+00:00,5034.0,5169.673334519274,5078.768070376125
2020-08-26 01:00:00+00:00,4928.0,5124.618734762123,4975.015663692075
2020-08-26 02:00:00+00:00,5023.0,5114.727732935709,4925.102919335631
2020-08-26 03:00:00+00:00,5460.0,5354.075174884905,5114.4605497855355
2020-08-26 04:00:00+00:00,6380.000000000001,5942.669092241395,5689.31799795228
2020-08-26 05:00:00+00:00,7118.000000000001,6867.848638819779,6573.448165742184
2020-08-26 06:00:00+00:00,7482.0,7443.886512458317,7222.969733644003
2020-08-26 07:00:00+00:00,7562.000000000001,7715.381017370062,7527.735024312456
2020-08-26 08:00:00+00:00,7651.0,7778.998143965823,7616.298993628885
2020-08-26 09:00:00+00:00,7802.0,7837.772475592735,7714.678445003236
2020-08-26 10:00:00+00:00,7576.000000000001,7856.7887598195775,7761.13704104734
2020-08-26 11:00:00+00:00,7487.000000000002,7611.231894875371,7568.568947229021
2020-08-26 12:00:00+00:00,7390.0,7440.42577486252,7476.236976181803
2020-08-26 13:00:00+00:00,7330.000000000001,7290.790033682928,7385.251097169298
2020-08-26 14:00:00+00:00,7302.0,7172.169683422016,7320.551183370712
2020-08-26 15:00:00+00:00,7251.000000000001,7103.1653333708,7301.773482809166
2020-08-26 16:00:00+00:00,7239.0,7026.721989058399,7245.755784467021
2020-08-26 17:00:00+00:00,7145.000000000001,6975.786666118744,7188.109866612111
2020-08-26 18:00:00+00:00,6956.000000000001,6867.824261835961,7063.3356166048625
2020-08-26 19:00:00+00:00,6538.0,6689.6963156284455,6819.89572319212
2020-08-26 20:00:00+00:00,6229.0,6290.261278257308,6427.620912059829
2020-08-26 21:00:00+00:00,5777.000000000001,5946.097511190194,6065.952731911505
2020-08-26 22:00:00+00:00,5466.0,5599.693263661988,5646.674399496082
2020-08-26 23:00:00+00:00,5116.0,5346.263068690549,5335.696447127384
2020-08-27 00:00:00+00:00,5079.0,5046.665849029165,5062.698154269569
2020-08-27 01:00:00+00:00,4986.0,5099.408012139661,5004.722392595499
2020-08-27 02:00:00+00:00,5084.0,5111.054977352542,4960.896270265378
2020-08-27 03:00:00+00:00,5563.999999999999,5382.971436068778,5159.438168926941
2020-08-27 04:00:00+00:00,6382.0,6059.071106378986,5764.675579024356
2020-08-27 05:00:00+00:00,7114.0,6865.625525505508,6559.987390946757
2020-08-27 06:00:00+00:00,7511.000000000001,7490.86273597412,7204.849013429836
2020-08-27 07:00:00+00:00,7641.0,7807.5760870986,7527.382701854225
2020-08-27 08:00:00+00:00,7719.000000000002,7910.155816970108,7652.270659087109
2020-08-27 09:00:00+00:00,7811.999999999999,7961.165437377491,7744.62674348288
2020-08-27 10:00:00+00:00,7601.000000000001,7933.043376632161,7751.603726363684
2020-08-27 11:00:00+00:00,7490.0,7690.848092528328,7567.1631402110115
2020-08-27 12:00:00+00:00,7355.000000000001,7516.35492707337,7454.652328890865
2020-08-27 13:00:00+00:00,7295.000000000001,7340.9530777643595,7340.252591087834
2020-08-27 14:00:00+00:00,7243.000000000001,7232.429832745818,7285.031551101655
2020-08-27 15:00:00+00:00,7260.000000000001,7137.556532515981,7242.710243314622
2020-08-27 16:00:00+00:00,7273.000000000001,7100.331498685072,7252.507112156404
2020-08-27 17:00:00+00:00,7123.000000000001,7068.21550056981,7229.221469699757
2020-08-27 18:00:00+00:00,6982.000000000002,6919.13190442308,7063.700213208288
2020-08-27 19:00:00+00:00,6539.000000000001,6746.140206735944,6852.72623946261
2020-08-27 20:00:00+00:00,6189.000000000001,6324.974353283343,6442.299928967051
2020-08-27 21:00:00+00:00,5678.0,5963.6337297203945,6045.15288163549
2020-08-27 22:00:00+00:00,5424.0,5549.239268210658,5588.742575103651
2020-08-27 23:00:00+00:00,5180.0,5331.882462994157,5315.773597968413
2020-08-28 00:00:00+00:00,5076.0,5182.519581691762,5111.421093804301
2020-08-28 01:00:00+00:00,4954.0,5127.7021717974685,5004.361162570041
2020-08-28 02:00:00+00:00,5043.0,5126.767639347718,4937.633582283218
2020-08-28 03:00:00+00:00,5535.0,5371.980218003968,5131.020061183725
2020-08-28 04:00:00+00:00,6373.000000000002,5996.776059568799,5708.620084661725
2020-08-28 05:00:00+00:00,7091.000000000002,6832.910983333815,6515.790764348171
2020-08-28 06:00:00+00:00,7497.999999999999,7396.160806071826,7155.652830925886
2020-08-28 07:00:00+00:00,7633.000000000001,7708.7398491560025,7495.313368514491
2020-08-28 08:00:00+00:00,7728.0,7797.138720750079,7621.437914937523
2020-08-28 09:00:00+00:00,7826.0,7842.27538670005,7711.717749535191
2020-08-28 10:00:00+00:00,7576.000000000001,7833.933891510486,7721.519421191658
2020-08-28 11:00:00+00:00,7407.999999999999,7558.1333435821,7496.35991709079
2020-08-28 12:00:00+00:00,7275.0,7351.233312344654,7332.260246604435
2020-08-28 13:00:00+00:00,7198.0,7173.607701365006,7212.351757713248
2020-08-28 14:00:00+00:00,7159.000000000001,7038.661108697754,7139.410729161576
2020-08-28 15:00:00+00:00,7216.000000000001,6962.483354951953,7120.183562979956
2020-08-28 16:00:00+00:00,7208.000000000001,6966.459643489321,7157.702245374855
2020-08-28 17:00:00+00:00,7050.000000000002,6908.370474526182,7114.3077423550885
2020-08-28 18:00:00+00:00,6867.000000000002,6805.0682931846495,6945.150895448322
2020-08-28 19:00:00+00:00,6437.0,6568.995390737536,6706.356702314004
2020-08-28 20:00:00+00:00,6106.0,6184.135627459194,6312.923122655387
2020-08-28 21:00:00+00:00,5612.0,5835.596367944057,5940.403014021529
2020-08-28 22:00:00+00:00,5131.0,5405.108763178793,5477.715221969402
2020-08-28 23:00:00+00:00,4821.0,5015.740137230747,5040.664237206147
2020-08-29 00:00:00+00:00,4694.0,4679.34132375571,4782.8355193072985
2020-08-29 01:00:00+00:00,4615.0,4496.016144880154,4643.06408895814
2020-08-29 02:00:00+00:00,4599.0,4601.869355065343,4588.506742126276
2020-08-29 03:00:00+00:00,4791.0,4753.851967873801,4645.167791554145
2020-08-29 04:00:00+00:00,4996.0,5082.214350916083,4915.32063183362
2020-08-29 05:00:00+00:00,5434.0,5422.482982001152,5203.1754706183565
2020-08-29 06:00:00+00:00,5780.999999999999,5886.437678170026,5628.937525140441
2020-08-29 07:00:00+00:00,6063.0,6215.346762950454,5942.990569174647
2020-08-29 08:00:00+00:00,6247.000000000001,6368.200686615205,6188.287936159115
2020-08-29 09:00:00+00:00,6416.000000000001,6496.738690259787,6354.384916875267
2020-08-29 10:00:00+00:00,6274.000000000001,6527.450952572269,6421.0395150481645
2020-08-29 11:00:00+00:00,6090.0,6337.735646424052,6283.771408289482
2020-08-29 12:00:00+00:00,5959.0,6268.064409339011,6123.058476460774
2020-08-29 13:00:00+00:00,5961.000000000002,6058.065187763036,6007.967523516576
2020-08-29 14:00:00+00:00,5971.000000000001,5910.51262472151,6005.732746644339
2020-08-29 15:00:00+00:00,6046.0,5960.120542179228,6037.207076092859
2020-08-29 16:00:00+00:00,6019.0,5960.556820919495,6091.81498195163
2020-08-29 17:00:00+00:00,5904.0,5881.260238658124,6041.481307988183
2020-08-29 18:00:00+00:00,5815.000000000001,5707.532860879779,5929.3226445406635
2020-08-29 19:00:00+00:00,5542.000000000001,5585.2776676776975,5794.207875311195
2020-08-29 20:00:00+00:00,5397.0,5320.370235713904,5537.704565781898
2020-08-29 21:00:00+00:00,5008.0,5145.728788191848,5312.547460120831
2020-08-29 22:00:00+00:00,4767.0,4770.358400886689,4947.618424542819
2020-08-29 23:00:00+00:00,4499.0,4604.021632943031,4687.610455192493
2020-08-30 00:00:00+00:00,4404.0,4423.442452736822,4460.118966685319
2020-08-30 01:00:00+00:00,4254.0,4387.414558190259,4366.4867201588895
2020-08-30 02:00:00+00:00,4237.0,4333.997821931138,4247.351706796458
2020-08-30 03:00:00+00:00,4413.0,4415.803198368649,4264.146486939417
2020-08-30 04:00:00+00:00,4598.0,4628.89225740901,4445.971583564511
2020-08-30 05:00:00+00:00,4872.0,4904.033853117894,4677.627088940856
2020-08-30 06:00:00+00:00,5215.0,5152.4530528248015,4962.215561744846
2020-08-30 07:00:00+00:00,5536.0,5547.012078715083,5301.172091805526
2020-08-30 08:00:00+00:00,5790.0,5771.076674515745,5600.964208065521
2020-08-30 09:00:00+00:00,6027.0,6068.768876752764,5862.310719322117
2020-08-30 10:00:00+00:00,5862.000000000001,6105.663543915962,5997.061023313569
2020-08-30 11:00:00+00:00,5739.000000000001,5961.547673018401,5830.010167329152
2020-08-30 12:00:00+00:00,5599.0,5647.441960979506,5699.274776452956
2020-08-30 13:00:00+00:00,5568.000000000001,5607.877293765253,5579.695420051866
2020-08-30 14:00:00+00:00,5618.0,5463.720263444104,5557.414182387987
2020-08-30 15:00:00+00:00,5704.0,5463.272721234561,5619.5689072185605
2020-08-30 16:00:00+00:00,5840.000000000001,5506.614183097374,5711.803943347506
2020-08-30 17:00:00+00:00,5837.000000000001,5584.779290184114,5804.447606248045
2020-08-30 18:00:00+00:00,5788.000000000001,5599.0020614962805,5798.657743906918
2020-08-30 19:00:00+00:00,5496.0,5548.809584482068,5708.994323562206
2020-08-30 20:00:00+00:00,5424.0,5297.775690135847,5465.706268211438
2020-08-30 21:00:00+00:00,5066.0,5160.9932658313855,5312.259869297612
2020-08-30 22:00:00+00:00,5054.0,4874.633839249551,4996.415229017613
2020-08-30 23:00:00+00:00,4801.0,4864.891389678916,4922.819501404167
2020-08-31 00:00:00+00:00,4712.0,4853.683154402043,4713.246861294811
2020-08-31 01:00:00+00:00,4668.0,4823.888005464922,4616.707427690265
2020-08-31 02:00:00+00:00,4809.0,4880.783207788213,4607.417595424317
2020-08-31 03:00:00+00:00,5326.0,5137.139381013281,4833.146329913087
2020-08-31 04:00:00+00:00,6292.0,5746.923192032519,5419.588415485415
2020-08-31 05:00:00+00:00,7058.000000000001,6671.45210663946,6310.186396559156
2020-08-31 06:00:00+00:00,7483.000000000001,7345.767896483893,6987.4763470881935
2020-08-31 07:00:00+00:00,7620.000000000001,7741.16847564846,7355.951843256352
2020-08-31 08:00:00+00:00,7762.000000000001,7824.367905637177,7499.557617076742
2020-08-31 09:00:00+00:00,7929.000000000002,7960.654825880871,7645.933708541549
2020-08-31 10:00:00+00:00,7770.999999999999,8013.027135717061,7714.574821858432
2020-08-31 11:00:00+00:00,7701.0,7847.200177662231,7573.916855089413
2020-08-31 12:00:00+00:00,7597.0,7697.878271287155,7484.131603795024
2020-08-31 13:00:00+00:00,7492.000000000001,7555.041808186708,7393.374229476735
2020-08-31 14:00:00+00:00,7395.0,7399.8772890732225,7308.427622585337
2020-08-31 15:00:00+00:00,7362.0,7264.621110725517,7243.04252053351
2020-08-31 16:00:00+00:00,7359.0,7191.464860299731,7225.916753804783
2020-08-31 17:00:00+00:00,7227.000000000001,7119.954781224678,7184.603155000943
2020-08-31 18:00:00+00:00,7007.0,6939.6399430573365,7041.727927744595
2020-08-31 19:00:00+00:00,6521.0,6661.657398683414,6776.994659660504
2020-08-31 20:00:00+00:00,6176.000000000001,6233.378307570863,6348.495962711942
2020-08-31 21:00:00+00:00,5691.0,5881.776576078783,5966.446488329187
2020-08-31 22:00:00+00:00,5353.0,5483.544517750108,5543.794655561412
2020-08-31 23:00:00+00:00,5067.0,5189.636387476963,5221.846845160671
2020-09-01 00:00:00+00:00,4989.0,4992.603181969937,4999.617753952324
2020-09-01 01:00:00+00:00,4890.0,4999.393338028793,4918.024425067423
2020-09-01 02:00:00+00:00,4957.0,5008.1619779090015,4876.6887530335935
2020-09-01 03:00:00+00:00,5500.0,5210.3114181102965,5048.162821636399
2020-09-01 04:00:00+00:00,6467.0,5886.485605587874,5688.686260536916
2020-09-01 05:00:00+00:00,7272.0,6880.426287490514,6600.498216607174
2020-09-01 06:00:00+00:00,7733.0,7628.445096348742,7297.924395892716
2020-09-01 07:00:00+00:00,7901.000000000001,8041.380834731732,7668.292589511062
2020-09-01 08:00:00+00:00,8039.0,8204.366010436885,7822.585624488166
2020-09-01 09:00:00+00:00,8133.000000000001,8306.450394823743,7958.311370882028
2020-09-01 10:00:00+00:00,7884.0,8292.520884933005,7970.417351777457
2020-09-01 11:00:00+00:00,7776.000000000001,8007.976101296527,7767.65694107228
2020-09-01 12:00:00+00:00,7658.000000000001,7828.486087946863,7656.828572447195
2020-09-01 13:00:00+00:00,7597.0,7647.281332088136,7550.724047277585
2020-09-01 14:00:00+00:00,7478.000000000001,7508.584347794418,7483.16326155263
2020-09-01 15:00:00+00:00,7424.000000000002,7351.977916713624,7399.93117435235
2020-09-01 16:00:00+00:00,7401.000000000001,7271.891627052694,7364.185118889881
2020-09-01 17:00:00+00:00,7254.000000000001,7180.934571351911,7307.9523490728425
2020-09-01 18:00:00+00:00,7010.0,7050.764865985876,7148.464008087455
2020-09-01 19:00:00+00:00,6531.000000000001,6746.580630395867,6849.402902826356
2020-09-01 20:00:00+00:00,6162.000000000001,6302.745797884545,6405.5837922376395
2020-09-01 21:00:00+00:00,5669.000000000001,5925.5963241335085,6011.28837875239
2020-09-01 22:00:00+00:00,5330.0,5541.306238510203,5560.292875164661
2020-09-01 23:00:00+00:00,5046.0,5265.405232716358,5250.606868186086
2020-09-02 00:00:00+00:00,4962.0,5062.095613699243,5016.304166284532
2020-09-02 01:00:00+00:00,4848.0,5041.114899360467,4925.883943021387
2020-09-02 02:00:00+00:00,5018.0,5045.527072321362,4866.06955770024
2020-09-02 03:00:00+00:00,5494.0,5348.7914521422335,5119.436915755196
2020-09-02 04:00:00+00:00,6461.0,5989.828000932284,5726.288524456281
2020-09-02 05:00:00+00:00,7238.000000000001,6956.550470425714,6645.626645276835
2020-09-02 06:00:00+00:00,7577.000000000002,7586.2478514731865,7324.572056294997
2020-09-02 07:00:00+00:00,7685.000000000001,7865.950503092138,7602.552833351544
2020-09-02 08:00:00+00:00,7770.999999999999,7947.60549767476,7710.170241373704
2020-09-02 09:00:00+00:00,7887.000000000001,8014.528083072785,7810.613840396509
2020-09-02 10:00:00+00:00,7673.0,8004.240776160593,7831.929420688466
2020-09-02 11:00:00+00:00,7605.0,7773.529400571446,7648.593637032583
2020-09-02 12:00:00+00:00,7487.000000000002,7652.392052029595,7570.271897008736
2020-09-02 13:00:00+00:00,7404.000000000001,7504.969745388545,7466.886748679544
2020-09-02 14:00:00+00:00,7325.999999999999,7382.075557733201,7391.205206225054
2020-09-02 15:00:00+00:00,7322.000000000001,7248.680712629975,7319.5623305471845
2020-09-02 16:00:00+00:00,7270.000000000001,7192.293799272888,7312.4697903219385
2020-09-02 17:00:00+00:00,7171.0,7106.5282330796235,7244.312285166905
2020-09-02 18:00:00+00:00,6968.000000000002,7008.710182136953,7115.295748120897
2020-09-02 19:00:00+00:00,6450.0,6721.07945713166,6846.313676720634
2020-09-02 20:00:00+00:00,6103.000000000002,6244.75206240434,6375.766667170756
2020-09-02 21:00:00+00:00,5596.0,5882.748218948347,5993.050785925708
2020-09-02 22:00:00+00:00,5305.999999999999,5479.847013660454,5532.475282820045
2020-09-02 23:00:00+00:00,5091.0,5223.270109789308,5227.88886136671
2020-09-03 00:00:00+00:00,4992.0,5108.60064423827,5056.033249581604
2020-09-03 01:00:00+00:00,4893.0,5086.76879869133,4956.039546502533
2020-09-03 02:00:00+00:00,4988.0,5115.017978142227,4915.691806946034
2020-09-03 03:00:00+00:00,5469.0,5371.7762974837715,5117.372309443444
2020-09-03 04:00:00+00:00,6436.000000000002,6013.779631126939,5707.573560040022
2020-09-03 05:00:00+00:00,7202.000000000001,6945.490215237255,6623.585819450875
2020-09-03 06:00:00+00:00,7556.0,7578.621735784765,7291.745398683559
2020-09-03 07:00:00+00:00,7635.0,7872.768447915155,7586.175433135707
2020-09-03 08:00:00+00:00,7679.0,7925.328748670055,7666.3424433297905
2020-09-03 09:00:00+00:00,7736.0,7938.360802750816,7726.035783486475
2020-09-03 10:00:00+00:00,7515.0,7890.866003274245,7709.624811132872
2020-09-03 11:00:00+00:00,7451.000000000001,7645.097219790201,7519.803890776249
2020-09-03 12:00:00+00:00,7356.000000000002,7514.833440341732,7436.853537904544
2020-09-03 13:00:00+00:00,7260.000000000001,7358.33477204139,7348.714414751538
2020-09-03 14:00:00+00:00,7199.000000000001,7214.861264139834,7261.812544190509
2020-09-03 15:00:00+00:00,7222.000000000002,7108.268749208893,7220.023917197418
2020-09-03 16:00:00+00:00,7250.0,7077.589662600617,7235.564054147086
2020-09-03 17:00:00+00:00,7158.000000000001,7052.3902495722205,7218.738074710112
2020-09-03 18:00:00+00:00,6958.0,6976.503189541978,7107.558030758391
2020-09-03 19:00:00+00:00,6444.000000000002,6724.073801573077,6832.840065977145
2020-09-03 20:00:00+00:00,6088.000000000001,6263.388727100351,6358.745437417683
2020-09-03 21:00:00+00:00,5604.999999999999,5900.353465791918,5956.595720990221
2020-09-03 22:00:00+00:00,5406.0,5497.668706083798,5528.760738901667
2020-09-03 23:00:00+00:00,5112.0,5320.477764215325,5317.473297011841
2020-09-04 00:00:00+00:00,5008.0,5127.750494445891,5073.030165969386
2020-09-04 01:00:00+00:00,4895.0,5066.5061791849175,4964.71936789158
2020-09-04 02:00:00+00:00,4998.0,5051.06925911249,4906.577938532748
2020-09-04 03:00:00+00:00,5477.999999999999,5298.410247342533,5116.9172058743725
2020-09-04 04:00:00+00:00,6326.999999999999,5928.8535473780885,5710.372328636013
2020-09-04 05:00:00+00:00,7032.0,6798.249913706805,6535.975832331568
2020-09-04 06:00:00+00:00,7386.000000000002,7403.187033565138,7162.3951660357625
2020-09-04 07:00:00+00:00,7450.0,7671.695561905305,7455.600153222019
2020-09-04 08:00:00+00:00,7501.0,7717.236034260734,7524.91638411343
2020-09-04 09:00:00+00:00,7577.000000000002,7735.659651147397,7586.259485735306
2020-09-04 10:00:00+00:00,7352.000000000001,7686.644166112323,7575.5162170490075
2020-09-04 11:00:00+00:00,7216.000000000001,7427.241270694876,7371.69917879575
2020-09-04 12:00:00+00:00,7115.000000000001,7246.063621113217,7237.93960301591
2020-09-04 13:00:00+00:00,7054.0,7083.180935066137,7140.9999788359055
2020-09-04 14:00:00+00:00,7015.0,6966.470413995585,7083.711225408296
2020-09-04 15:00:00+00:00,7074.000000000001,6887.245243446777,7068.116696352843
2020-09-04 16:00:00+00:00,7127.0,6898.618079433029,7112.020100442818
2020-09-04 17:00:00+00:00,7043.0,6911.276211765843,7112.5042305257475
2020-09-04 18:00:00+00:00,6798.000000000001,6850.4287566922185,6999.054173115992
2020-09-04 19:00:00+00:00,6315.999999999999,6549.9812542548025,6694.121739524788
2020-09-04 20:00:00+00:00,6017.000000000001,6117.685079650087,6246.646685887403
2020-09-04 21:00:00+00:00,5546.0,5832.3046454973855,5891.617926199711
2020-09-04 22:00:00+00:00,5203.0,5440.632562742293,5434.2826142465765
2020-09-04 23:00:00+00:00,4870.0,5158.944186282084,5097.911532483736
2020-09-05 00:00:00+00:00,4850.0,4781.233806293664,4819.79546683103
2020-09-05 01:00:00+00:00,4707.0,4801.589153790268,4780.7396127716875
2020-09-05 02:00:00+00:00,4693.0,4760.846447455894,4680.200362103867
2020-09-05 03:00:00+00:00,4888.0,4878.177564608041,4744.609778757212
2020-09-05 04:00:00+00:00,5260.0,5193.975542015812,4993.313084513081
2020-09-05 05:00:00+00:00,5573.0,5654.558388834716,5407.605210511192
2020-09-05 06:00:00+00:00,5934.0,5899.545306729303,5733.655259062984
2020-09-05 07:00:00+00:00,6208.0,6179.972456166626,6060.010821351606
2020-09-05 08:00:00+00:00,6367.000000000001,6388.897965782276,6301.897902564043
2020-09-05 09:00:00+00:00,6534.000000000002,6501.172275031685,6458.141443250801
2020-09-05 10:00:00+00:00,6419.000000000001,6546.732763934029,6535.430472096941
2020-09-05 11:00:00+00:00,6281.0,6375.652873734731,6403.753963592929
2020-09-05 12:00:00+00:00,6146.000000000001,6181.363972041251,6268.384895454687
2020-09-05 13:00:00+00:00,6135.000000000001,6019.790082052185,6164.76026427418
2020-09-05 14:00:00+00:00,6157.000000000001,5969.588133886757,6155.593080853997
2020-09-05 15:00:00+00:00,6246.0,5964.960185661949,6191.100516235472
2020-09-05 16:00:00+00:00,6191.0,5998.3956935363785,6255.100004350955
2020-09-05 17:00:00+00:00,6106.0,5921.263645981092,6185.246531720431
2020-09-05 18:00:00+00:00,6008.0,5878.224769178382,6086.276429138983
2020-09-05 19:00:00+00:00,5666.0,5717.05222463099,5923.086370897434
2020-09-05 20:00:00+00:00,5477.0,5413.930483359259,5619.897398082423
2020-09-05 21:00:00+00:00,5081.0,5176.969263047087,5367.539332233518
2020-09-05 22:00:00+00:00,4804.0,4847.302923189823,5002.188531102046
2020-09-05 23:00:00+00:00,4525.0,4612.951960940973,4719.733912895785
2020-09-06 00:00:00+00:00,4418.0,4443.841949695789,4494.07636115085
2020-09-06 01:00:00+00:00,4293.0,4390.083437752543,4374.583933174713
2020-09-06 02:00:00+00:00,4304.0,4365.1618520199145,4278.1634948335595
2020-09-06 03:00:00+00:00,4430.0,4466.050025057493,4336.098401103549
2020-09-06 04:00:00+00:00,4638.0,4694.086854179754,4493.838279331712
2020-09-06 05:00:00+00:00,4950.0,4976.827843723717,4725.1095898913245
2020-09-06 06:00:00+00:00,5295.000000000001,5336.66672147059,5050.256294234875
2020-09-06 07:00:00+00:00,5640.0,5700.048950398576,5388.672210666852
2020-09-06 08:00:00+00:00,5996.000000000001,6012.623422093908,5705.005365287675
2020-09-06 09:00:00+00:00,6206.000000000001,6322.55497238138,6026.670948265345
2020-09-06 10:00:00+00:00,6064.000000000001,6408.7738838656,6139.44094309878
2020-09-06 11:00:00+00:00,5904.0,6213.382078398881,5999.979775629546
2020-09-06 12:00:00+00:00,5829.000000000001,5986.77745382696,5844.119962672716
2020-09-06 13:00:00+00:00,5774.000000000001,5807.108765344701,5781.917425587916
2020-09-06 14:00:00+00:00,5800.000000000002,5737.115728418687,5753.065624138712
2020-09-06 15:00:00+00:00,5842.0,5761.358888589981,5796.044678072004
2020-09-06 16:00:00+00:00,5955.000000000001,5759.831163178574,5849.803020942338
2020-09-06 17:00:00+00:00,5958.000000000002,5798.893724090742,5925.814058662038
2020-09-06 18:00:00+00:00,5878.000000000001,5741.253301929559,5910.790773480686
2020-09-06 19:00:00+00:00,5553.000000000001,5522.722529364804,5767.768258744346
2020-09-06 20:00:00+00:00,5468.0,5227.0050460639195,5500.049448952451
2020-09-06 21:00:00+00:00,5132.0,5165.491308440722,5336.108556840292
2020-09-06 22:00:00+00:00,5041.0,4928.883041423982,5065.587414555993
2020-09-06 23:00:00+00:00,4847.0,4846.053031545107,4927.077947596386
2020-09-07 00:00:00+00:00,4776.0,4868.506769644304,4758.587384604419
2020-09-07 01:00:00+00:00,4749.0,4842.199039760302,4688.149968937705
2020-09-07 02:00:00+00:00,4893.0,4912.00729372333,4697.280341986109
2020-09-07 03:00:00+00:00,5397.0,5181.947616718459,4915.837621099753
2020-09-07 04:00:00+00:00,6413.000000000001,5784.092287288017,5494.872794064683
2020-09-07 05:00:00+00:00,7228.0,6755.206565076557,6418.560876998477
2020-09-07 06:00:00+00:00,7626.000000000002,7507.514853162304,7129.057514550074
2020-09-07 07:00:00+00:00,7763.0,7875.162287956798,7475.524191047582
2020-09-07 08:00:00+00:00,7901.999999999999,8027.854454585569,7631.8683548944255
2020-09-07 09:00:00+00:00,8103.000000000001,8159.747861667889,7783.5433168393
2020-09-07 10:00:00+00:00,7957.0,8229.068923029075,7889.296131189692
2020-09-07 11:00:00+00:00,7867.0,8044.628979958345,7756.043469381562
2020-09-07 12:00:00+00:00,7739.0,7896.75357537409,7663.664682177541
2020-09-07 13:00:00+00:00,7630.0,7706.584662951498,7544.656590297728
2020-09-07 14:00:00+00:00,7525.000000000002,7533.405244350223,7447.364509618219
2020-09-07 15:00:00+00:00,7508.000000000001,7393.00794962002,7366.967657103929
2020-09-07 16:00:00+00:00,7487.000000000002,7326.030497966371,7362.650334681278
2020-09-07 17:00:00+00:00,7376.0,7248.222128461831,7321.310591156999
2020-09-07 18:00:00+00:00,7101.000000000001,7088.75971099824,7189.931124000806
2020-09-07 19:00:00+00:00,6569.000000000001,6752.224079303777,6866.303905655913
2020-09-07 20:00:00+00:00,6228.000000000001,6275.789743540282,6400.0002948524225
2020-09-07 21:00:00+00:00,5724.0,5928.132467102693,6027.148354617958
2020-09-07 22:00:00+00:00,5462.0,5501.152566205088,5582.324620678981
2020-09-07 23:00:00+00:00,5112.0,5288.097948553103,5317.973284768525
2020-09-08 00:00:00+00:00,5010.0,5069.696361755108,5039.686894079345
2020-09-08 01:00:00+00:00,4991.0,5032.449744559707,4942.927400235413
2020-09-08 02:00:00+00:00,5107.0,5124.750272034985,4953.278605789595
2020-09-08 03:00:00+00:00,5593.0,5405.450022509892,5185.111874544865
2020-09-08 04:00:00+00:00,6545.000000000002,6070.683099203564,5812.430157208969
2020-09-08 05:00:00+00:00,7299.0,7045.678069529222,6734.864549987487
2020-09-08 06:00:00+00:00,7606.000000000001,7657.489348198743,7411.449227408223
2020-09-08 07:00:00+00:00,7598.999999999999,7900.584959203167,7681.0932663454705
2020-09-08 08:00:00+00:00,7631.000000000001,7888.723661396917,7713.989505849892
2020-09-08 09:00:00+00:00,7707.000000000001,7899.726305996722,7771.497133708177
2020-09-08 10:00:00+00:00,7462.000000000001,7862.407744672585,7766.6257949096125
2020-09-08 11:00:00+00:00,7365.0,7598.427965675055,7558.042686288586
2020-09-08 12:00:00+00:00,7341.000000000001,7458.630377095711,7453.412300640546
2020-09-08 13:00:00+00:00,7223.0,7354.584085989226,7415.27788642643
2020-09-08 14:00:00+00:00,7186.000000000001,7178.758991938011,7296.764621066293
2020-09-08 15:00:00+00:00,7232.000000000001,7085.065549047952,7257.464365223161
2020-09-08 16:00:00+00:00,7325.000000000001,7077.778104025996,7285.080053072137
2020-09-08 17:00:00+00:00,7277.0,7118.964659233462,7315.722187685176
2020-09-08 18:00:00+00:00,7084.0,7036.403300657532,7210.891868963484
2020-09-08 19:00:00+00:00,6562.0,6815.292494341783,6933.083100076926
2020-09-08 20:00:00+00:00,6224.0,6352.221070079832,6449.775409531967
2020-09-08 21:00:00+00:00,5748.000000000002,5990.763374276122,6064.678340579003
2020-09-08 22:00:00+00:00,5361.999999999999,5587.090542330803,5627.183247018819
2020-09-08 23:00:00+00:00,5140.0,5268.295379121326,5260.128098023356
2020-09-09 00:00:00+00:00,5043.0,5145.748516610545,5072.389467148672
2020-09-09 01:00:00+00:00,4942.0,5114.594338357768,4976.902520726765
2020-09-09 02:00:00+00:00,5056.0,5141.178728336033,4945.316051403977
2020-09-09 03:00:00+00:00,5545.0,5415.199871593165,5160.929049295334
2020-09-09 04:00:00+00:00,6482.000000000001,6080.313654952349,5785.5609470075415
2020-09-09 05:00:00+00:00,7234.0,7033.529408964801,6686.726642579655
2020-09-09 06:00:00+00:00,7552.000000000001,7614.458954626039,7330.598298233222
2020-09-09 07:00:00+00:00,7568.999999999999,7833.653074970392,7585.427199697956
2020-09-09 08:00:00+00:00,7607.000000000002,7822.3832511505325,7617.493781059218
2020-09-09 09:00:00+00:00,7676.0,7821.311529694721,7674.325803901989
2020-09-09 10:00:00+00:00,7467.999999999999,7766.128870508713,7663.799295707647
2020-09-09 11:00:00+00:00,7352.000000000001,7523.89751616371,7489.921489714723
2020-09-09 12:00:00+00:00,7341.000000000001,7370.458230791106,7379.280164488179
2020-09-09 13:00:00+00:00,7281.000000000001,7275.811300323322,7345.683885033096
2020-09-09 14:00:00+00:00,7159.000000000001,7150.7576708674715,7283.213890284456
2020-09-09 15:00:00+00:00,7175.000000000001,7012.602983849815,7196.195069825362
2020-09-09 16:00:00+00:00,7235.000000000001,7002.76178024777,7204.660787791457
2020-09-09 17:00:00+00:00,7238.000000000001,7037.570447147481,7225.39703259295
2020-09-09 18:00:00+00:00,7040.0,7008.862478945531,7172.4794289791325
2020-09-09 19:00:00+00:00,6511.0,6773.443906638493,6883.9793979273845
2020-09-09 20:00:00+00:00,6158.0,6273.844867546513,6400.130859493955
2020-09-09 21:00:00+00:00,5655.0,5910.488438407625,6003.334455426921
2020-09-09 22:00:00+00:00,5371.0,5484.878929106834,5546.310538773136
2020-09-09 23:00:00+00:00,5110.0,5259.372968929871,5277.753016030204
2020-09-10 00:00:00+00:00,5011.0,5090.170679682182,5058.719392883472
2020-09-10 01:00:00+00:00,4974.0,5072.118392128541,4958.510935484487
2020-09-10 02:00:00+00:00,5071.0,5126.706098641874,4958.900493093215
2020-09-10 03:00:00+00:00,5548.0,5391.376695587747,5163.244249889965
2020-09-10 04:00:00+00:00,6588.000000000001,6033.6527434835725,5777.917631947119
2020-09-10 05:00:00+00:00,7311.000000000001,7055.019723943609,6752.501805728054
2020-09-10 06:00:00+00:00,7618.000000000002,7670.2772814728505,7378.8893087866845
2020-09-10 07:00:00+00:00,7662.0,7903.93050513893,7621.688494899836
2020-09-10 08:00:00+00:00,7721.000000000001,7928.610105257574,7665.711161278208
2020-09-10 09:00:00+00:00,7783.0,7960.482960197823,7725.713281233436
2020-09-10 10:00:00+00:00,7544.000000000002,7894.147602865808,7711.47246645583
2020-09-10 11:00:00+00:00,7437.000000000001,7636.640444323183,7514.159431780129
2020-09-10 12:00:00+00:00,7334.000000000002,7468.929711281861,7415.718901855916
2020-09-10 13:00:00+00:00,7273.000000000001,7307.784712271512,7316.2857735255675
2020-09-10 14:00:00+00:00,7239.0,7184.122537356036,7250.000040251811
2020-09-10 15:00:00+00:00,7291.0,7112.674503032561,7230.805984248714
2020-09-10 16:00:00+00:00,7339.000000000001,7126.017357509132,7279.198075152071
2020-09-10 17:00:00+00:00,7303.000000000001,7135.348536549445,7296.403419606853
2020-09-10 18:00:00+00:00,7116.0,7089.781810415221,7215.03637061276
2020-09-10 19:00:00+00:00,6581.0,6837.059070497463,6934.904347269374
2020-09-10 20:00:00+00:00,6224.0,6347.455192021567,6443.7242397242435
2020-09-10 21:00:00+00:00,5719.0,5975.718196806485,6046.731978637228
2020-09-10 22:00:00+00:00,5464.0,5557.8841042509675,5614.140880291741
2020-09-10 23:00:00+00:00,5193.0,5343.0403599857145,5348.212749655332
2020-09-11 00:00:00+00:00,5093.000000000001,5175.981003492394,5120.690251544574
2020-09-11 01:00:00+00:00,4978.0,5131.50606295116,5021.834114961454
2020-09-11 02:00:00+00:00,5084.0,5136.333247734332,4965.163893160099
2020-09-11 03:00:00+00:00,5615.0,5398.454268891875,5175.014424455443
2020-09-11 04:00:00+00:00,6507.000000000002,6082.371670436137,5813.720071285988
2020-09-11 05:00:00+00:00,7218.0,6979.614102945692,6665.089050810863
2020-09-11 06:00:00+00:00,7532.000000000001,7556.036035356548,7281.796388731586
2020-09-11 07:00:00+00:00,7571.000000000001,7790.594358877982,7528.788590996698
2020-09-11 08:00:00+00:00,7633.000000000001,7801.6614137964325,7572.103963463825
2020-09-11 09:00:00+00:00,7683.000000000001,7831.813629761902,7637.5427400942735
2020-09-11 10:00:00+00:00,7420.0,7767.903593434914,7611.3003574453305
2020-09-11 11:00:00+00:00,7231.0,7479.580987791767,7382.652273785694
2020-09-11 12:00:00+00:00,7092.0,7258.457005396793,7215.690075866724
2020-09-11 13:00:00+00:00,7019.000000000001,7073.001952703227,7096.654718523622
2020-09-11 14:00:00+00:00,7033.999999999999,6949.070603091036,7032.588057081296
2020-09-11 15:00:00+00:00,7132.000000000002,6931.433203585446,7059.303491962176
2020-09-11 16:00:00+00:00,7194.000000000001,6987.4521824344565,7145.560107827345
2020-09-11 17:00:00+00:00,7131.000000000001,7001.3817760261845,7171.661697917822
2020-09-11 18:00:00+00:00,6904.0,6922.174933406037,7062.281352040449
2020-09-11 19:00:00+00:00,6358.0,6625.915844562078,6758.621673420969
2020-09-11 20:00:00+00:00,6033.0,6139.01239101276,6270.372583778145
2020-09-11 21:00:00+00:00,5566.0,5803.47764496143,5899.121388488179
2020-09-11 22:00:00+00:00,5223.0,5421.570454185316,5467.959003516728
2020-09-11 23:00:00+00:00,4912.0,5137.569610119549,5128.748480633736
2020-09-12 00:00:00+00:00,4807.0,4827.887003396268,4888.431272820871
2020-09-12 01:00:00+00:00,4704.0,4775.507245882653,4773.949449580316
2020-09-12 02:00:00+00:00,4691.0,4769.547609583759,4703.44141886516
2020-09-12 03:00:00+00:00,4825.0,4904.609650139183,4773.049902588393
2020-09-12 04:00:00+00:00,5193.0,5207.298308326744,5013.417904691497
2020-09-12 05:00:00+00:00,5576.0,5657.569193364772,5400.287829793421
2020-09-12 06:00:00+00:00,5907.0,5966.198793739609,5777.541907859568
2020-09-12 07:00:00+00:00,6080.000000000001,6235.570070705492,6078.322205307542
2020-09-12 08:00:00+00:00,6202.0,6362.907501104274,6241.7627508475125
2020-09-12 09:00:00+00:00,6285.000000000001,6441.285857372262,6368.388647641535
2020-09-12 10:00:00+00:00,6122.000000000002,6416.779273387711,6386.357706192999
2020-09-12 11:00:00+00:00,5998.000000000001,6203.0095981291915,6224.479258354009
2020-09-12 12:00:00+00:00,5933.000000000001,6024.5313155067315,6095.6855743509705
2020-09-12 13:00:00+00:00,5848.000000000001,5914.951711853814,6040.012084703851
2020-09-12 14:00:00+00:00,5898.000000000002,5799.921803788248,5982.893811961243
2020-09-12 15:00:00+00:00,6039.000000000001,5830.374601542969,6044.71303681389
2020-09-12 16:00:00+00:00,6110.000000000001,5899.448154584589,6142.025440270808
2020-09-12 17:00:00+00:00,6108.000000000001,5927.906444637598,6172.384978054358
2020-09-12 18:00:00+00:00,6006.0,5912.890899930425,6134.014990349507
2020-09-12 19:00:00+00:00,5647.0,5761.951821488141,5949.25751541595
2020-09-12 20:00:00+00:00,5496.0,5419.238569129744,5622.816522013429
2020-09-12 21:00:00+00:00,5097.0,5209.823680464055,5397.311897372147
2020-09-12 22:00:00+00:00,4864.0,4851.212540931133,5022.581007320935
2020-09-12 23:00:00+00:00,4582.0,4632.205226406635,4771.96731195734
2020-09-13 00:00:00+00:00,4568.0,4444.901281416974,4535.254020363223
2020-09-13 01:00:00+00:00,4441.0,4452.7870443108295,4492.194816365887
2020-09-13 02:00:00+00:00,4396.0,4461.5614298674855,4399.97658671156
2020-09-13 03:00:00+00:00,4495.0,4521.983413294415,4402.142494397378
2020-09-13 04:00:00+00:00,4661.0,4773.813571114754,4544.321408072481
2020-09-13 05:00:00+00:00,4908.0,5038.824940561951,4757.609989634393
2020-09-13 06:00:00+00:00,5241.0,5255.661969554551,5033.07108909113
2020-09-13 07:00:00+00:00,5506.0,5575.583275957558,5359.765574326309
2020-09-13 08:00:00+00:00,5745.000000000001,5824.193338936542,5634.781590987439
2020-09-13 09:00:00+00:00,5898.000000000002,6008.567399607983,5858.63493605903
2020-09-13 10:00:00+00:00,5734.000000000001,6041.188804898652,5930.417146395096
2020-09-13 11:00:00+00:00,5572.000000000001,5812.0605245316965,5768.465324840484
2020-09-13 12:00:00+00:00,5444.0,5595.030513891879,5629.401456123944
2020-09-13 13:00:00+00:00,5415.0,5410.590160717919,5517.797983793822
2020-09-13 14:00:00+00:00,5503.999999999999,5334.637665180512,5505.4030758016615
2020-09-13 15:00:00+00:00,5681.0,5372.16542918365,5589.890422280755
2020-09-13 16:00:00+00:00,5919.000000000001,5500.8389885706065,5747.921833469473
2020-09-13 17:00:00+00:00,6026.000000000001,5644.743894467541,5923.362724198794
2020-09-13 18:00:00+00:00,5948.0,5815.03032242912,5978.344028958945
2020-09-13 19:00:00+00:00,5607.0,5651.5853134147665,5828.932835248777
2020-09-13 20:00:00+00:00,5521.0,5392.901242341465,5549.754286660019
2020-09-13 21:00:00+00:00,5189.0,5298.726159147543,5389.237788555817
2020-09-13 22:00:00+00:00,5061.0,5044.485913697191,5109.265079649955
2020-09-13 23:00:00+00:00,4836.0,4926.343318993453,4955.071002147475
2020-09-14 00:00:00+00:00,4760.0,4945.151215953082,4774.431163991165
2020-09-14 01:00:00+00:00,4710.0,4936.475651292814,4703.53313408239
2020-09-14 02:00:00+00:00,4824.0,4982.767537574249,4692.070018728914
2020-09-14 03:00:00+00:00,5426.000000000001,5217.5691702650665,4883.905098575471
2020-09-14 04:00:00+00:00,6513.0,5890.463009184793,5541.773155978835
2020-09-14 05:00:00+00:00,7318.0,6913.058734849617,6522.505021493632
2020-09-14 06:00:00+00:00,7657.0,7538.542977425049,7219.371145341359
2020-09-14 07:00:00+00:00,7694.000000000001,7790.123769919776,7516.380860284433
2020-09-14 08:00:00+00:00,7740.999999999999,7803.222775081392,7589.70582161857
2020-09-14 09:00:00+00:00,7824.0,7814.709936618234,7676.180352072502
2020-09-14 10:00:00+00:00,7617.000000000001,7776.35792585468,7695.882382549982
2020-09-14 11:00:00+00:00,7527.000000000001,7522.333793207661,7513.633893966816
2020-09-14 12:00:00+00:00,7447.0,7357.193925927227,7412.443699594943
2020-09-14 13:00:00+00:00,7411.0,7212.0346735306775,7329.9230126537395
2020-09-14 14:00:00+00:00,7372.000000000002,7119.590069978314,7289.522993322398
2020-09-14 15:00:00+00:00,7426.000000000001,7059.874437467686,7271.125507958818
2020-09-14 16:00:00+00:00,7482.0,7096.8953882511205,7324.941936018118
2020-09-14 17:00:00+00:00,7404.000000000001,7134.35932066442,7352.317837258625
2020-09-14 18:00:00+00:00,7120.000000000001,7089.314690854267,7234.393281223435
2020-09-14 19:00:00+00:00,6586.000000000002,6769.303276961713,6893.759632215813
2020-09-14 20:00:00+00:00,6224.0,6305.925432801931,6426.7020479326275
2020-09-14 21:00:00+00:00,5722.0,5944.591617115589,6034.918771692557
2020-09-14 22:00:00+00:00,5548.0,5541.675754895361,5603.890938078856
2020-09-14 23:00:00+00:00,5204.0,5387.097197781576,5389.150528431183
2020-09-15 00:00:00+00:00,5165.0,5163.692713749502,5110.125935120467
2020-09-15 01:00:00+00:00,5062.0,5188.9083496074345,5073.907507576661
2020-09-15 02:00:00+00:00,5150.0,5211.884461552,5029.984571526994
2020-09-15 03:00:00+00:00,5607.0,5472.905940075418,5237.330733891181
2020-09-15 04:00:00+00:00,6608.000000000002,6120.300364357846,5845.728844275706
2020-09-15 05:00:00+00:00,7345.000000000002,7126.907545730234,6793.26939302448
2020-09-15 06:00:00+00:00,7619.0,7714.493863156829,7422.176841269311
2020-09-15 07:00:00+00:00,7622.0,7884.7883973447015,7625.080146856199
2020-09-15 08:00:00+00:00,7697.000000000002,7845.519394625682,7637.226467715638
2020-09-15 09:00:00+00:00,7792.000000000001,7868.235388068885,7713.826171264347
2020-09-15 10:00:00+00:00,7609.999999999999,7833.522301051587,7719.129972315722
2020-09-15 11:00:00+00:00,7546.000000000001,7610.62828966758,7559.123536129511
2020-09-15 12:00:00+00:00,7536.000000000002,7486.357533151511,7501.199728504467
2020-09-15 13:00:00+00:00,7443.000000000002,7398.142856933956,7467.6070885220815
2020-09-15 14:00:00+00:00,7400.0,7258.60038071184,7388.8848158069595
2020-09-15 15:00:00+00:00,7399.000000000001,7190.495448558098,7370.537599240661
2020-09-15 16:00:00+00:00,7440.000000000001,7188.760432405562,7392.586838327214
2020-09-15 17:00:00+00:00,7426.999999999999,7218.721918344536,7407.239108560031
2020-09-15 18:00:00+00:00,7211.000000000002,7194.461507220411,7337.639260613095
2020-09-15 19:00:00+00:00,6628.0,6913.757433503329,7034.209215466365
2020-09-15 20:00:00+00:00,6258.000000000001,6396.5586062722095,6510.63099502229
2020-09-15 21:00:00+00:00,5761.000000000001,6022.411024532634,6105.5461056811855
2020-09-15 22:00:00+00:00,5548.0,5605.902355163868,5649.932831906575
2020-09-15 23:00:00+00:00,5316.999999999999,5432.239952872546,5422.918152575277
2020-09-16 00:00:00+00:00,5222.0,5292.991837282209,5230.76880389585
2020-09-16 01:00:00+00:00,5135.0,5256.430988427571,5132.961612706443
2020-09-16 02:00:00+00:00,5240.0,5283.567693494094,5098.397558498
2020-09-16 03:00:00+00:00,5773.0,5547.255810985235,5307.794995664831
2020-09-16 04:00:00+00:00,6732.0,6250.112038222973,5962.554057334463
2020-09-16 05:00:00+00:00,7416.000000000002,7229.914728188254,6873.645876810118
2020-09-16 06:00:00+00:00,7719.000000000002,7759.119042884095,7460.835750141499
2020-09-16 07:00:00+00:00,7769.0,7952.826143639013,7687.278979896201
2020-09-16 08:00:00+00:00,7854.0,7965.298198921401,7737.336618721165
2020-09-16 09:00:00+00:00,7938.0,8008.833171157764,7820.830503704952
2020-09-16 10:00:00+00:00,7750.0,7977.472417769117,7827.33878724531
2020-09-16 11:00:00+00:00,7671.0,7762.23026563695,7661.127254625805
2020-09-16 12:00:00+00:00,7568.999999999999,7636.001476556509,7600.095862824626
2020-09-16 13:00:00+00:00,7510.0,7483.079106322704,7506.068189596196
2020-09-16 14:00:00+00:00,7490.0,7391.545595561862,7435.110951048608
2020-09-16 15:00:00+00:00,7523.0,7337.539411518504,7423.526296834311
2020-09-16 16:00:00+00:00,7564.0,7332.307532882527,7462.8797689484945
2020-09-16 17:00:00+00:00,7557.000000000001,7322.096385035769,7492.653963356426
2020-09-16 18:00:00+00:00,7252.000000000002,7328.950066972021,7431.65058129569
2020-09-16 19:00:00+00:00,6658.0,6960.263752112323,7057.648122352878
2020-09-16 20:00:00+00:00,6271.000000000001,6408.014033319167,6522.382486877297
2020-09-16 21:00:00+00:00,5779.0,6032.359453322909,6099.793794071434
2020-09-16 22:00:00+00:00,5555.0,5626.514968425242,5665.2158065974745
2020-09-16 23:00:00+00:00,5300.0,5436.303926376209,5430.929862610363
2020-09-17 00:00:00+00:00,5212.0,5253.447229215589,5216.461953971345
2020-09-17 01:00:00+00:00,5123.000000000001,5222.350709259922,5137.763521807928
2020-09-17 02:00:00+00:00,5212.0,5280.662225018753,5099.623408934014
2020-09-17 03:00:00+00:00,5777.000000000001,5525.796701014201,5300.626288134317
2020-09-17 04:00:00+00:00,6766.000000000002,6240.449619327115,5996.230423859196
2020-09-17 05:00:00+00:00,7489.000000000001,7184.250788483094,6919.565994152609
2020-09-17 06:00:00+00:00,7794.0,7843.355150592137,7535.447561772786
2020-09-17 07:00:00+00:00,7845.0,8083.0613324504175,7772.310879779422
2020-09-17 08:00:00+00:00,7937.000000000001,8167.176481693543,7828.040222033888
2020-09-17 09:00:00+00:00,8030.000000000002,8196.327479245609,7914.442203566129
2020-09-17 10:00:00+00:00,7834.0,8212.663596530843,7920.929301757623
2020-09-17 11:00:00+00:00,7777.0,7953.635792658524,7749.481678195934
2020-09-17 12:00:00+00:00,7740.000000000001,7779.9411541587215,7679.301584582542
2020-09-17 13:00:00+00:00,7613.0,7656.974632871657,7635.473588286891
2020-09-17 14:00:00+00:00,7559.0,7484.917814149015,7533.798930602126
2020-09-17 15:00:00+00:00,7556.0,7405.643414692753,7506.966976861803
2020-09-17 16:00:00+00:00,7554.000000000001,7381.543429309932,7517.445506931434
2020-09-17 17:00:00+00:00,7543.000000000001,7365.35484169404,7508.268071090324
2020-09-17 18:00:00+00:00,7242.0,7310.582801532449,7439.7341970635935
2020-09-17 19:00:00+00:00,6634.000000000001,6937.379010250744,7066.635669507101
2020-09-17 20:00:00+00:00,6259.0,6382.177969239035,6518.97953080492
2020-09-17 21:00:00+00:00,5813.000000000001,5997.992941197586,6105.1938189589455
2020-09-17 22:00:00+00:00,5541.0,5620.841018805489,5709.3872036869425
2020-09-17 23:00:00+00:00,5278.0,5395.741624703535,5435.984515261539
2020-09-18 00:00:00+00:00,5172.0,5236.02760508843,5215.965844825321
2020-09-18 01:00:00+00:00,5084.0,5204.378708276851,5108.332687692685
2020-09-18 02:00:00+00:00,5188.0,5227.481738141694,5071.502148918008
2020-09-18 03:00:00+00:00,5741.0,5506.183771831963,5296.728357525037
2020-09-18 04:00:00+00:00,6765.000000000001,6220.371323370093,5956.292365670378
2020-09-18 05:00:00+00:00,7486.000000000001,7239.871197332581,6905.93462724033
2020-09-18 06:00:00+00:00,7780.0,7807.32611774256,7521.883494271199
2020-09-18 07:00:00+00:00,7785.0,8014.838257638476,7749.7271246821465
2020-09-18 08:00:00+00:00,7841.999999999999,8006.862045768741,7772.7436185154875
2020-09-18 09:00:00+00:00,7871.000000000001,8021.482802365134,7831.679945448332
2020-09-18 10:00:00+00:00,7594.0,7937.117357639353,7785.684062584636
2020-09-18 11:00:00+00:00,7421.000000000001,7632.992311877932,7539.966476247937
2020-09-18 12:00:00+00:00,7279.000000000001,7426.998846967081,7382.196836856127
2020-09-18 13:00:00+00:00,7209.0,7222.112758743859,7253.522617256708
2020-09-18 14:00:00+00:00,7183.000000000001,7113.313468504878,7200.884878158988
2020-09-18 15:00:00+00:00,7262.000000000001,7072.332905141664,7201.021608251911
2020-09-18 16:00:00+00:00,7332.0,7111.656515284787,7271.283841999397
2020-09-18 17:00:00+00:00,7336.999999999999,7154.064772004179,7309.344042328254
2020-09-18 18:00:00+00:00,7056.0,7154.892542844735,7244.8871706681
2020-09-18 19:00:00+00:00,6499.0,6785.937005089322,6883.219598684748
2020-09-18 20:00:00+00:00,6169.0,6284.943015114479,6380.3427699942595
2020-09-18 21:00:00+00:00,5696.0,5942.300464815694,6010.707669331294
2020-09-18 22:00:00+00:00,5331.999999999999,5535.332106224106,5573.845222555648
2020-09-18 23:00:00+00:00,4960.0,5233.5463700542805,5224.18755391276
2020-09-19 00:00:00+00:00,4827.0,4827.698125932465,4921.615178016036
2020-09-19 01:00:00+00:00,4692.0,4764.210370770663,4796.558884800952
2020-09-19 02:00:00+00:00,4684.0,4734.307213308899,4702.552678555658
2020-09-19 03:00:00+00:00,4913.0,4868.447624061799,4765.342023147469
2020-09-19 04:00:00+00:00,5290.0,5261.006741490965,5084.800713509492
2020-09-19 05:00:00+00:00,5736.000000000001,5733.5589550932755,5492.978790014267
2020-09-19 06:00:00+00:00,6113.999999999999,6123.26955135965,5909.050446175492
2020-09-19 07:00:00+00:00,6305.000000000002,6394.285521183148,6221.6784151664415
2020-09-19 08:00:00+00:00,6382.0,6524.441575914152,6390.604037643975
2020-09-19 09:00:00+00:00,6407.0,6554.745412117931,6465.800790743723
2020-09-19 10:00:00+00:00,6182.000000000002,6473.95970681297,6430.482183797358
2020-09-19 11:00:00+00:00,6074.0,6210.087463915143,6227.003506506739
2020-09-19 12:00:00+00:00,5936.000000000001,6062.653983053377,6123.682966257145
2020-09-19 13:00:00+00:00,5894.0,5888.044117594063,5999.788772610432
2020-09-19 14:00:00+00:00,5873.000000000001,5793.704844791136,5976.737857684673
2020-09-19 15:00:00+00:00,5998.000000000001,5750.776463797871,5995.243554821548
2020-09-19 16:00:00+00:00,6091.000000000001,5841.1981077023165,6106.485591589223
2020-09-19 17:00:00+00:00,6146.000000000001,5910.425810672884,6174.712092732541
2020-09-19 18:00:00+00:00,6053.000000000001,5971.0306091073235,6173.337312644229
2020-09-19 19:00:00+00:00,5649.999999999999,5809.111185319829,5990.962422777954
2020-09-19 20:00:00+00:00,5484.0,5467.550404355557,5639.341312812285
2020-09-19 21:00:00+00:00,5085.0,5271.80069242956,5401.735195650837
2020-09-19 22:00:00+00:00,4790.0,4931.077298393632,5034.159408557651
2020-09-19 23:00:00+00:00,4509.0,4674.297557001583,4732.697787824607
2020-09-20 00:00:00+00:00,4433.0,4504.704818106489,4513.109350810659
2020-09-20 01:00:00+00:00,4367.0,4472.931627043733,4421.608807400289
2020-09-20 02:00:00+00:00,4362.0,4482.906858027885,4363.461945273264
2020-09-20 03:00:00+00:00,4498.0,4583.005608227646,4396.879474207612
2020-09-20 04:00:00+00:00,4699.0,4806.517576829353,4558.571997492778
2020-09-20 05:00:00+00:00,4934.0,5087.889515333919,4789.427520145395
2020-09-20 06:00:00+00:00,5230.0,5299.217071768602,5057.229600360602
2020-09-20 07:00:00+00:00,5438.0,5557.853713229258,5342.117084779992
2020-09-20 08:00:00+00:00,5643.000000000001,5725.233885361296,5548.449116498005
2020-09-20 09:00:00+00:00,5780.000000000001,5860.619773952757,5731.5010305520345
2020-09-20 10:00:00+00:00,5568.000000000001,5869.547796576684,5782.393537207193
2020-09-20 11:00:00+00:00,5385.000000000001,5623.880443883099,5585.935383392085
2020-09-20 12:00:00+00:00,5329.0,5380.909809738562,5415.289078756681
2020-09-20 13:00:00+00:00,5344.0,5271.651740618459,5365.067292615623
2020-09-20 14:00:00+00:00,5435.0,5242.36300546347,5392.172430900101
2020-09-20 15:00:00+00:00,5591.0,5300.502783949409,5503.810079659766
2020-09-20 16:00:00+00:00,5899.0,5439.524509003345,5672.973224842017
2020-09-20 17:00:00+00:00,6067.000000000001,5656.150291190643,5924.945322734239
2020-09-20 18:00:00+00:00,5979.000000000001,5838.228124828865,6025.866896361269
2020-09-20 19:00:00+00:00,5615.0,5689.289432608576,5862.567837891175
2020-09-20 20:00:00+00:00,5530.0,5392.161468548803,5565.137134398361
2020-09-20 21:00:00+00:00,5165.0,5261.366905007752,5406.155499474724
2020-09-20 22:00:00+00:00,5054.0,4967.931338304326,5089.829356201986
2020-09-20 23:00:00+00:00,4814.0,4874.2707023798785,4942.0430927709585
2020-09-21 00:00:00+00:00,4741.0,4892.417920613097,4744.670201809954
2020-09-21 01:00:00+00:00,4659.0,4886.392620945515,4676.044803405668
2020-09-21 02:00:00+00:00,4820.0,4906.424997631808,4638.114783827055
2020-09-21 03:00:00+00:00,5461.0,5199.246922984791,4886.8555996876385
2020-09-21 04:00:00+00:00,6579.0,5926.7822440826585,5590.214543475635
2020-09-21 05:00:00+00:00,7328.000000000001,6975.712392529684,6590.841353257939
2020-09-21 06:00:00+00:00,7671.0,7566.835403941631,7231.956384189114
2020-09-21 07:00:00+00:00,7723.0,7819.289837666335,7507.651873590008
2020-09-21 08:00:00+00:00,7783.0,7842.039817000108,7571.102175194194
2020-09-21 09:00:00+00:00,7858.000000000002,7859.515738217939,7642.423934449841
2020-09-21 10:00:00+00:00,7677.000000000001,7818.343023704558,7640.4574240673455
2020-09-21 11:00:00+00:00,7638.0,7593.980769230709,7475.758658757907
2020-09-21 12:00:00+00:00,7554.000000000001,7484.187084826754,7427.143640143658
2020-09-21 13:00:00+00:00,7496.0,7346.20908839266,7359.5976818244
2020-09-21 14:00:00+00:00,7465.000000000002,7254.868044766965,7316.341173341934
2020-09-21 15:00:00+00:00,7558.000000000002,7204.116432744807,7316.39716383054
2020-09-21 16:00:00+00:00,7644.000000000001,7292.879967855118,7419.5822106410815
2020-09-21 17:00:00+00:00,7594.0,7333.662127512777,7480.252123261388
2020-09-21 18:00:00+00:00,7207.0,7286.700522773341,7380.381729478215
2020-09-21 19:00:00+00:00,6618.999999999999,6851.74027099547,6961.865225796532
2020-09-21 20:00:00+00:00,6267.0,6345.115164146289,6450.99218813347
2020-09-21 21:00:00+00:00,5757.0,5987.537021876797,6064.45697556513
2020-09-21 22:00:00+00:00,5444.0,5586.209638075809,5646.380381495241
2020-09-21 23:00:00+00:00,5243.0,5317.685984004144,5329.468287364999
2020-09-22 00:00:00+00:00,5144.999999999999,5195.751364236686,5168.389891480354
2020-09-22 01:00:00+00:00,5041.0,5158.739229551589,5069.614410462071
2020-09-22 02:00:00+00:00,5139.0,5178.025428591334,5022.95229719401
2020-09-22 03:00:00+00:00,5631.0,5436.880659970507,5234.8367363096795
2020-09-22 04:00:00+00:00,6689.000000000001,6115.438304334239,5881.091443550311
2020-09-22 05:00:00+00:00,7431.000000000001,7164.188037317112,6862.906002916617
2020-09-22 06:00:00+00:00,7734.000000000001,7794.630668790546,7489.227387766283
2020-09-22 07:00:00+00:00,7763.0,7986.127759336395,7716.6007367586635
2020-09-22 08:00:00+00:00,7818.0,7982.212855197945,7757.436003838718
2020-09-22 09:00:00+00:00,7883.0,7998.5252521860475,7822.5155527093
2020-09-22 10:00:00+00:00,7675.000000000001,7954.917946457046,7820.294701112532
2020-09-22 11:00:00+00:00,7604.000000000001,7730.574899990064,7651.621165444789
2020-09-22 12:00:00+00:00,7590.000000000001,7603.087317918703,7591.029331456992
2020-09-22 13:00:00+00:00,7486.000000000001,7518.140328936395,7557.798631745859
2020-09-22 14:00:00+00:00,7443.000000000002,7378.011477102897,7470.394880809099
2020-09-22 15:00:00+00:00,7482.0,7308.368106858427,7445.640519160912
2020-09-22 16:00:00+00:00,7541.000000000001,7328.124974440444,7489.017053140596
2020-09-22 17:00:00+00:00,7536.000000000002,7387.762866859517,7526.001169636866
2020-09-22 18:00:00+00:00,7230.000000000001,7333.939367066209,7449.863515668339
2020-09-22 19:00:00+00:00,6656.000000000001,6951.566528496634,7063.983301438509
2020-09-22 20:00:00+00:00,6308.0,6429.771667089816,6541.406359093839
2020-09-22 21:00:00+00:00,5789.000000000002,6071.599658388648,6147.707774886333
2020-09-22 22:00:00+00:00,5561.0,5645.679075095657,5699.824052816508
2020-09-22 23:00:00+00:00,5290.0,5463.256447587078,5470.867423366506
2020-09-23 00:00:00+00:00,5198.0,5265.620902742375,5245.210128995299
2020-09-23 01:00:00+00:00,5125.0,5246.7317776260825,5152.322275015627
2020-09-23 02:00:00+00:00,5209.000000000001,5280.466807262351,5127.0212751627705
2020-09-23 03:00:00+00:00,5786.000000000001,5547.286463556771,5332.401415144422
2020-09-23 04:00:00+00:00,6834.000000000001,6286.274050853341,6028.231293991719
2020-09-23 05:00:00+00:00,7559.0,7300.22981090981,6991.603210915253
2020-09-23 06:00:00+00:00,7893.000000000001,7903.53419454662,7608.164839475378
2020-09-23 07:00:00+00:00,7950.000000000001,8214.36762015338,7865.963081383843
2020-09-23 08:00:00+00:00,7998.0,8271.503955785482,7929.018317397114
2020-09-23 09:00:00+00:00,8080.0,8307.50016015923,7986.015199977268
2020-09-23 10:00:00+00:00,7881.0,8296.723601538883,7993.067899589853
2020-09-23 11:00:00+00:00,7836.000000000001,8047.4313266298095,7825.615767962105
2020-09-23 12:00:00+00:00,7737.000000000001,7936.705197780231,7771.1621824939775
2020-09-23 13:00:00+00:00,7666.000000000001,7834.984002655399,7678.717083217757
2020-09-23 14:00:00+00:00,7612.000000000001,7689.168880014992,7619.273549644368
2020-09-23 15:00:00+00:00,7616.0,7591.466723315343,7589.123194233755
2020-09-23 16:00:00+00:00,7625.000000000001,7541.396617483709,7604.734209674635
2020-09-23 17:00:00+00:00,7562.000000000001,7509.490497780576,7609.587398813996
2020-09-23 18:00:00+00:00,7193.0,7369.095042773133,7479.2298786987585
2020-09-23 19:00:00+00:00,6618.000000000001,6938.95848311561,7045.886718976094
2020-09-23 20:00:00+00:00,6246.0,6424.099049203051,6519.482214148069
2020-09-23 21:00:00+00:00,5739.000000000001,6029.164257877872,6108.435170953886
2020-09-23 22:00:00+00:00,5544.0,5614.212364922161,5673.634625119762
2020-09-23 23:00:00+00:00,5259.0,5457.455118627433,5458.827019538879
2020-09-24 00:00:00+00:00,5184.0,5287.755566388084,5224.716401517328
2020-09-24 01:00:00+00:00,5100.0,5240.138428659586,5146.279548822093
2020-09-24 02:00:00+00:00,5204.0,5269.975005785444,5108.624592613124
2020-09-24 03:00:00+00:00,5794.000000000001,5539.4417224656245,5341.540031593812
2020-09-24 04:00:00+00:00,6823.000000000001,6288.2324979155255,6052.130522962928
2020-09-24 05:00:00+00:00,7589.0,7288.5593440645325,7007.991636697939
2020-09-24 06:00:00+00:00,7869.000000000002,7904.597014105028,7657.4465266871875
2020-09-24 07:00:00+00:00,7882.000000000001,8128.639115195715,7877.841051413805
2020-09-24 08:00:00+00:00,7921.000000000002,8132.894962640072,7909.3733801924545
2020-09-24 09:00:00+00:00,7999.000000000001,8142.981307816593,7962.807545755268
2020-09-24 10:00:00+00:00,7796.0,8087.706918374424,7965.976406667915
2020-09-24 11:00:00+00:00,7794.0,7856.96929366586,7801.908905239417
2020-09-24 12:00:00+00:00,7723.0,7790.84083823482,7785.536265972128
2020-09-24 13:00:00+00:00,7597.0,7649.350316817649,7702.620831503117
2020-09-24 14:00:00+00:00,7532.000000000001,7480.979485309076,7595.09219656789
2020-09-24 15:00:00+00:00,7571.000000000001,7384.398327378633,7546.990287777697
2020-09-24 16:00:00+00:00,7597.0,7409.514553953244,7575.949857634659
2020-09-24 17:00:00+00:00,7577.000000000002,7432.459923524806,7588.08607799014
2020-09-24 18:00:00+00:00,7203.000000000002,7338.893745321239,7485.356954636152
2020-09-24 19:00:00+00:00,6617.0,6907.850223929436,7045.476711931026
2020-09-24 20:00:00+00:00,6294.000000000002,6380.030346423342,6511.554585613921
2020-09-24 21:00:00+00:00,5885.0,6038.027280209885,6146.631482120525
2020-09-24 22:00:00+00:00,5505.0,5686.967642375947,5776.86301186394
2020-09-24 23:00:00+00:00,5258.0,5368.205647793631,5423.351859340345
2020-09-25 00:00:00+00:00,5199.0,5209.09843170532,5214.893938722155
2020-09-25 01:00:00+00:00,5114.999999999999,5207.487381687521,5147.589558338509
2020-09-25 02:00:00+00:00,5234.0,5230.441371185784,5114.448263398319
2020-09-25 03:00:00+00:00,5782.0,5516.17881805172,5356.995123559745
2020-09-25 04:00:00+00:00,6829.000000000002,6202.225768831146,6042.228104473739
2020-09-25 05:00:00+00:00,7563.000000000001,7273.542511378545,7014.045363319071
2020-09-25 06:00:00+00:00,7860.000000000001,7966.84225653186,7633.665975174104
2020-09-25 07:00:00+00:00,7888.000000000002,8221.386461740136,7854.053198709586
2020-09-25 08:00:00+00:00,7971.0,8272.779607072796,7888.966338310857
2020-09-25 09:00:00+00:00,7993.0,8311.389691685985,7961.714442715005
2020-09-25 10:00:00+00:00,7732.000000000001,8264.990444986099,7907.267035992329
2020-09-25 11:00:00+00:00,7531.0,7992.747997399883,7680.704118219408
2020-09-25 12:00:00+00:00,7452.0,7763.593546382999,7499.173132302575
2020-09-25 13:00:00+00:00,7324.0,7633.407364306609,7417.522871759738
2020-09-25 14:00:00+00:00,7298.000000000001,7492.235152995494,7313.243199091532
2020-09-25 15:00:00+00:00,7344.000000000001,7425.32836638881,7312.802491380334
2020-09-25 16:00:00+00:00,7436.0,7424.536906215179,7362.527587144024
2020-09-25 17:00:00+00:00,7374.000000000001,7450.944424325322,7429.638906174712
2020-09-25 18:00:00+00:00,6968.000000000002,7315.976294034409,7299.604349108518
2020-09-25 19:00:00+00:00,6416.999999999999,6851.1745225545465,6845.490391951263
2020-09-25 20:00:00+00:00,6128.0,6344.306447862844,6349.974020220821
2020-09-25 21:00:00+00:00,5707.0,6033.828993524381,6012.096633348755
2020-09-25 22:00:00+00:00,5402.0,5644.531063059863,5601.073355053206
2020-09-25 23:00:00+00:00,5037.0,5370.155649563983,5283.875530041496
2020-09-26 00:00:00+00:00,4903.0,4967.8102397462835,4984.454689672303
2020-09-26 01:00:00+00:00,4761.0,4876.244574855031,4852.596262508856
2020-09-26 02:00:00+00:00,4876.0,4833.1198655959215,4755.583260522344
2020-09-26 03:00:00+00:00,5112.0,5059.483900845258,4927.389783843361
2020-09-26 04:00:00+00:00,5435.0,5445.178439248474,5255.555822755102
2020-09-26 05:00:00+00:00,5909.000000000002,5872.473340669725,5637.5752004124515
2020-09-26 06:00:00+00:00,6311.0,6351.716194137355,6083.841712511059
2020-09-26 07:00:00+00:00,6564.000000000002,6715.706841759084,6419.46688497577
2020-09-26 08:00:00+00:00,6717.000000000002,6939.849862986472,6627.012513817041
2020-09-26 09:00:00+00:00,6800.0,7045.598658612465,6746.0316930057215
2020-09-26 10:00:00+00:00,6588.000000000001,7010.774664577628,6742.257455732488
2020-09-26 11:00:00+00:00,6429.0,6765.374836307885,6549.429826884453
2020-09-26 12:00:00+00:00,6179.000000000001,6551.021090948217,6398.8758697073745
2020-09-26 13:00:00+00:00,6165.000000000001,6301.492084956476,6196.78896684932
2020-09-26 14:00:00+00:00,6195.000000000001,6213.169643153549,6180.198648143587
2020-09-26 15:00:00+00:00,6293.000000000001,6194.9581742213195,6230.5357682104805
2020-09-26 16:00:00+00:00,6421.000000000001,6202.156821953823,6328.003507946229
2020-09-26 17:00:00+00:00,6449.000000000001,6316.668722865138,6428.260001272
2020-09-26 18:00:00+00:00,6206.000000000001,6250.273562732035,6399.354281247921
2020-09-26 19:00:00+00:00,5794.000000000001,5941.315509577527,6098.390739269448
2020-09-26 20:00:00+00:00,5648.0,5566.752395983607,5740.30469972408
2020-09-26 21:00:00+00:00,5245.0,5368.896011849924,5521.381844691019
2020-09-26 22:00:00+00:00,4981.0,5025.718765294558,5143.011630655417
2020-09-26 23:00:00+00:00,4663.0,4804.006519544855,4865.0917083312015
2020-09-27 00:00:00+00:00,4623.0,4614.978855982583,4605.873237491147
2020-09-27 01:00:00+00:00,4546.0,4608.447941870851,4552.482253243386
2020-09-27 02:00:00+00:00,4537.0,4654.2175710392685,4503.5780102408135
2020-09-27 03:00:00+00:00,4670.0,4772.157327689266,4541.956904463069
2020-09-27 04:00:00+00:00,4869.0,5011.989147055235,4704.310321378291
2020-09-27 05:00:00+00:00,5206.0,5308.108260334969,4933.434906463547
2020-09-27 06:00:00+00:00,5444.0,5588.92337390068,5270.707155285676
2020-09-27 07:00:00+00:00,5656.0,5751.590827957915,5506.299414462617
2020-09-27 08:00:00+00:00,5871.000000000002,5900.918474486391,5714.569342137536
2020-09-27 09:00:00+00:00,5999.000000000002,6044.689336203632,5906.182407954457
2020-09-27 10:00:00+00:00,5771.0,6044.613040221669,5941.859744355041
2020-09-27 11:00:00+00:00,5636.0,5784.762681766449,5725.55147403172
2020-09-27 12:00:00+00:00,5475.0,5618.644729047415,5596.025473379408
2020-09-27 13:00:00+00:00,5492.0,5425.841753550857,5479.474628984556
2020-09-27 14:00:00+00:00,5592.0,5405.628989465892,5512.310872813219
2020-09-27 15:00:00+00:00,5814.0,5466.241330209279,5624.311043209675
2020-09-27 16:00:00+00:00,6112.0,5666.95058536657,5858.60863657247
2020-09-27 17:00:00+00:00,6257.0,5976.171645404808,6113.316555943925
2020-09-27 18:00:00+00:00,6086.000000000001,6048.842639970924,6183.918565226015
2020-09-27 19:00:00+00:00,5694.999999999999,5817.854300103968,5954.311621790665
2020-09-27 20:00:00+00:00,5633.0,5484.7768532602195,5638.737899452764
2020-09-27 21:00:00+00:00,5376.0,5360.473597054252,5489.78287616977
2020-09-27 22:00:00+00:00,5131.0,5149.778949351958,5258.625832291318
2020-09-27 23:00:00+00:00,4884.0,4940.70756663245,5006.486134842003
2020-09-28 00:00:00+00:00,4845.0,4931.233827710697,4807.289805218008
2020-09-28 01:00:00+00:00,4788.0,4913.547308282056,4756.444397244333
2020-09-28 02:00:00+00:00,4967.0,4965.683752952516,4745.954165128537
2020-09-28 03:00:00+00:00,5621.0,5291.189204859177,5015.47164166859
2020-09-28 04:00:00+00:00,6853.000000000001,6029.9146025883565,5734.414156150927
2020-09-28 05:00:00+00:00,7726.000000000001,7180.820033746821,6815.478278379531
2020-09-28 06:00:00+00:00,8056.0,7964.2736246406575,7544.182328438431
2020-09-28 07:00:00+00:00,8119.000000000001,8257.994566093928,7813.630882707939
2020-09-28 08:00:00+00:00,8214.0,8324.919982423417,7888.541348497842
2020-09-28 09:00:00+00:00,8298.0,8407.559747570895,7983.346373667524
2020-09-28 10:00:00+00:00,8080.0,8387.097744796149,7991.988662744701
2020-09-28 11:00:00+00:00,8004.0,8144.083206570357,7813.915159460856
2020-09-28 12:00:00+00:00,7899.000000000002,7991.324777711521,7729.3276111544765
2020-09-28 13:00:00+00:00,7821.0,7840.199437050512,7642.1302411489705
2020-09-28 14:00:00+00:00,7767.000000000001,7710.855956606494,7586.465087355056
2020-09-28 15:00:00+00:00,7809.000000000002,7624.50612309439,7582.411957034676
2020-09-28 16:00:00+00:00,7901.999999999999,7628.916946567751,7653.314465039484
2020-09-28 17:00:00+00:00,7825.000000000001,7650.264086402233,7722.968521340563
2020-09-28 18:00:00+00:00,7359.0,7480.227708659556,7576.4155346995985
2020-09-28 19:00:00+00:00,6759.0,6971.977886555501,7086.997933203134
2020-09-28 20:00:00+00:00,6400.000000000001,6444.123301218915,6571.048162800524
2020-09-28 21:00:00+00:00,5869.0,6084.67415434364,6185.983012230483
2020-09-28 22:00:00+00:00,5600.0,5634.171797366156,5714.570122634845
2020-09-28 23:00:00+00:00,5363.0,5416.475215049689,5457.986152075611
2020-09-29 00:00:00+00:00,5273.0,5278.901943075667,5261.267832968649
2020-09-29 01:00:00+00:00,5192.0,5244.543074025313,5170.078868350785
2020-09-29 02:00:00+00:00,5303.0,5269.6897229954175,5143.693433198714
2020-09-29 03:00:00+00:00,5836.0,5545.894567939518,5373.101904755516
2020-09-29 04:00:00+00:00,6864.000000000001,6264.92473729266,6069.534229176371
2020-09-29 05:00:00+00:00,7645.000000000002,7297.354737180132,7039.696916796891
2020-09-29 06:00:00+00:00,7938.0,8008.810802484266,7699.4668809957275
2020-09-29 07:00:00+00:00,7961.000000000001,8258.966466458638,7925.482453272282
2020-09-29 08:00:00+00:00,8031.0,8292.239992335986,7960.557325000147
2020-09-29 09:00:00+00:00,8093.000000000002,8348.606033228714,8031.348148595545
2020-09-29 10:00:00+00:00,7892.0,8314.079837424097,8018.901524122337
2020-09-29 11:00:00+00:00,7830.999999999999,8110.026253713742,7851.147018081992
2020-09-29 12:00:00+00:00,7714.0,7993.274790265483,7795.499603364006
2020-09-29 13:00:00+00:00,7662.0,7804.480667757932,7682.788514098364
2020-09-29 14:00:00+00:00,7617.000000000001,7658.818872549656,7631.858476774724
2020-09-29 15:00:00+00:00,7654.0,7612.548867949218,7609.712978983329
2020-09-29 16:00:00+00:00,7734.000000000001,7601.892283586922,7655.728386425992
2020-09-29 17:00:00+00:00,7746.000000000002,7612.106433752837,7707.689708024709
2020-09-29 18:00:00+00:00,7259.000000000001,7501.465100300349,7620.112847176489
2020-09-29 19:00:00+00:00,6643.000000000001,6972.231969900127,7101.998328729349
2020-09-29 20:00:00+00:00,6320.000000000001,6412.82344113432,6552.37002376835
2020-09-29 21:00:00+00:00,5856.000000000001,6055.645866110195,6171.0616872520895
2020-09-29 22:00:00+00:00,5595.0,5666.77144622168,5763.973048140238
2020-09-29 23:00:00+00:00,5324.0,5449.130312501011,5500.0284822426565
2020-09-30 00:00:00+00:00,5228.0,5276.75698026756,5275.567015974652
2020-09-30 01:00:00+00:00,5141.0,5244.956595870402,5184.2640766431105
2020-09-30 02:00:00+00:00,5270.0,5268.552451580605,5145.455744327901
2020-09-30 03:00:00+00:00,5839.0,5563.469505922333,5395.799168114227
2020-09-30 04:00:00+00:00,6848.000000000002,6297.424812140819,6101.182938740262
2020-09-30 05:00:00+00:00,7614.000000000001,7307.605047553985,7046.990802844792
2020-09-30 06:00:00+00:00,7901.999999999999,7999.46442106785,7699.101183225719
2020-09-30 07:00:00+00:00,7931.000000000001,8229.210532501651,7923.988753199558
2020-09-30 08:00:00+00:00,7987.0,8285.713207067656,7960.195773956462
2020-09-30 09:00:00+00:00,8051.000000000001,8295.301601592084,8022.423046314661
2020-09-30 10:00:00+00:00,7873.0,8244.205370744769,8014.551502769666
2020-09-30 11:00:00+00:00,7808.000000000001,8004.536467569637,7870.050968036964
2020-09-30 12:00:00+00:00,7699.999999999999,7879.350734898926,7793.629984990486
2020-09-30 13:00:00+00:00,7635.0,7705.056064553232,7696.108843927254
2020-09-30 14:00:00+00:00,7586.0,7578.8694402,7634.126476822095
2020-09-30 15:00:00+00:00,7622.0,7493.994697693646,7601.699056727975
2020-09-30 16:00:00+00:00,7714.0,7497.795729882016,7636.042118512688
2020-09-30 17:00:00+00:00,7710.999999999999,7582.0930327961905,7692.0518956315655
2020-09-30 18:00:00+00:00,7245.0,7494.25288468831,7579.299924049166
2020-09-30 19:00:00+00:00,6661.0,6981.314754723973,7075.222788189833
2020-09-30 20:00:00+00:00,6336.0,6448.876810902371,6547.095514030661
2020-09-30 21:00:00+00:00,5932.0,6103.175011250674,6171.8109277174735
2020-09-30 22:00:00+00:00,5628.000000000001,5773.367099255732,5816.038374887502
2020-09-30 23:00:00+00:00,5395.0,5524.506384127554,5515.103665759999
